HospitalCode,TypeDescription,Age,ServiceSupport,AssetCondition,ServiceIntention,FrequencyMaintenanceRequirement,MaintenanceComplexity,TotalDowntime,AlternativeBackup,Operations,MaintenanceCost,Make,Model,Manufacturer,Brand,PurchaseDate,MonthsToFailure,FailureClass
PRK350,Ventilator,23,1,0,3,1,1,48.77,1,2,24464.07,USA,Carestation 650 #986,Datex-Ohmeda Inc,Carestation,2018-03-13,4,2
PRK300,Infusion Pump,20,1,0,2,1,1,0.0,1,2,0.0,Germany,Infusomat Space #805,B. Braun Melsungen AG,Infusomat,2017-06-12,,1
PRK350,Defibrillator,1,0,0,3,1,1,0.0,1,2,0.0,USA,Lifepak 20e #757,Physio-Control Inc,Lifepak,2001-08-04,,1
PRK333,Physiologic Monitoring System,9,0,0,1,1,1,115.87,1,2,7187.28,Japan,Life Scope #806,Nihon Kohden Corp,Nihon Kohden,2004-08-20,37,2
PRK340,Infusion Pump,18,1,0,2,1,1,11.8,0,2,33213.29,USA,Sigma Spectrum #710,Baxter Healthcare Corp,Sigma,2013-07-08,21,2
PRK340,Sphygmomanometers,7,1,0,1,1,1,32.89,0,2,365.4,USA,DS66 #722,Welch Allyn Inc,Welch Allyn,1999-12-21,25,3
PRK300,Physiologic Monitoring System,10,1,0,1,1,1,0.0,0,2,0.0,USA,CARESCAPE #166,GE Healthcare,GE,1995-06-13,,1
PRK319,Ventilator,5,1,0,3,1,1,0.0,1,2,0.0,USA,Carestation 650 #658,Datex-Ohmeda Inc,Carestation,2010-07-07,,1
PRK342,Infusion Pump,8,1,0,2,1,1,0.0,1,2,0.0,Ireland,Alaris GP #489,Medtronic,Alaris,2006-06-12,,1
PRK330,Infusion Pump,6,1,0,2,1,1,2634.12,0,2,1567.89,Germany,Infusomat Space #477,B. Braun Melsungen AG,Infusomat,2010-09-07,27,3
PRK340,Infusion Pump,1,1,0,2,1,1,41.48,0,2,122.51,Ireland,Alaris GP #784,Medtronic,Alaris,2004-06-28,53,2
PRK360,Sphygmomanometers,30,1,0,1,1,1,97.6,0,2,8.49,Malaysia,MV-BP100 #740,Med-Vantage Sdn Bhd,MedVantage,2019-04-11,2,3
PRK300,Physiologic Monitoring System,13,1,0,1,1,1,452.72,0,2,430.18,Japan,Life Scope #572,Nihon Kohden Corp,Nihon Kohden,2004-10-28,29,3
PRK330,Ventilator,20,1,1,3,2,1,52.19,1,2,174235.62,USA,Smartvent 7900 #867,Datex-Ohmeda Inc,Smartvent,2011-08-23,8,3
PRK320,Infusion Pump,16,1,0,2,1,1,65.06,0,2,9.32,Ireland,Alaris GP #9,Medtronic,Alaris,2007-01-14,7,3
PRK310,Infusion Pump,3,1,0,2,2,1,163.48,0,2,4918.62,USA,Sigma Spectrum #756,Baxter Healthcare Corp,Sigma,2004-05-17,33,2
PRK360,Physiologic Monitoring System,11,1,0,1,1,1,16.16,1,2,374.08,Japan,Life Scope #840,Nihon Kohden Corp,Nihon Kohden,2010-01-14,42,2
PRK360,Infusion Pump,8,1,0,2,1,1,0.0,0,2,0.0,Ireland,Alaris GP #255,Medtronic,Alaris,2008-07-30,,1
PRK319,Ventilator,11,1,0,3,1,1,12.68,0,1,96.19,Germany,Evita V500 #370,Drager Medical AG & Co KGaA,Evita,2006-06-19,33,3
PRK360,Physiologic Monitoring System,12,1,1,1,1,1,0.0,0,2,0.0,Netherlands,IntelliVue #203,Koninklijke Philips N.V.,Philips,2001-04-28,,1
PRK300,Physiologic Monitoring System,4,0,0,1,1,1,2602.06,0,2,350.39,USA,CARESCAPE #257,GE Healthcare,GE,2002-04-18,44,2
PRK360,Infusion Pump,10,0,1,2,1,1,42.1,0,2,2691.5,Ireland,Alaris GP #565,Medtronic,Alaris,2013-08-02,34,2
PRK358,Sphygmomanometers,16,1,0,1,1,1,81.38,0,1,108093.5,USA,DS66 #709,Welch Allyn Inc,Welch Allyn,2011-04-23,27,2
PRK319,Defibrillator,18,1,0,3,1,1,0.47,0,2,1140.72,Netherlands,HeartStart XL #395,Koninklijke Philips N.V.,HeartStart,2003-11-06,17,3
PRK341,Ventilator,4,1,0,3,1,1,120.68,0,1,0.0,Germany,Evita V500 #450,Drager Medical AG & Co KGaA,Evita,2012-04-12,14,2
PRK350,Infusion Pump,9,1,0,2,1,1,1913.64,0,2,0.0,Ireland,Alaris GP #347,Medtronic,Alaris,2011-09-08,40,3
PRK319,Infusion Pump,7,1,0,2,1,1,11.85,0,2,152.67,Ireland,Alaris GP #101,Medtronic,Alaris,2004-02-04,40,2
PRK320,Infusion Pump,14,1,0,2,1,1,384.2,1,2,231.7,Ireland,Alaris GP #935,Medtronic,Alaris,2006-07-21,22,2
PRK341,Infusion Pump,3,1,0,2,2,1,17.89,0,2,139.07,USA,Sigma Spectrum #288,Baxter Healthcare Corp,Sigma,2002-06-09,26,2
PRK311,Physiologic Monitoring System,6,0,0,1,2,1,2.77,0,2,5972.41,Japan,Life Scope #737,Nihon Kohden Corp,Nihon Kohden,2012-01-08,16,2
PRK311,Physiologic Monitoring System,2,0,0,1,1,1,24.84,1,2,4978.7,USA,CARESCAPE #822,GE Healthcare,GE,1999-11-19,55,2
PRK319,Sphygmomanometers,7,1,0,1,1,1,15.96,0,2,447.4,Malaysia,MV-BP100 #501,Med-Vantage Sdn Bhd,MedVantage,2017-04-05,40,2
PRK342,Infusion Pump,13,1,1,2,1,1,67.19,0,2,23.21,USA,Sigma Spectrum #457,Baxter Healthcare Corp,Sigma,2005-03-23,27,3
PRK320,Infusion Pump,7,1,0,2,1,1,31.66,1,2,86.2,USA,Sigma Spectrum #344,Baxter Healthcare Corp,Sigma,2007-09-24,24,2
PRK333,Infusion Pump,5,0,0,2,1,1,0.0,0,1,0.0,Germany,Infusomat Space #760,B. Braun Melsungen AG,Infusomat,2008-07-05,,1
PRK312,Infusion Pump,15,1,0,2,1,1,0.0,0,2,0.0,Ireland,Alaris GP #264,Medtronic,Alaris,2012-06-06,,1
PRK312,Infusion Pump,6,0,0,2,1,1,451.41,0,2,0.63,Ireland,Alaris GP #152,Medtronic,Alaris,2005-05-23,44,2
PRK341,Infusion Pump,3,0,0,2,1,1,175.74,0,2,1173.08,Ireland,Alaris GP #995,Medtronic,Alaris,2014-11-21,34,2
PRK310,Infusion Pump,15,1,0,2,1,1,75.23,0,2,3163.81,Ireland,Alaris GP #543,Medtronic,Alaris,2000-12-26,5,3
PRK341,Physiologic Monitoring System,26,1,1,1,1,1,47.49,0,2,3345.46,Netherlands,IntelliVue #297,Koninklijke Philips N.V.,Philips,2011-10-04,8,2
PRK326,Infusion Pump,15,1,0,2,1,1,156.64,0,2,3472.72,Germany,Infusomat Space #18,B. Braun Melsungen AG,Infusomat,2008-09-02,12,3
PRK341,Ventilator,7,0,0,3,1,1,20.27,1,2,7661.87,USA,Carestation 650 #845,Datex-Ohmeda Inc,Carestation,2008-10-18,15,2
PRK326,Physiologic Monitoring System,8,1,0,1,1,1,248.27,0,2,398.6,USA,CARESCAPE #203,GE Healthcare,GE,2010-05-18,29,3
PRK358,Infusion Pump,3,0,0,2,2,1,0.0,0,2,0.0,USA,Sigma Spectrum #132,Baxter Healthcare Corp,Sigma,2000-10-23,,1
PRK300,Ventilator,22,1,0,3,1,1,2.36,0,2,9.52,UK,Blease 8200p #100,Blease Medical Equipment Ltd,Blease,2004-02-27,20,2
PRK358,Ventilator,11,1,0,3,1,1,0.0,1,2,0.0,USA,Carestation 650 #764,Datex-Ohmeda Inc,Carestation,2010-03-05,,1
PRK319,Infusion Pump,7,1,0,2,1,1,0.0,0,2,0.0,Ireland,Alaris GP #840,Medtronic,Alaris,2011-03-15,,1
PRK300,Infusion Pump,8,1,0,2,1,1,0.0,0,2,0.0,USA,Sigma Spectrum #492,Baxter Healthcare Corp,Sigma,2017-06-04,,1
PRK340,Physiologic Monitoring System,7,0,0,1,1,1,8.43,0,2,64.81,USA,CARESCAPE #664,GE Healthcare,GE,2014-02-18,9,2
PRK319,Infusion Pump,5,0,0,2,1,1,159.76,0,2,151.96,Ireland,Alaris GP #452,Medtronic,Alaris,2009-08-18,47,2
PRK330,Infusion Pump,24,1,1,2,1,1,13.0,0,2,0.0,USA,Sigma Spectrum #333,Baxter Healthcare Corp,Sigma,2013-04-14,27,2
PRK350,Infusion Pump,6,0,0,2,1,1,666.59,1,2,517.94,Germany,Infusomat Space #808,B. Braun Melsungen AG,Infusomat,2019-11-27,20,3
PRK350,Ventilator,2,0,0,3,1,1,217.59,0,1,610.14,Germany,Evita V500 #982,Drager Medical AG & Co KGaA,Evita,2012-07-05,40,2
PRK341,Physiologic Monitoring System,17,1,0,1,1,1,87.87,0,1,1626.08,Netherlands,IntelliVue #55,Koninklijke Philips N.V.,Philips,2003-08-24,9,3
PRK360,Physiologic Monitoring System,20,1,0,1,1,1,971.54,0,2,0.0,Japan,Life Scope #606,Nihon Kohden Corp,Nihon Kohden,2006-10-15,21,2
PRK330,Ventilator,6,0,0,3,1,1,10.16,0,2,0.0,Germany,Evita V500 #9,Drager Medical AG & Co KGaA,Evita,2020-12-31,38,2
PRK300,Infusion Pump,21,0,0,2,1,1,69.0,0,2,10063.94,Ireland,Alaris GP #96,Medtronic,Alaris,2007-11-17,30,2
PRK358,Physiologic Monitoring System,4,1,0,1,1,1,0.0,1,2,1785.77,Japan,Life Scope #106,Nihon Kohden Corp,Nihon Kohden,2006-08-10,11,2
PRK319,Infusion Pump,14,1,0,2,1,1,0.0,0,2,0.0,Germany,Infusomat Space #354,B. Braun Melsungen AG,Infusomat,1992-03-06,,1
PRK312,Infusion Pump,13,1,2,2,1,1,5.1,0,2,15184.39,Germany,Infusomat Space #47,B. Braun Melsungen AG,Infusomat,2015-04-20,38,3
PRK300,Physiologic Monitoring System,19,1,2,1,2,1,280.88,0,2,32715.63,Japan,Life Scope #216,Nihon Kohden Corp,Nihon Kohden,2007-01-31,15,2
PRK320,Infusion Pump,8,1,0,2,2,1,527.98,0,2,19.87,Germany,Infusomat Space #930,B. Braun Melsungen AG,Infusomat,2005-01-22,43,2
PRK320,Physiologic Monitoring System,8,1,0,1,1,1,0.0,0,2,0.0,USA,CARESCAPE #305,GE Healthcare,GE,2009-01-23,,1
PRK319,Physiologic Monitoring System,28,1,1,1,1,1,3340.98,0,2,447.7,USA,CARESCAPE #119,GE Healthcare,GE,2011-10-13,3,2
PRK341,Physiologic Monitoring System,3,0,0,1,1,1,0.0,0,2,0.0,USA,CARESCAPE #392,GE Healthcare,GE,2009-04-11,,1
PRK342,Physiologic Monitoring System,7,0,0,1,1,1,6.44,1,2,220.04,Netherlands,IntelliVue #786,Koninklijke Philips N.V.,Philips,2005-08-10,40,3
PRK358,Physiologic Monitoring System,12,1,2,1,1,1,20.64,1,2,289.7,USA,CARESCAPE #722,GE Healthcare,GE,2020-08-14,32,2
PRK310,Infusion Pump,11,1,0,2,1,1,108.61,1,2,8045.49,USA,Sigma Spectrum #755,Baxter Healthcare Corp,Sigma,1999-12-26,13,2
PRK311,Infusion Pump,3,0,0,2,1,1,0.0,1,2,28.19,Ireland,Alaris GP #185,Medtronic,Alaris,2013-01-17,4,2
PRK341,Infusion Pump,8,1,0,2,1,1,227.6,0,2,1213.92,Germany,Infusomat Space #2,B. Braun Melsungen AG,Infusomat,2010-09-17,26,3
PRK310,Infusion Pump,8,1,0,2,1,1,0.0,0,2,0.0,Ireland,Alaris GP #267,Medtronic,Alaris,2004-07-13,,1
PRK320,Infusion Pump,6,1,0,2,1,1,412.28,0,2,11734.39,Ireland,Alaris GP #279,Medtronic,Alaris,2008-05-14,29,2
PRK341,Defibrillator,4,1,0,3,1,1,21.45,1,2,878.73,Netherlands,HeartStart XL #864,Koninklijke Philips N.V.,HeartStart,2003-11-24,10,2
PRK350,Infusion Pump,4,0,0,2,1,1,10262.85,0,2,5998.91,Germany,Infusomat Space #806,B. Braun Melsungen AG,Infusomat,2014-10-23,34,3
PRK319,Infusion Pump,3,0,0,2,1,1,377.49,0,1,859.92,Ireland,Alaris GP #833,Medtronic,Alaris,2008-05-19,15,2
PRK341,Infusion Pump,4,0,0,2,1,1,1.45,0,2,16.57,Germany,Infusomat Space #650,B. Braun Melsungen AG,Infusomat,2005-02-06,43,2
PRK341,Infusion Pump,10,1,0,2,1,1,0.0,0,2,0.0,Germany,Infusomat Space #629,B. Braun Melsungen AG,Infusomat,2011-03-19,,1
PRK358,Physiologic Monitoring System,27,1,1,1,1,1,14.0,0,2,36053.83,USA,CARESCAPE #774,GE Healthcare,GE,2018-07-26,10,3
PRK319,Physiologic Monitoring System,12,1,0,1,1,1,0.0,0,2,0.0,Netherlands,IntelliVue #898,Koninklijke Philips N.V.,Philips,2001-02-11,,1
PRK342,Ventilator,12,1,0,3,1,1,0.0,0,2,0.0,USA,Carestation 650 #829,Datex-Ohmeda Inc,Carestation,2014-02-09,,1
PRK342,Physiologic Monitoring System,8,1,1,1,1,1,0.95,1,2,0.0,Japan,Life Scope #288,Nihon Kohden Corp,Nihon Kohden,2013-01-24,44,3
PRK319,Infusion Pump,15,1,0,2,1,1,340.86,0,2,167.33,Germany,Infusomat Space #32,B. Braun Melsungen AG,Infusomat,2011-01-27,28,3
PRK341,Ventilator,22,1,2,3,1,1,0.31,0,2,33.22,Germany,Evita V500 #549,Drager Medical AG & Co KGaA,Evita,2014-06-17,10,2
PRK342,Infusion Pump,5,0,0,2,1,1,29.14,0,2,8886.18,USA,Sigma Spectrum #671,Baxter Healthcare Corp,Sigma,2013-04-22,52,2
PRK319,Infusion Pump,2,0,0,2,1,1,236.39,0,2,7524.81,USA,Sigma Spectrum #44,Baxter Healthcare Corp,Sigma,2005-05-18,29,2
PRK330,Infusion Pump,11,1,0,2,1,1,0.0,0,2,0.0,USA,Sigma Spectrum #35,Baxter Healthcare Corp,Sigma,2004-10-24,,1
PRK330,Physiologic Monitoring System,6,0,0,1,1,1,0.0,0,2,0.0,Japan,Life Scope #883,Nihon Kohden Corp,Nihon Kohden,2018-10-12,,1
PRK342,Infusion Pump,6,1,0,2,1,1,113.28,0,2,196.48,Ireland,Alaris GP #927,Medtronic,Alaris,2006-06-12,4,2
PRK300,Infusion Pump,1,1,0,2,1,1,10.8,0,2,994.77,Germany,Infusomat Space #762,B. Braun Melsungen AG,Infusomat,2007-02-04,56,2
PRK333,Infusion Pump,3,0,0,2,1,1,0.0,0,2,0.0,Ireland,Alaris GP #427,Medtronic,Alaris,2016-09-16,,1
PRK312,Infusion Pump,7,0,0,2,1,1,1293.57,1,2,68.31,Germany,Infusomat Space #63,B. Braun Melsungen AG,Infusomat,2020-08-28,22,2
PRK341,Physiologic Monitoring System,7,1,0,1,1,1,87.01,0,2,7222.6,Japan,Life Scope #319,Nihon Kohden Corp,Nihon Kohden,1998-08-02,10,2
PRK342,Infusion Pump,7,1,0,2,1,1,0.0,0,1,0.0,Germany,Infusomat Space #916,B. Braun Melsungen AG,Infusomat,2000-05-24,,1
PRK333,Infusion Pump,7,1,0,2,1,1,0.0,0,2,0.0,USA,Sigma Spectrum #173,Baxter Healthcare Corp,Sigma,2013-02-22,,1
PRK340,Infusion Pump,13,1,0,2,1,1,0.0,0,2,0.0,Germany,Infusomat Space #442,B. Braun Melsungen AG,Infusomat,2015-01-15,,1
PRK319,Physiologic Monitoring System,2,1,0,1,2,1,0.0,1,2,0.0,Netherlands,IntelliVue #677,Koninklijke Philips N.V.,Philips,2018-08-23,,1
PRK319,Infusion Pump,11,1,0,2,1,1,112.36,0,2,1380.17,Ireland,Alaris GP #936,Medtronic,Alaris,2012-07-03,23,2
PRK342,Infusion Pump,7,0,1,2,1,1,0.0,0,2,0.0,Ireland,Alaris GP #819,Medtronic,Alaris,2012-10-30,,1
PRK311,Infusion Pump,12,1,0,2,1,1,164.17,0,2,2543.04,Ireland,Alaris GP #132,Medtronic,Alaris,1999-12-29,33,2
PRK342,Sphygmomanometers,21,1,0,1,1,1,0.0,1,2,0.0,USA,DS66 #109,Welch Allyn Inc,Welch Allyn,2005-03-17,,1
PRK341,Defibrillator,8,1,0,3,1,1,0.0,0,2,0.0,Netherlands,HeartStart XL #511,Koninklijke Philips N.V.,HeartStart,2017-11-13,,1
PRK358,Physiologic Monitoring System,5,1,0,1,1,1,307.28,1,2,2619.2,USA,CARESCAPE #981,GE Healthcare,GE,2009-08-13,16,3
PRK319,Infusion Pump,8,1,0,2,1,1,482.16,0,2,85.93,Ireland,Alaris GP #406,Medtronic,Alaris,2009-05-22,25,3
PRK333,Sphygmomanometers,7,0,0,1,1,1,171.87,0,2,4.98,Japan,HEM-907 #81,Omron Healthcare Co Ltd,Omron,2017-05-13,12,2
PRK300,Ventilator,17,1,0,3,1,1,89.69,0,2,58.45,UK,Blease 8200p #965,Blease Medical Equipment Ltd,Blease,2016-11-27,23,3
PRK358,Physiologic Monitoring System,30,1,1,1,1,1,17.93,0,2,0.0,USA,CARESCAPE #783,GE Healthcare,GE,2008-01-22,7,2
PRK342,Infusion Pump,29,1,0,2,1,1,40.57,0,2,8876.49,Germany,Infusomat Space #476,B. Braun Melsungen AG,Infusomat,2008-07-22,5,2
PRK341,Infusion Pump,1,1,0,2,2,1,341.18,0,2,727.02,Germany,Infusomat Space #69,B. Braun Melsungen AG,Infusomat,2013-10-31,20,2
PRK342,Infusion Pump,7,0,0,2,1,1,12.36,0,1,176.41,USA,Sigma Spectrum #244,Baxter Healthcare Corp,Sigma,2016-10-21,31,2
PRK319,Defibrillator,12,1,2,3,1,1,11.55,0,2,367.06,USA,Lifepak 20e #208,Physio-Control Inc,Lifepak,2009-03-21,29,2
PRK341,Infusion Pump,12,1,0,2,1,1,0.0,0,2,0.0,Germany,Infusomat Space #113,B. Braun Melsungen AG,Infusomat,2015-06-27,,1
PRK350,Infusion Pump,10,1,1,2,1,1,111.66,0,2,2361.83,USA,Sigma Spectrum #158,Baxter Healthcare Corp,Sigma,2007-07-07,42,2
PRK310,Infusion Pump,11,1,0,2,2,1,0.0,0,2,0.0,USA,Sigma Spectrum #319,Baxter Healthcare Corp,Sigma,2014-08-23,,1
PRK360,Physiologic Monitoring System,12,1,0,1,2,1,290.47,0,2,36902.04,Netherlands,IntelliVue #169,Koninklijke Philips N.V.,Philips,2008-12-13,21,3
PRK358,Infusion Pump,4,0,0,2,1,1,0.0,0,2,0.0,Ireland,Alaris GP #184,Medtronic,Alaris,2003-09-16,,1
PRK360,Defibrillator,15,1,0,3,1,1,916.28,0,2,3381.57,USA,Lifepak 20e #856,Physio-Control Inc,Lifepak,2016-03-01,16,2
PRK350,Physiologic Monitoring System,12,0,0,1,1,1,97.97,0,2,4.81,Japan,Life Scope #530,Nihon Kohden Corp,Nihon Kohden,2007-03-30,35,2
PRK319,Physiologic Monitoring System,4,0,0,1,1,1,201.72,0,2,1007.46,Japan,Life Scope #662,Nihon Kohden Corp,Nihon Kohden,2017-10-30,38,3
PRK341,Infusion Pump,5,1,0,2,1,1,0.0,0,2,0.0,Ireland,Alaris GP #470,Medtronic,Alaris,1997-08-25,,1
PRK311,Physiologic Monitoring System,8,1,0,1,1,1,142.99,0,2,155.99,Netherlands,IntelliVue #970,Koninklijke Philips N.V.,Philips,2011-05-03,35,2
PRK342,Physiologic Monitoring System,5,0,0,1,1,1,22.31,1,2,231.48,USA,CARESCAPE #770,GE Healthcare,GE,2013-02-05,2,2
PRK311,Physiologic Monitoring System,21,1,1,1,1,1,1.25,0,2,659.17,USA,CARESCAPE #223,GE Healthcare,GE,2010-05-04,10,2
PRK358,Infusion Pump,9,1,0,2,1,1,1506.53,0,1,174.11,Ireland,Alaris GP #167,Medtronic,Alaris,2012-07-19,37,2
PRK319,Infusion Pump,15,1,0,2,1,1,0.0,0,2,0.0,USA,Sigma Spectrum #190,Baxter Healthcare Corp,Sigma,2013-10-15,,1
PRK312,Infusion Pump,8,1,0,2,1,1,20.98,0,2,2966.91,USA,Sigma Spectrum #558,Baxter Healthcare Corp,Sigma,2005-12-14,47,3
PRK300,Infusion Pump,5,0,0,2,1,1,18.69,0,2,814.47,USA,Sigma Spectrum #165,Baxter Healthcare Corp,Sigma,2013-06-16,28,3
PRK342,Infusion Pump,11,1,0,2,1,1,0.0,0,2,0.0,Ireland,Alaris GP #262,Medtronic,Alaris,2015-04-20,,1
PRK312,Infusion Pump,10,1,0,2,1,1,138.31,0,2,658.05,USA,Sigma Spectrum #833,Baxter Healthcare Corp,Sigma,2017-07-18,37,2
PRK312,Infusion Pump,27,1,0,2,1,1,0.0,0,2,0.0,USA,Sigma Spectrum #717,Baxter Healthcare Corp,Sigma,2014-05-29,,1
PRK312,Physiologic Monitoring System,7,0,0,1,1,1,0.0,0,2,6492.33,Netherlands,IntelliVue #331,Koninklijke Philips N.V.,Philips,2009-02-18,43,3
PRK319,Infusion Pump,12,1,0,2,1,1,0.0,0,2,0.0,Ireland,Alaris GP #830,Medtronic,Alaris,2013-12-27,,1
PRK358,Defibrillator,3,1,0,3,2,1,86.52,1,2,120422.0,Netherlands,HeartStart XL #598,Koninklijke Philips N.V.,HeartStart,2018-07-15,26,2
PRK333,Physiologic Monitoring System,5,0,0,1,1,1,81.57,0,2,1895.29,USA,CARESCAPE #804,GE Healthcare,GE,2006-11-04,49,3
PRK319,Infusion Pump,9,1,0,2,1,1,0.0,0,2,0.0,Germany,Infusomat Space #347,B. Braun Melsungen AG,Infusomat,2014-03-14,,1
PRK312,Physiologic Monitoring System,4,1,0,1,1,1,6.56,1,1,321.25,Japan,Life Scope #563,Nihon Kohden Corp,Nihon Kohden,2007-11-19,21,3
PRK300,Infusion Pump,14,0,1,2,1,1,11.83,0,2,2377.56,USA,Sigma Spectrum #540,Baxter Healthcare Corp,Sigma,2008-06-08,13,2
PRK320,Sphygmomanometers,13,1,1,1,1,1,186.79,1,2,6931.99,USA,DS66 #270,Welch Allyn Inc,Welch Allyn,2012-03-02,28,2
PRK311,Infusion Pump,5,0,0,2,1,1,0.0,0,2,0.0,Ireland,Alaris GP #689,Medtronic,Alaris,2005-05-02,,1
PRK300,Ventilator,8,1,0,3,1,1,31.09,0,2,272.98,UK,Blease 8200p #328,Blease Medical Equipment Ltd,Blease,2020-12-18,33,2
PRK310,Infusion Pump,20,1,0,2,1,1,4187.55,0,2,8254.17,Ireland,Alaris GP #119,Medtronic,Alaris,2014-04-06,7,2
PRK319,Infusion Pump,11,1,0,2,1,1,6.85,0,2,0.0,Ireland,Alaris GP #690,Medtronic,Alaris,2011-07-21,36,2
PRK342,Infusion Pump,30,1,2,2,1,1,63.03,0,1,21.66,Germany,Infusomat Space #902,B. Braun Melsungen AG,Infusomat,2010-04-02,4,2
PRK300,Sphygmomanometers,8,1,0,1,1,1,95.66,0,2,0.0,USA,DS66 #871,Welch Allyn Inc,Welch Allyn,2017-04-05,40,2
PRK342,Physiologic Monitoring System,8,1,0,1,1,1,27.67,0,2,599.58,Japan,Life Scope #308,Nihon Kohden Corp,Nihon Kohden,2008-05-01,27,2
PRK341,Infusion Pump,9,1,0,2,1,1,17.28,0,2,0.0,USA,Sigma Spectrum #537,Baxter Healthcare Corp,Sigma,2010-07-12,38,2
PRK358,Infusion Pump,2,1,0,2,1,1,32.98,1,2,0.0,Ireland,Alaris GP #165,Medtronic,Alaris,2009-05-28,48,2
PRK312,Infusion Pump,8,1,0,2,1,1,1000.93,0,2,66.22,Germany,Infusomat Space #551,B. Braun Melsungen AG,Infusomat,1999-04-25,38,3
PRK350,Infusion Pump,8,1,0,2,1,1,28.7,0,2,0.0,USA,Sigma Spectrum #786,Baxter Healthcare Corp,Sigma,2011-09-28,34,2
PRK358,Infusion Pump,15,1,1,2,1,1,0.0,0,2,0.0,Germany,Infusomat Space #840,B. Braun Melsungen AG,Infusomat,2012-05-19,,1
PRK360,Infusion Pump,21,1,2,2,1,1,19.11,1,2,1180.31,Ireland,Alaris GP #995,Medtronic,Alaris,2013-04-24,13,3
PRK350,Ventilator,7,1,0,3,1,1,204.77,1,2,345.52,USA,Smartvent 7900 #705,Datex-Ohmeda Inc,Smartvent,2011-04-25,37,3
PRK311,Defibrillator,1,0,0,3,1,1,395.0,1,2,136.03,Netherlands,HeartStart XL #332,Koninklijke Philips N.V.,HeartStart,1997-04-27,23,2
PRK360,Infusion Pump,10,1,0,2,1,1,40.26,1,2,145.98,Germany,Infusomat Space #161,B. Braun Melsungen AG,Infusomat,2002-03-02,36,2
PRK350,Physiologic Monitoring System,4,0,0,1,1,1,195.11,0,2,26969.76,USA,CARESCAPE #411,GE Healthcare,GE,2013-09-30,13,2
PRK319,Infusion Pump,11,1,0,2,1,1,0.0,0,2,0.0,Germany,Infusomat Space #487,B. Braun Melsungen AG,Infusomat,2009-07-16,,1
PRK312,Physiologic Monitoring System,11,1,0,1,1,1,59.49,0,2,267.62,Japan,Life Scope #188,Nihon Kohden Corp,Nihon Kohden,2014-11-25,22,3
PRK358,Infusion Pump,5,0,0,2,1,1,123.69,1,2,10.35,USA,Sigma Spectrum #625,Baxter Healthcare Corp,Sigma,2016-02-23,31,2
PRK311,Physiologic Monitoring System,10,1,0,1,1,1,96.69,0,2,2020.79,Netherlands,IntelliVue #24,Koninklijke Philips N.V.,Philips,2013-10-19,28,2
PRK342,Physiologic Monitoring System,2,0,0,1,1,1,0.0,0,2,0.0,Netherlands,IntelliVue #185,Koninklijke Philips N.V.,Philips,1998-10-21,,1
PRK330,Physiologic Monitoring System,11,1,0,1,1,1,3.86,1,2,11.82,Netherlands,IntelliVue #134,Koninklijke Philips N.V.,Philips,2019-08-06,3,3
PRK342,Infusion Pump,16,1,1,2,1,1,5.91,1,2,126.0,Ireland,Alaris GP #231,Medtronic,Alaris,2009-04-18,2,2
PRK310,Defibrillator,13,1,0,3,1,1,2.43,1,2,106.99,USA,Lifepak 20e #955,Physio-Control Inc,Lifepak,2020-07-24,14,2
PRK342,Infusion Pump,6,1,0,2,1,1,0.0,0,2,0.0,Ireland,Alaris GP #971,Medtronic,Alaris,2013-05-05,,1
PRK333,Infusion Pump,16,1,0,2,1,1,0.0,0,2,0.0,USA,Sigma Spectrum #883,Baxter Healthcare Corp,Sigma,2014-04-29,,1
PRK358,Physiologic Monitoring System,14,1,2,1,1,1,28.92,0,2,625.63,Japan,Life Scope #967,Nihon Kohden Corp,Nihon Kohden,2003-03-04,28,2
PRK312,Infusion Pump,15,1,0,2,1,1,0.0,0,2,0.0,Ireland,Alaris GP #797,Medtronic,Alaris,2011-08-05,,1
PRK311,Ventilator,23,1,1,3,1,1,0.0,0,2,0.0,USA,Carestation 650 #264,Datex-Ohmeda Inc,Carestation,2005-11-07,,1
PRK312,Ventilator,12,1,2,3,1,1,475.51,0,2,603.34,USA,Smartvent 7900 #939,Datex-Ohmeda Inc,Smartvent,2000-03-05,21,2
PRK300,Infusion Pump,4,1,0,2,2,1,0.0,1,2,0.0,USA,Sigma Spectrum #964,Baxter Healthcare Corp,Sigma,2013-05-09,,1
PRK360,Sphygmomanometers,4,1,0,1,1,1,11.45,0,2,847.4,Malaysia,MV-BP100 #631,Med-Vantage Sdn Bhd,MedVantage,2021-02-14,40,3
PRK311,Infusion Pump,12,1,0,2,2,1,9.9,0,2,6.6,Ireland,Alaris GP #443,Medtronic,Alaris,2017-11-29,9,2
PRK312,Infusion Pump,8,1,0,2,1,1,0.0,1,2,0.0,USA,Sigma Spectrum #394,Baxter Healthcare Corp,Sigma,2015-08-08,,1
PRK350,Infusion Pump,7,0,0,2,1,1,0.0,0,2,0.0,USA,Sigma Spectrum #127,Baxter Healthcare Corp,Sigma,2007-01-08,,1
PRK319,Sphygmomanometers,14,1,0,1,1,1,16.02,0,2,2453.9,USA,DS66 #261,Welch Allyn Inc,Welch Allyn,2012-12-23,21,2
PRK319,Infusion Pump,3,0,0,2,1,1,115.78,0,2,5683.12,Ireland,Alaris GP #176,Medtronic,Alaris,2019-06-09,49,2
PRK341,Infusion Pump,14,1,0,2,1,1,42.92,0,2,2004.06,Ireland,Alaris GP #757,Medtronic,Alaris,1997-07-03,24,2
PRK326,Infusion Pump,8,1,0,2,1,1,5.16,0,2,3026.88,Ireland,Alaris GP #58,Medtronic,Alaris,2014-10-17,10,3
PRK358,Radiographic System,12,1,0,1,1,1,65.55,0,1,177.81,Japan,Aquilion #689,Canon Inc (Toshiba Medical),Canon,2004-11-13,32,2
PRK341,Defibrillator,3,1,0,3,1,1,68.92,0,2,4106.43,USA,Lifepak 20e #630,Physio-Control Inc,Lifepak,2011-02-22,41,2
PRK319,Physiologic Monitoring System,15,0,0,1,1,1,0.0,1,2,0.0,Netherlands,IntelliVue #488,Koninklijke Philips N.V.,Philips,2015-10-20,,1
PRK341,Defibrillator,18,1,0,3,2,1,0.0,0,1,0.0,Netherlands,HeartStart XL #197,Koninklijke Philips N.V.,HeartStart,2019-05-21,,1
PRK358,Defibrillator,30,1,1,3,1,1,0.0,1,2,0.0,Netherlands,HeartStart XL #622,Koninklijke Philips N.V.,HeartStart,1998-08-05,,1
PRK320,Infusion Pump,11,1,0,2,2,1,22.3,0,1,19325.57,Ireland,Alaris GP #540,Medtronic,Alaris,2001-01-23,29,2
PRK342,Infusion Pump,18,1,0,2,1,1,0.0,1,2,0.0,Germany,Infusomat Space #642,B. Braun Melsungen AG,Infusomat,2013-08-26,,1
PRK330,Physiologic Monitoring System,4,1,0,1,1,1,61.94,0,2,10521.85,Netherlands,IntelliVue #279,Koninklijke Philips N.V.,Philips,1994-05-31,35,2
PRK340,Physiologic Monitoring System,22,1,0,1,1,1,0.0,0,2,0.0,Netherlands,IntelliVue #441,Koninklijke Philips N.V.,Philips,2011-08-20,,1
PRK342,Infusion Pump,2,1,0,2,1,1,159.7,1,2,2893.41,Ireland,Alaris GP #580,Medtronic,Alaris,2014-11-15,2,2
PRK300,Infusion Pump,28,1,0,2,1,1,0.0,1,2,0.0,Ireland,Alaris GP #206,Medtronic,Alaris,2020-05-19,,1
PRK330,Physiologic Monitoring System,10,0,0,1,1,1,17.41,0,2,2.91,Japan,Life Scope #987,Nihon Kohden Corp,Nihon Kohden,2006-03-29,10,2
PRK310,Infusion Pump,3,0,0,2,1,1,2.96,0,2,4010.28,Ireland,Alaris GP #218,Medtronic,Alaris,2017-06-11,35,2
PRK342,Sphygmomanometers,7,1,0,1,1,1,30.27,0,2,873.39,USA,DS66 #125,Welch Allyn Inc,Welch Allyn,2014-03-11,41,3
PRK341,Infusion Pump,18,1,0,2,1,1,0.34,1,2,1102.45,Ireland,Alaris GP #128,Medtronic,Alaris,2005-07-05,11,3
PRK320,Infusion Pump,8,1,0,2,1,1,0.0,1,2,5219.68,Ireland,Alaris GP #45,Medtronic,Alaris,2009-08-02,31,2
PRK300,Ventilator,8,1,0,3,1,1,0.0,0,2,0.0,USA,Carestation 650 #131,Datex-Ohmeda Inc,Carestation,2019-08-04,,1
PRK358,Infusion Pump,17,0,0,2,1,1,22.46,0,2,706.28,Ireland,Alaris GP #856,Medtronic,Alaris,2011-09-16,5,2
PRK319,Infusion Pump,9,1,0,2,1,1,136.63,0,2,781.56,USA,Sigma Spectrum #397,Baxter Healthcare Corp,Sigma,2012-03-07,20,2
PRK319,Physiologic Monitoring System,21,1,0,1,2,1,52.55,0,1,0.0,Netherlands,IntelliVue #502,Koninklijke Philips N.V.,Philips,2014-04-18,13,2
PRK310,Defibrillator,6,1,0,3,1,1,122.18,0,2,4.73,USA,Lifepak 20e #221,Physio-Control Inc,Lifepak,2005-04-02,51,2
PRK341,Infusion Pump,2,0,0,2,1,1,0.0,0,2,0.0,Ireland,Alaris GP #592,Medtronic,Alaris,2011-11-03,,1
PRK319,Infusion Pump,9,0,0,2,1,1,0.0,1,2,0.0,Ireland,Alaris GP #47,Medtronic,Alaris,2011-02-12,,1
PRK358,Ventilator,10,1,2,3,1,1,161.2,0,2,33.08,USA,Carestation 650 #297,Datex-Ohmeda Inc,Carestation,2007-01-31,15,2
PRK342,Sphygmomanometers,6,0,0,1,1,1,20.67,0,2,0.0,Malaysia,MV-BP100 #342,Med-Vantage Sdn Bhd,MedVantage,2002-05-16,20,3
PRK300,Infusion Pump,11,1,1,2,1,1,80.42,0,2,9036.67,Ireland,Alaris GP #481,Medtronic,Alaris,2016-02-28,21,2
PRK340,Infusion Pump,2,1,0,2,1,1,125.35,0,2,69.92,Ireland,Alaris GP #131,Medtronic,Alaris,2012-07-11,58,2
PRK319,Infusion Pump,12,1,0,2,1,1,13.04,1,2,20435.96,Ireland,Alaris GP #490,Medtronic,Alaris,2007-12-31,35,3
PRK300,Infusion Pump,3,0,0,2,1,1,15.74,0,2,0.0,Ireland,Alaris GP #703,Medtronic,Alaris,2010-05-08,9,2
PRK341,Infusion Pump,3,1,0,2,3,1,58.02,0,2,6230.42,USA,Sigma Spectrum #970,Baxter Healthcare Corp,Sigma,2011-03-21,19,2
PRK319,Physiologic Monitoring System,10,1,0,1,1,1,22.95,0,2,0.0,USA,CARESCAPE #504,GE Healthcare,GE,2003-07-27,38,3
PRK358,Infusion Pump,2,1,0,2,1,1,1206.75,0,2,4471.41,Germany,Infusomat Space #772,B. Braun Melsungen AG,Infusomat,2016-02-14,11,2
PRK340,Infusion Pump,1,1,0,2,1,1,55.6,0,2,1123.76,USA,Sigma Spectrum #36,Baxter Healthcare Corp,Sigma,2016-08-26,53,2
PRK319,Physiologic Monitoring System,13,1,1,1,1,1,6.74,0,2,1159.99,Netherlands,IntelliVue #126,Koninklijke Philips N.V.,Philips,2006-04-16,15,2
PRK360,Physiologic Monitoring System,4,1,0,1,1,1,2327.72,0,2,61.84,USA,CARESCAPE #162,GE Healthcare,GE,2005-04-05,52,3
PRK340,Infusion Pump,14,1,1,2,1,1,0.0,0,2,0.0,Ireland,Alaris GP #143,Medtronic,Alaris,2012-09-23,,1
PRK312,Ventilator,7,0,0,3,1,1,51.06,1,2,110.04,Germany,Evita V500 #23,Drager Medical AG & Co KGaA,Evita,2009-01-14,19,3
PRK333,Physiologic Monitoring System,10,1,0,1,1,1,0.0,0,2,86.85,Japan,Life Scope #834,Nihon Kohden Corp,Nihon Kohden,2012-04-27,31,2
PRK360,Physiologic Monitoring System,18,1,0,1,1,1,95.07,1,2,13805.44,USA,CARESCAPE #256,GE Healthcare,GE,2003-12-20,21,2
PRK330,Infusion Pump,12,0,0,2,1,1,47.13,0,2,481266.58,USA,Sigma Spectrum #147,Baxter Healthcare Corp,Sigma,2017-02-11,10,2
PRK330,Infusion Pump,14,1,0,2,2,1,0.0,0,2,0.0,Germany,Infusomat Space #164,B. Braun Melsungen AG,Infusomat,2014-07-05,,1
PRK330,Sphygmomanometers,14,1,0,1,1,1,0.88,1,2,1766.03,USA,DS66 #952,Welch Allyn Inc,Welch Allyn,2018-04-13,10,2
PRK319,Infusion Pump,5,1,0,2,1,1,491.19,0,2,5828.76,USA,Sigma Spectrum #103,Baxter Healthcare Corp,Sigma,2007-09-17,31,2
PRK312,Infusion Pump,12,0,2,2,1,1,93.57,1,2,156.06,Germany,Infusomat Space #41,B. Braun Melsungen AG,Infusomat,2010-08-20,33,2
PRK341,Infusion Pump,4,1,0,2,1,1,38.02,0,2,86.97,Germany,Infusomat Space #200,B. Braun Melsungen AG,Infusomat,2003-01-15,55,2
PRK358,Physiologic Monitoring System,12,1,0,1,1,1,42.35,0,2,0.0,Netherlands,IntelliVue #684,Koninklijke Philips N.V.,Philips,2009-07-05,29,2
PRK342,Sphygmomanometers,7,0,0,1,1,1,94.8,0,2,691.96,Malaysia,MV-BP100 #686,Med-Vantage Sdn Bhd,MedVantage,2012-01-26,24,3
PRK310,Infusion Pump,8,1,0,2,1,1,171.17,0,2,2.0,Germany,Infusomat Space #182,B. Braun Melsungen AG,Infusomat,2010-06-15,23,3
PRK326,Defibrillator,26,1,0,3,1,1,0.0,0,2,0.0,USA,Lifepak 20e #23,Physio-Control Inc,Lifepak,2013-05-21,,1
PRK300,Infusion Pump,13,1,0,2,1,1,77.27,0,2,4236.16,USA,Sigma Spectrum #554,Baxter Healthcare Corp,Sigma,2003-01-12,19,2
PRK319,Physiologic Monitoring System,6,1,0,1,2,1,0.0,0,2,0.0,USA,CARESCAPE #176,GE Healthcare,GE,2016-01-10,,1
PRK341,Physiologic Monitoring System,2,0,0,1,1,1,22.15,0,2,365.21,USA,CARESCAPE #368,GE Healthcare,GE,2016-06-20,10,2
PRK319,Infusion Pump,10,1,0,2,1,1,0.0,1,2,0.0,Germany,Infusomat Space #538,B. Braun Melsungen AG,Infusomat,2000-07-19,,1
PRK358,Infusion Pump,2,1,0,2,1,1,13.66,0,2,1909.97,USA,Sigma Spectrum #861,Baxter Healthcare Corp,Sigma,2020-06-20,25,2
PRK333,Infusion Pump,28,1,0,2,1,1,5.23,1,2,112.22,Germany,Infusomat Space #311,B. Braun Melsungen AG,Infusomat,2008-11-12,3,3
PRK341,Sphygmomanometers,8,1,0,1,1,1,461.0,0,2,320.96,Malaysia,MV-BP100 #84,Med-Vantage Sdn Bhd,MedVantage,2010-04-29,20,2
PRK358,Physiologic Monitoring System,17,1,0,1,1,1,9.66,0,2,675.61,Japan,Life Scope #471,Nihon Kohden Corp,Nihon Kohden,2016-09-22,5,2
PRK342,Sphygmomanometers,3,1,0,1,1,1,0.0,0,1,0.0,USA,DS66 #331,Welch Allyn Inc,Welch Allyn,1997-10-10,,1
PRK358,Ventilator,13,1,0,3,1,1,0.0,1,2,0.0,USA,Carestation 650 #986,Datex-Ohmeda Inc,Carestation,2014-05-18,,1
PRK350,Infusion Pump,19,0,0,2,1,1,0.0,0,2,0.0,USA,Sigma Spectrum #286,Baxter Healthcare Corp,Sigma,1999-02-05,,1
PRK340,Ventilator,14,1,1,3,1,1,0.0,1,2,0.0,USA,Smartvent 7900 #270,Datex-Ohmeda Inc,Smartvent,2014-08-18,,1
PRK319,Infusion Pump,16,0,0,2,1,1,12.82,0,1,3880.05,USA,Sigma Spectrum #214,Baxter Healthcare Corp,Sigma,2013-02-20,8,3
PRK319,Infusion Pump,12,1,0,2,1,1,24.26,0,2,88.27,Germany,Infusomat Space #864,B. Braun Melsungen AG,Infusomat,2002-09-11,9,3
PRK358,Ventilator,7,0,0,3,1,1,39.76,1,2,137.62,USA,Carestation 650 #30,Datex-Ohmeda Inc,Carestation,2001-12-03,40,3
PRK300,Ventilator,4,1,0,3,1,1,667.6,1,2,19092.52,USA,Carestation 650 #8,Datex-Ohmeda Inc,Carestation,2006-01-13,42,3
PRK358,Infusion Pump,5,1,0,2,1,1,0.0,0,2,0.0,Germany,Infusomat Space #58,B. Braun Melsungen AG,Infusomat,2014-06-30,,1
PRK320,Infusion Pump,28,1,0,2,1,1,4.24,1,2,11.48,Ireland,Alaris GP #364,Medtronic,Alaris,2015-11-17,9,2
PRK342,Physiologic Monitoring System,11,1,0,1,1,1,0.0,0,1,0.0,Netherlands,IntelliVue #585,Koninklijke Philips N.V.,Philips,2002-07-29,,1
PRK320,Defibrillator,21,1,0,3,1,1,0.0,1,2,0.0,USA,Lifepak 20e #281,Physio-Control Inc,Lifepak,2002-10-21,,1
PRK360,Physiologic Monitoring System,6,0,0,1,1,1,0.0,0,2,0.0,USA,CARESCAPE #662,GE Healthcare,GE,2010-10-03,,1
PRK300,Infusion Pump,15,0,0,2,1,1,15432.5,0,2,472.01,USA,Sigma Spectrum #654,Baxter Healthcare Corp,Sigma,2005-08-10,19,2
PRK320,Infusion Pump,4,1,0,2,1,1,172.19,0,2,40.96,Germany,Infusomat Space #1,B. Braun Melsungen AG,Infusomat,2000-11-26,42,2
PRK358,Infusion Pump,8,1,0,2,1,1,66.93,1,2,205.38,Ireland,Alaris GP #977,Medtronic,Alaris,1998-10-22,13,3
PRK319,Physiologic Monitoring System,6,0,0,1,2,1,0.0,0,2,0.0,Japan,Life Scope #137,Nihon Kohden Corp,Nihon Kohden,2012-12-21,,1
PRK319,Defibrillator,26,1,0,3,1,1,11.32,0,2,15234.18,Netherlands,HeartStart XL #598,Koninklijke Philips N.V.,HeartStart,2016-07-22,14,2
PRK358,Infusion Pump,5,0,0,2,1,1,22.78,0,2,0.0,Ireland,Alaris GP #225,Medtronic,Alaris,2007-08-13,12,2
PRK358,Infusion Pump,14,1,1,2,1,1,62.67,0,1,893.72,Germany,Infusomat Space #515,B. Braun Melsungen AG,Infusomat,2017-05-05,36,2
PRK310,Infusion Pump,12,1,0,2,2,1,135.46,0,2,1742.3,Germany,Infusomat Space #320,B. Braun Melsungen AG,Infusomat,2000-09-17,11,2
PRK341,Physiologic Monitoring System,3,1,0,1,2,1,0.0,0,2,0.0,Japan,Life Scope #717,Nihon Kohden Corp,Nihon Kohden,2006-12-28,,1
PRK319,Ventilator,21,1,1,3,1,1,0.0,0,2,606.09,UK,Blease 8200p #905,Blease Medical Equipment Ltd,Blease,2015-04-03,14,2
PRK319,Infusion Pump,22,1,1,2,1,1,0.0,0,2,0.0,Ireland,Alaris GP #6,Medtronic,Alaris,2018-05-18,,1
PRK341,Infusion Pump,11,1,0,2,1,1,103.04,0,2,272.59,Germany,Infusomat Space #824,B. Braun Melsungen AG,Infusomat,2010-02-14,31,2
PRK311,Physiologic Monitoring System,9,0,0,1,1,1,0.0,0,2,0.0,Netherlands,IntelliVue #758,Koninklijke Philips N.V.,Philips,2018-07-13,,1
PRK333,Infusion Pump,2,0,0,2,1,1,53.6,1,2,165.7,Ireland,Alaris GP #555,Medtronic,Alaris,2015-01-12,33,2
PRK319,Ventilator,3,1,0,3,1,1,33.88,0,2,16230.92,USA,Smartvent 7900 #102,Datex-Ohmeda Inc,Smartvent,2016-08-04,29,2
PRK358,Infusion Pump,7,1,0,2,1,1,0.0,0,2,0.0,Ireland,Alaris GP #698,Medtronic,Alaris,2010-01-26,,1
PRK340,Infusion Pump,4,0,0,2,2,1,3.92,0,2,6409.47,Germany,Infusomat Space #924,B. Braun Melsungen AG,Infusomat,2009-06-15,15,2
PRK319,Defibrillator,17,1,0,3,1,1,0.0,0,2,21601.55,USA,Lifepak 20e #675,Physio-Control Inc,Lifepak,2010-09-06,15,2
PRK358,Infusion Pump,3,0,0,2,2,1,0.0,0,2,0.0,Ireland,Alaris GP #901,Medtronic,Alaris,2015-03-24,,1
PRK358,Infusion Pump,2,1,0,2,1,1,334.4,1,2,408.48,USA,Sigma Spectrum #968,Baxter Healthcare Corp,Sigma,2002-08-03,20,2
PRK319,Infusion Pump,13,1,0,2,1,1,6.78,0,2,91.97,Germany,Infusomat Space #370,B. Braun Melsungen AG,Infusomat,2006-10-27,15,3
PRK360,Infusion Pump,12,1,1,2,1,1,22.2,0,2,865.8,Ireland,Alaris GP #958,Medtronic,Alaris,2010-06-26,29,2
PRK319,Infusion Pump,10,1,0,2,1,1,0.0,1,2,0.0,USA,Sigma Spectrum #7,Baxter Healthcare Corp,Sigma,2010-11-16,,1
PRK319,Infusion Pump,15,1,0,2,1,1,103.88,0,2,58.12,Ireland,Alaris GP #770,Medtronic,Alaris,2013-12-14,24,3
PRK326,Infusion Pump,5,0,0,2,3,1,13.67,0,2,1.24,USA,Sigma Spectrum #265,Baxter Healthcare Corp,Sigma,2011-08-29,35,2
PRK312,Infusion Pump,7,0,0,2,1,1,1238.0,0,2,1903.75,USA,Sigma Spectrum #248,Baxter Healthcare Corp,Sigma,2013-12-17,22,2
PRK342,Physiologic Monitoring System,12,1,0,1,1,1,0.0,0,1,0.0,Netherlands,IntelliVue #811,Koninklijke Philips N.V.,Philips,2019-02-01,,1
PRK340,Physiologic Monitoring System,11,1,2,1,1,1,75.65,0,2,7779.91,USA,CARESCAPE #899,GE Healthcare,GE,2003-11-27,41,3
PRK358,Infusion Pump,4,1,0,2,1,1,94.22,1,2,3889.59,Germany,Infusomat Space #341,B. Braun Melsungen AG,Infusomat,2013-07-05,10,3
PRK319,Infusion Pump,19,1,0,2,1,1,36.68,0,2,4403.99,Germany,Infusomat Space #281,B. Braun Melsungen AG,Infusomat,2013-05-12,25,2
PRK312,Infusion Pump,3,0,0,2,1,1,0.0,0,2,0.0,USA,Sigma Spectrum #406,Baxter Healthcare Corp,Sigma,2003-10-28,,1
PRK320,Defibrillator,7,0,0,3,1,1,0.71,0,2,17.55,Netherlands,HeartStart XL #495,Koninklijke Philips N.V.,HeartStart,2014-10-11,12,2
PRK311,Ventilator,3,0,0,3,1,1,264.36,0,2,55.88,USA,Carestation 650 #662,Datex-Ohmeda Inc,Carestation,2010-04-04,24,2
PRK360,Infusion Pump,30,1,2,2,1,1,0.0,0,2,0.0,USA,Sigma Spectrum #582,Baxter Healthcare Corp,Sigma,2011-12-23,,1
PRK342,Infusion Pump,10,0,0,2,1,1,0.0,0,2,0.0,USA,Sigma Spectrum #281,Baxter Healthcare Corp,Sigma,2016-10-22,,1
PRK350,Infusion Pump,4,0,0,2,1,1,0.0,0,1,0.0,USA,Sigma Spectrum #656,Baxter Healthcare Corp,Sigma,2013-03-16,,1
PRK342,Infusion Pump,6,0,0,2,1,1,0.0,1,2,0.0,Germany,Infusomat Space #630,B. Braun Melsungen AG,Infusomat,2017-02-19,,1
PRK319,Physiologic Monitoring System,11,1,0,1,1,1,64.23,1,2,2264.07,Japan,Life Scope #713,Nihon Kohden Corp,Nihon Kohden,2000-12-31,41,2
PRK311,Infusion Pump,17,1,0,2,1,1,14.53,0,2,5425.58,Ireland,Alaris GP #445,Medtronic,Alaris,2008-01-22,14,2
PRK330,Infusion Pump,4,1,0,2,1,1,6.35,0,2,10.49,Ireland,Alaris GP #544,Medtronic,Alaris,1997-02-06,51,3
PRK358,Infusion Pump,23,1,0,2,1,1,9.19,0,2,107.44,Germany,Infusomat Space #998,B. Braun Melsungen AG,Infusomat,2015-03-17,11,3
PRK320,Infusion Pump,9,1,0,2,1,1,9.69,0,2,46.28,USA,Sigma Spectrum #515,Baxter Healthcare Corp,Sigma,2017-05-29,34,3
PRK300,Infusion Pump,13,0,1,2,2,1,0.0,0,2,0.0,Germany,Infusomat Space #967,B. Braun Melsungen AG,Infusomat,2015-03-26,,1
PRK341,Ventilator,6,0,0,3,1,1,223.49,0,2,0.0,USA,Smartvent 7900 #424,Datex-Ohmeda Inc,Smartvent,2014-01-10,60,2
PRK312,Infusion Pump,12,1,0,2,1,1,0.0,1,2,0.0,USA,Sigma Spectrum #509,Baxter Healthcare Corp,Sigma,2016-11-20,,1
PRK340,Defibrillator,6,0,0,3,2,1,3.55,0,2,3257.65,Netherlands,HeartStart XL #69,Koninklijke Philips N.V.,HeartStart,2012-10-30,19,2
PRK300,Infusion Pump,7,0,0,2,1,1,0.0,0,2,0.0,Germany,Infusomat Space #415,B. Braun Melsungen AG,Infusomat,2008-11-29,,1
PRK333,Ventilator,17,0,0,3,1,1,70.46,0,2,122.5,UK,Blease 8200p #136,Blease Medical Equipment Ltd,Blease,2011-08-20,25,2
PRK326,Defibrillator,13,1,1,3,1,1,0.0,0,2,0.0,USA,Lifepak 20e #22,Physio-Control Inc,Lifepak,2010-08-27,,1
PRK358,Sphygmomanometers,7,1,0,1,1,1,137.85,0,2,0.0,Japan,HEM-907 #388,Omron Healthcare Co Ltd,Omron,2010-08-14,14,2
PRK342,Ventilator,17,0,0,3,1,1,2.68,0,2,560.0,USA,Smartvent 7900 #335,Datex-Ohmeda Inc,Smartvent,1999-08-18,12,2
PRK300,Ventilator,11,1,0,3,1,1,78.0,1,2,2407.18,USA,Smartvent 7900 #335,Datex-Ohmeda Inc,Smartvent,1999-04-02,34,2
PRK350,Physiologic Monitoring System,1,0,0,1,1,1,771.68,1,2,64.4,Japan,Life Scope #727,Nihon Kohden Corp,Nihon Kohden,2002-06-17,22,2
PRK350,Ventilator,8,0,0,3,1,1,0.0,1,2,0.0,Germany,Evita V500 #99,Drager Medical AG & Co KGaA,Evita,2012-05-27,,1
PRK341,Infusion Pump,17,1,0,2,1,1,0.0,0,2,0.0,Germany,Infusomat Space #766,B. Braun Melsungen AG,Infusomat,2005-06-11,,1
PRK358,Infusion Pump,28,1,2,2,1,1,1.52,0,2,235.39,Ireland,Alaris GP #406,Medtronic,Alaris,2017-10-23,9,2
PRK350,Infusion Pump,4,1,0,2,1,1,24.27,0,2,596.22,Germany,Infusomat Space #163,B. Braun Melsungen AG,Infusomat,2011-09-26,45,2
PRK319,Defibrillator,16,1,0,3,1,1,3.86,0,2,5.0,USA,Lifepak 20e #137,Physio-Control Inc,Lifepak,2008-11-14,18,3
PRK326,Infusion Pump,9,1,0,2,1,1,11.6,0,2,351.46,Ireland,Alaris GP #900,Medtronic,Alaris,2000-11-24,36,2
PRK320,Infusion Pump,3,0,0,2,1,1,0.0,1,2,0.0,Ireland,Alaris GP #310,Medtronic,Alaris,2017-03-26,,1
PRK333,Physiologic Monitoring System,3,0,0,1,1,1,237.06,0,2,253.96,Japan,Life Scope #163,Nihon Kohden Corp,Nihon Kohden,2018-07-23,21,2
PRK360,Infusion Pump,4,0,0,2,1,1,1.66,0,2,93.18,Germany,Infusomat Space #373,B. Braun Melsungen AG,Infusomat,2009-12-01,11,3
PRK341,Infusion Pump,2,0,0,2,1,1,0.0,0,2,0.0,Germany,Infusomat Space #868,B. Braun Melsungen AG,Infusomat,2019-05-11,,1
PRK319,Infusion Pump,3,0,0,2,1,1,0.0,0,2,0.0,USA,Sigma Spectrum #365,Baxter Healthcare Corp,Sigma,2013-09-10,,1
PRK358,Infusion Pump,10,0,0,2,1,1,43.22,0,2,730.9,Ireland,Alaris GP #417,Medtronic,Alaris,2012-11-23,10,3
PRK342,Infusion Pump,1,0,0,2,1,1,230.2,0,2,1529.82,Ireland,Alaris GP #860,Medtronic,Alaris,2013-10-24,32,2
PRK319,Infusion Pump,4,0,0,2,1,1,0.0,0,2,10.24,Ireland,Alaris GP #236,Medtronic,Alaris,2009-10-28,51,3
PRK358,Infusion Pump,7,1,0,2,1,1,268.91,0,2,50.31,Ireland,Alaris GP #955,Medtronic,Alaris,2001-08-09,12,2
PRK320,Infusion Pump,4,0,0,2,1,1,84.53,1,2,228.18,USA,Sigma Spectrum #707,Baxter Healthcare Corp,Sigma,2012-11-04,29,3
PRK333,Infusion Pump,2,1,0,2,1,1,0.0,0,2,0.0,Ireland,Alaris GP #48,Medtronic,Alaris,2008-05-31,,1
PRK333,Physiologic Monitoring System,9,0,0,1,2,1,21.83,0,2,6713.04,USA,CARESCAPE #857,GE Healthcare,GE,2009-01-19,35,2
PRK358,Infusion Pump,4,0,0,2,1,1,0.0,0,2,0.0,USA,Sigma Spectrum #621,Baxter Healthcare Corp,Sigma,2015-06-20,,1
PRK319,Sphygmomanometers,5,0,0,1,1,1,11.99,0,1,41.33,Japan,HEM-907 #962,Omron Healthcare Co Ltd,Omron,1999-09-06,17,2
PRK320,Defibrillator,8,0,0,3,1,1,12.13,0,2,66427.4,Netherlands,HeartStart XL #558,Koninklijke Philips N.V.,HeartStart,2010-05-05,36,3
PRK341,Infusion Pump,14,1,0,2,1,1,0.0,0,2,0.0,USA,Sigma Spectrum #765,Baxter Healthcare Corp,Sigma,2003-12-02,,1
PRK358,Infusion Pump,5,0,0,2,1,1,0.0,0,2,0.0,USA,Sigma Spectrum #432,Baxter Healthcare Corp,Sigma,2011-12-30,,1
PRK311,Infusion Pump,6,0,0,2,1,1,54.75,0,2,7.64,Ireland,Alaris GP #959,Medtronic,Alaris,2007-04-30,21,2
PRK319,Ventilator,3,0,0,3,2,1,171.17,0,2,19829.66,UK,Blease 8200p #3,Blease Medical Equipment Ltd,Blease,1999-11-24,47,2
PRK360,Physiologic Monitoring System,17,1,0,1,1,1,33.72,0,1,18240.76,Netherlands,IntelliVue #393,Koninklijke Philips N.V.,Philips,2001-12-11,14,2
PRK342,Ventilator,9,1,0,3,2,1,41.76,0,2,12.41,Germany,Evita V500 #174,Drager Medical AG & Co KGaA,Evita,2013-01-02,28,2
PRK320,Infusion Pump,16,1,0,2,1,1,105.64,1,2,3.63,Germany,Infusomat Space #903,B. Braun Melsungen AG,Infusomat,2019-02-25,9,3
PRK320,Physiologic Monitoring System,18,1,0,1,2,1,13.3,0,2,186.31,Netherlands,IntelliVue #901,Koninklijke Philips N.V.,Philips,2006-03-16,10,2
PRK333,Infusion Pump,5,0,0,2,1,1,198.9,0,2,1531.53,Ireland,Alaris GP #472,Medtronic,Alaris,2006-07-09,47,2
PRK342,Physiologic Monitoring System,15,1,0,1,1,1,35.34,0,2,17712.75,Japan,Life Scope #707,Nihon Kohden Corp,Nihon Kohden,2012-03-25,5,2
PRK340,Infusion Pump,10,1,0,2,1,1,39.67,0,2,8.74,Ireland,Alaris GP #124,Medtronic,Alaris,2016-04-23,35,2
PRK342,Physiologic Monitoring System,6,0,0,1,1,1,0.0,0,2,0.0,Japan,Life Scope #498,Nihon Kohden Corp,Nihon Kohden,2009-08-10,,1
PRK300,Defibrillator,5,0,0,3,1,1,0.0,0,2,0.0,USA,Lifepak 20e #964,Physio-Control Inc,Lifepak,2008-03-21,,1
PRK358,Infusion Pump,9,0,0,2,1,1,1.03,0,2,4886.11,Ireland,Alaris GP #167,Medtronic,Alaris,2002-11-19,26,2
PRK300,Physiologic Monitoring System,11,0,1,1,1,1,5.58,1,2,621.42,Japan,Life Scope #152,Nihon Kohden Corp,Nihon Kohden,1997-09-22,32,2
PRK358,Infusion Pump,1,0,0,2,1,1,0.0,0,2,0.0,Ireland,Alaris GP #994,Medtronic,Alaris,2005-09-27,,1
PRK300,Physiologic Monitoring System,6,1,0,1,1,1,131.56,1,2,1578.4,Netherlands,IntelliVue #95,Koninklijke Philips N.V.,Philips,2019-12-28,37,2
PRK311,Infusion Pump,10,1,0,2,2,1,24.7,1,2,0.0,USA,Sigma Spectrum #547,Baxter Healthcare Corp,Sigma,2011-10-06,23,3
PRK312,Sphygmomanometers,12,1,0,1,1,1,0.0,0,2,0.0,Malaysia,MV-BP100 #310,Med-Vantage Sdn Bhd,MedVantage,2007-12-23,,1
PRK319,Infusion Pump,8,1,0,2,1,1,159.91,0,2,107.76,Ireland,Alaris GP #993,Medtronic,Alaris,2013-07-13,19,3
PRK326,Sphygmomanometers,12,1,0,1,1,1,0.0,0,2,0.0,Japan,HEM-907 #556,Omron Healthcare Co Ltd,Omron,2010-07-26,,1
PRK341,Ventilator,5,0,0,3,1,1,25.66,1,2,30.1,UK,Blease 8200p #959,Blease Medical Equipment Ltd,Blease,2013-04-23,36,2
PRK358,Physiologic Monitoring System,12,1,0,1,1,1,584.55,0,2,3580.74,USA,CARESCAPE #320,GE Healthcare,GE,2007-09-03,10,3
PRK333,Ventilator,11,1,0,3,2,1,0.0,0,2,0.0,Germany,Evita V500 #573,Drager Medical AG & Co KGaA,Evita,2010-01-01,,1
PRK333,Ventilator,18,1,0,3,1,1,10.35,0,2,1884.21,USA,Smartvent 7900 #598,Datex-Ohmeda Inc,Smartvent,2009-01-05,19,2
PRK319,Sphygmomanometers,24,1,0,1,1,1,18.29,1,2,1101.09,Japan,HEM-907 #501,Omron Healthcare Co Ltd,Omron,2020-06-16,4,2
PRK350,Infusion Pump,18,0,0,2,1,1,481.54,0,2,0.0,USA,Sigma Spectrum #597,Baxter Healthcare Corp,Sigma,2016-07-14,20,2
PRK311,Physiologic Monitoring System,7,0,0,1,1,1,0.0,0,2,0.0,Japan,Life Scope #193,Nihon Kohden Corp,Nihon Kohden,2008-04-13,,1
PRK319,Infusion Pump,3,0,0,2,1,1,49.99,0,2,611.22,USA,Sigma Spectrum #748,Baxter Healthcare Corp,Sigma,2009-06-09,45,2
PRK310,Physiologic Monitoring System,4,1,0,1,1,1,0.0,0,1,0.0,Japan,Life Scope #407,Nihon Kohden Corp,Nihon Kohden,2015-07-22,,1
PRK319,Infusion Pump,23,0,0,2,1,1,103.31,1,2,2431.78,Ireland,Alaris GP #968,Medtronic,Alaris,2018-08-21,4,2
PRK341,Physiologic Monitoring System,9,1,1,1,1,1,0.0,1,2,0.0,Japan,Life Scope #454,Nihon Kohden Corp,Nihon Kohden,2007-09-24,,1
PRK311,Physiologic Monitoring System,11,1,0,1,1,1,76.81,0,2,0.0,Netherlands,IntelliVue #625,Koninklijke Philips N.V.,Philips,2010-10-07,34,2
PRK310,Infusion Pump,16,1,0,2,2,1,4.44,0,1,646.15,Germany,Infusomat Space #189,B. Braun Melsungen AG,Infusomat,2000-01-20,17,3
PRK358,Infusion Pump,9,1,0,2,1,1,0.0,1,1,0.0,Ireland,Alaris GP #247,Medtronic,Alaris,2016-07-15,,1
PRK311,Physiologic Monitoring System,20,1,2,1,1,1,21.19,0,2,32988.4,Netherlands,IntelliVue #973,Koninklijke Philips N.V.,Philips,2016-04-19,22,2
PRK341,Ventilator,3,1,0,3,1,1,331.5,0,2,1330.85,USA,Smartvent 7900 #27,Datex-Ohmeda Inc,Smartvent,2018-10-31,10,2
PRK320,Infusion Pump,13,0,0,2,1,1,85.51,0,2,179.0,USA,Sigma Spectrum #768,Baxter Healthcare Corp,Sigma,2016-10-06,11,2
PRK358,Physiologic Monitoring System,28,1,2,1,1,1,35.65,0,2,0.0,Netherlands,IntelliVue #622,Koninklijke Philips N.V.,Philips,2014-04-21,7,3
PRK342,Sphygmomanometers,21,1,1,1,1,1,0.0,1,2,0.0,Japan,HEM-907 #81,Omron Healthcare Co Ltd,Omron,2009-02-18,,1
PRK300,Infusion Pump,22,1,1,2,1,1,0.0,0,1,0.0,USA,Sigma Spectrum #364,Baxter Healthcare Corp,Sigma,2005-08-24,,1
PRK358,Infusion Pump,2,1,0,2,1,1,0.0,0,2,0.0,Ireland,Alaris GP #59,Medtronic,Alaris,1999-11-28,,1
PRK330,Infusion Pump,10,1,1,2,1,1,531.26,0,2,6069.64,Ireland,Alaris GP #363,Medtronic,Alaris,2015-04-21,14,3
PRK319,Physiologic Monitoring System,8,1,0,1,1,1,173.32,0,2,5501.93,Netherlands,IntelliVue #179,Koninklijke Philips N.V.,Philips,2002-04-24,20,2
PRK341,Infusion Pump,4,0,0,2,1,1,0.0,1,2,0.0,USA,Sigma Spectrum #330,Baxter Healthcare Corp,Sigma,2005-02-01,,1
PRK342,Ventilator,11,1,1,3,1,1,80.85,0,2,8.41,USA,Carestation 650 #997,Datex-Ohmeda Inc,Carestation,2016-05-16,30,2
PRK319,Physiologic Monitoring System,3,1,0,1,1,1,5.58,0,2,4545.29,Japan,Life Scope #424,Nihon Kohden Corp,Nihon Kohden,2009-10-02,15,2
PRK320,Infusion Pump,12,1,0,2,1,1,25.36,0,2,802.04,Germany,Infusomat Space #205,B. Braun Melsungen AG,Infusomat,2004-04-06,29,3
PRK311,Defibrillator,4,1,0,3,1,1,124.46,0,2,0.0,Netherlands,HeartStart XL #486,Koninklijke Philips N.V.,HeartStart,2011-08-09,12,2
PRK341,Physiologic Monitoring System,11,1,0,1,1,1,0.0,0,2,0.0,Netherlands,IntelliVue #800,Koninklijke Philips N.V.,Philips,2005-02-26,,1
PRK360,Infusion Pump,5,1,0,2,1,1,0.0,0,2,0.0,Ireland,Alaris GP #671,Medtronic,Alaris,2016-10-24,,1
PRK330,Infusion Pump,7,0,0,2,2,1,12.4,1,2,378.98,Germany,Infusomat Space #100,B. Braun Melsungen AG,Infusomat,2008-08-25,14,2
PRK360,Infusion Pump,6,0,0,2,1,1,0.0,1,2,0.0,Germany,Infusomat Space #768,B. Braun Melsungen AG,Infusomat,2006-03-01,,1
PRK312,Infusion Pump,8,1,0,2,1,1,133.48,0,2,0.0,Ireland,Alaris GP #61,Medtronic,Alaris,2005-09-09,31,3
PRK350,Infusion Pump,9,1,0,2,1,1,12.82,0,2,3481.99,Ireland,Alaris GP #458,Medtronic,Alaris,2016-03-12,38,3
PRK358,Sphygmomanometers,6,1,0,1,1,1,68.05,0,2,6332.33,Malaysia,MV-BP100 #967,Med-Vantage Sdn Bhd,MedVantage,2009-07-15,30,2
PRK342,Infusion Pump,4,1,0,2,1,1,31.26,0,2,1956.38,USA,Sigma Spectrum #86,Baxter Healthcare Corp,Sigma,2004-04-29,28,2
PRK311,Infusion Pump,19,1,0,2,1,1,0.0,0,1,0.0,USA,Sigma Spectrum #834,Baxter Healthcare Corp,Sigma,2009-12-10,,1
PRK320,Physiologic Monitoring System,9,1,0,1,3,1,0.0,1,2,0.0,Netherlands,IntelliVue #441,Koninklijke Philips N.V.,Philips,2000-01-28,,1
PRK300,Physiologic Monitoring System,11,1,0,1,1,1,0.0,1,2,0.0,Netherlands,IntelliVue #880,Koninklijke Philips N.V.,Philips,2010-05-30,,1
PRK341,Sphygmomanometers,6,0,0,1,1,1,11.46,0,2,101318.65,Japan,HEM-907 #897,Omron Healthcare Co Ltd,Omron,2017-06-24,48,2
PRK360,Ventilator,30,1,0,3,1,1,0.0,1,2,0.0,UK,Blease 8200p #788,Blease Medical Equipment Ltd,Blease,2012-01-13,,1
PRK326,Infusion Pump,9,1,0,2,1,1,254.53,0,2,6268.83,Ireland,Alaris GP #905,Medtronic,Alaris,2005-08-13,46,2
PRK312,Infusion Pump,19,1,2,2,1,1,131.43,0,2,85.02,Ireland,Alaris GP #765,Medtronic,Alaris,2017-07-11,18,2
PRK319,Radiographic System,7,1,0,1,2,1,282.3,0,2,488.96,Japan,Aquilion #964,Canon Inc (Toshiba Medical),Canon,2019-12-16,26,3
PRK340,Physiologic Monitoring System,13,1,0,1,1,1,48.26,0,2,8516.53,Netherlands,IntelliVue #277,Koninklijke Philips N.V.,Philips,2015-12-24,17,3
PRK340,Sphygmomanometers,8,1,0,1,1,1,132.24,0,2,453.73,Malaysia,MV-BP100 #791,Med-Vantage Sdn Bhd,MedVantage,2011-02-14,32,2
PRK319,Infusion Pump,17,1,0,2,1,1,68.11,1,2,183.28,USA,Sigma Spectrum #604,Baxter Healthcare Corp,Sigma,2018-03-26,20,2
PRK342,Ventilator,6,1,0,3,1,1,5.42,0,2,1464.76,Germany,Evita V500 #702,Drager Medical AG & Co KGaA,Evita,2007-03-25,10,3
PRK310,Physiologic Monitoring System,3,1,0,1,1,1,0.0,0,2,0.0,Japan,Life Scope #32,Nihon Kohden Corp,Nihon Kohden,2013-11-08,,1
PRK341,Infusion Pump,11,1,0,2,1,1,0.0,0,2,0.0,USA,Sigma Spectrum #545,Baxter Healthcare Corp,Sigma,2009-08-31,,1
PRK330,Physiologic Monitoring System,18,1,0,1,1,1,23.89,1,2,275.5,Netherlands,IntelliVue #562,Koninklijke Philips N.V.,Philips,2012-02-27,9,2
PRK311,Physiologic Monitoring System,8,1,0,1,1,1,30.44,0,2,1098.83,Japan,Life Scope #335,Nihon Kohden Corp,Nihon Kohden,2005-12-28,13,3
PRK341,Infusion Pump,6,1,0,2,1,1,0.0,1,1,0.0,Germany,Infusomat Space #405,B. Braun Melsungen AG,Infusomat,2012-04-19,,1
PRK341,Infusion Pump,3,1,0,2,1,1,43.75,1,2,0.0,Germany,Infusomat Space #812,B. Braun Melsungen AG,Infusomat,2014-01-09,54,2
PRK330,Ventilator,18,1,2,3,2,1,196.21,0,2,82.94,Germany,Evita V500 #208,Drager Medical AG & Co KGaA,Evita,2003-09-13,14,2
PRK350,Infusion Pump,4,0,0,2,1,1,45.05,0,2,365.47,USA,Sigma Spectrum #179,Baxter Healthcare Corp,Sigma,2014-08-09,31,2
PRK333,Infusion Pump,6,1,0,2,1,1,8.55,0,1,35.78,Germany,Infusomat Space #338,B. Braun Melsungen AG,Infusomat,2010-03-17,28,2
PRK319,Infusion Pump,6,1,0,2,1,1,340.43,1,2,0.0,Ireland,Alaris GP #736,Medtronic,Alaris,2005-09-16,42,2
PRK360,Infusion Pump,8,1,0,2,1,1,12.4,0,2,41453.64,Ireland,Alaris GP #895,Medtronic,Alaris,2004-08-30,6,3
PRK358,Defibrillator,13,1,0,3,1,1,528.85,0,2,63.7,Netherlands,HeartStart XL #543,Koninklijke Philips N.V.,HeartStart,2012-01-11,8,2
PRK310,Ventilator,30,1,0,3,1,1,153.12,0,1,143.04,Germany,Evita V500 #651,Drager Medical AG & Co KGaA,Evita,2008-05-02,59,2
PRK360,Infusion Pump,11,0,0,2,1,1,21.34,0,2,279.69,USA,Sigma Spectrum #584,Baxter Healthcare Corp,Sigma,2017-12-20,24,2
PRK342,Radiographic System,3,1,0,1,1,1,159.18,0,2,4.91,Netherlands,DigitalDiagnost #207,Koninklijke Philips N.V.,Philips,2012-06-19,13,2
PRK310,Defibrillator,8,1,0,3,1,1,0.0,1,2,11.97,Netherlands,HeartStart XL #391,Koninklijke Philips N.V.,HeartStart,2012-01-24,27,3
PRK333,Infusion Pump,11,1,0,2,1,1,13.79,0,2,2305.38,Germany,Infusomat Space #657,B. Braun Melsungen AG,Infusomat,2011-03-31,22,2
PRK300,Ventilator,20,0,0,3,1,1,0.0,0,2,0.0,UK,Blease 8200p #563,Blease Medical Equipment Ltd,Blease,2012-10-11,,1
PRK341,Infusion Pump,19,1,0,2,1,1,221.51,0,2,40484.89,Ireland,Alaris GP #807,Medtronic,Alaris,2014-11-20,27,3
PRK358,Radiographic System,8,1,0,1,1,1,0.0,0,2,0.0,Japan,Aquilion #784,Canon Inc (Toshiba Medical),Canon,2011-10-28,,1
PRK320,Physiologic Monitoring System,9,0,0,1,1,1,14.5,0,2,46529.17,Netherlands,IntelliVue #432,Koninklijke Philips N.V.,Philips,2016-11-24,13,2
PRK333,Physiologic Monitoring System,10,1,0,1,1,1,4.83,1,2,11.48,Netherlands,IntelliVue #482,Koninklijke Philips N.V.,Philips,2009-03-15,28,2
PRK319,Infusion Pump,9,1,0,2,1,1,0.0,0,2,0.0,USA,Sigma Spectrum #433,Baxter Healthcare Corp,Sigma,2012-12-15,,1
PRK340,Defibrillator,8,1,0,3,1,1,7.61,0,2,81.55,USA,Lifepak 20e #805,Physio-Control Inc,Lifepak,1992-12-29,29,3
PRK350,Infusion Pump,24,1,0,2,1,1,45.71,1,2,3739.27,USA,Sigma Spectrum #183,Baxter Healthcare Corp,Sigma,2005-04-08,11,2
PRK319,Infusion Pump,5,1,0,2,2,1,51.34,0,1,142.0,Ireland,Alaris GP #24,Medtronic,Alaris,2004-12-29,45,2
PRK340,Infusion Pump,16,0,0,2,1,1,196.71,0,2,185.26,Germany,Infusomat Space #959,B. Braun Melsungen AG,Infusomat,2014-03-21,12,2
PRK320,Ventilator,14,1,1,3,1,1,0.0,0,2,0.0,USA,Carestation 650 #801,Datex-Ohmeda Inc,Carestation,2014-05-27,,1
PRK342,Infusion Pump,8,1,0,2,1,1,320.05,0,2,0.0,Germany,Infusomat Space #871,B. Braun Melsungen AG,Infusomat,2014-05-17,46,2
PRK342,Defibrillator,5,1,0,3,1,1,0.0,1,2,0.0,USA,Lifepak 20e #890,Physio-Control Inc,Lifepak,2014-09-26,,1
PRK342,Physiologic Monitoring System,9,0,0,1,1,1,26.49,1,2,220.14,USA,CARESCAPE #379,GE Healthcare,GE,2010-02-10,20,2
PRK326,Infusion Pump,13,1,1,2,1,1,120.37,0,1,70.15,Germany,Infusomat Space #927,B. Braun Melsungen AG,Infusomat,2016-10-15,23,2
PRK341,Infusion Pump,0,0,0,2,1,1,116.99,0,2,83.94,Germany,Infusomat Space #226,B. Braun Melsungen AG,Infusomat,2012-09-23,36,2
PRK341,Infusion Pump,3,1,0,2,1,1,0.0,0,2,0.0,Ireland,Alaris GP #461,Medtronic,Alaris,2010-05-03,,1
PRK342,Physiologic Monitoring System,1,0,0,1,1,1,1699.22,1,1,6840.26,Netherlands,IntelliVue #108,Koninklijke Philips N.V.,Philips,1999-07-13,53,2
PRK340,Ventilator,11,0,0,3,2,1,180.61,0,2,116.01,Germany,Evita V500 #439,Drager Medical AG & Co KGaA,Evita,2010-02-17,22,2
PRK358,Infusion Pump,10,1,0,2,1,1,459.52,1,2,10312.86,Ireland,Alaris GP #549,Medtronic,Alaris,2018-03-05,17,2
PRK319,Ventilator,3,1,0,3,1,1,0.0,0,2,0.0,UK,Blease 8200p #374,Blease Medical Equipment Ltd,Blease,2014-12-18,,1
PRK300,Infusion Pump,4,1,0,2,2,1,0.0,0,2,0.0,Germany,Infusomat Space #873,B. Braun Melsungen AG,Infusomat,2010-05-08,,1
PRK360,Ventilator,10,1,0,3,1,1,0.0,0,2,0.0,Germany,Evita V500 #83,Drager Medical AG & Co KGaA,Evita,2018-09-07,,1
PRK300,Sphygmomanometers,2,0,0,1,1,1,0.0,0,2,0.0,USA,DS66 #177,Welch Allyn Inc,Welch Allyn,2014-04-25,,1
PRK358,Physiologic Monitoring System,14,1,1,1,1,1,42.21,0,2,0.0,Netherlands,IntelliVue #873,Koninklijke Philips N.V.,Philips,2011-12-21,6,2
PRK341,Physiologic Monitoring System,7,0,0,1,1,1,87.75,0,2,658.88,Netherlands,IntelliVue #535,Koninklijke Philips N.V.,Philips,2016-08-19,22,2
PRK358,Ventilator,8,0,0,3,1,1,0.0,0,2,0.0,UK,Blease 8200p #253,Blease Medical Equipment Ltd,Blease,2012-02-04,,1
PRK340,Infusion Pump,9,1,0,2,1,1,0.0,0,2,0.0,Germany,Infusomat Space #716,B. Braun Melsungen AG,Infusomat,2009-03-11,,1
PRK358,Infusion Pump,3,0,0,2,1,1,0.0,0,2,0.0,USA,Sigma Spectrum #152,Baxter Healthcare Corp,Sigma,2005-06-12,,1
PRK342,Infusion Pump,9,1,0,2,1,1,62.68,0,2,146.57,USA,Sigma Spectrum #860,Baxter Healthcare Corp,Sigma,2003-03-20,40,2
PRK333,Infusion Pump,13,1,0,2,1,1,0.0,1,2,0.0,Ireland,Alaris GP #764,Medtronic,Alaris,2011-11-04,,1
PRK320,Physiologic Monitoring System,5,1,0,1,1,1,0.0,0,2,0.0,USA,CARESCAPE #240,GE Healthcare,GE,2004-09-03,,1
PRK300,Physiologic Monitoring System,4,0,0,1,1,1,49.89,1,2,78548.04,Netherlands,IntelliVue #139,Koninklijke Philips N.V.,Philips,2012-05-24,8,2
PRK319,Ventilator,29,1,0,3,2,1,308.05,1,2,966.71,USA,Smartvent 7900 #250,Datex-Ohmeda Inc,Smartvent,2014-05-18,11,2
PRK360,Infusion Pump,4,0,0,2,1,1,0.0,0,2,0.0,Ireland,Alaris GP #764,Medtronic,Alaris,2014-01-05,,1
PRK319,Physiologic Monitoring System,6,1,0,1,1,1,258.47,0,2,1548.07,Japan,Life Scope #516,Nihon Kohden Corp,Nihon Kohden,2016-01-11,12,3
PRK342,Infusion Pump,21,1,0,2,1,1,59.16,1,2,8851.84,Ireland,Alaris GP #832,Medtronic,Alaris,2014-12-19,6,2
PRK333,Infusion Pump,2,0,0,2,1,1,180.67,0,1,556.85,USA,Sigma Spectrum #734,Baxter Healthcare Corp,Sigma,2000-09-22,24,2
PRK319,Physiologic Monitoring System,8,1,0,1,1,1,36.27,1,2,0.0,Japan,Life Scope #258,Nihon Kohden Corp,Nihon Kohden,2017-07-10,29,2
PRK360,Sphygmomanometers,12,1,2,1,2,1,8.75,0,2,5.43,Malaysia,MV-BP100 #325,Med-Vantage Sdn Bhd,MedVantage,2006-10-13,22,2
PRK300,Physiologic Monitoring System,8,1,0,1,1,1,23.93,0,2,9092.52,Netherlands,IntelliVue #101,Koninklijke Philips N.V.,Philips,2015-08-12,11,3
PRK341,Infusion Pump,2,1,0,2,1,1,164.38,0,2,369.44,Germany,Infusomat Space #765,B. Braun Melsungen AG,Infusomat,2009-11-05,42,2
PRK330,Physiologic Monitoring System,3,0,0,1,1,1,0.0,0,2,0.0,Japan,Life Scope #368,Nihon Kohden Corp,Nihon Kohden,2019-11-19,,1
PRK300,Infusion Pump,1,0,0,2,1,1,15.87,1,2,4094.93,Ireland,Alaris GP #282,Medtronic,Alaris,2013-10-30,43,2
PRK319,Defibrillator,7,1,0,3,1,1,650.03,0,2,3901.02,USA,Lifepak 20e #134,Physio-Control Inc,Lifepak,2013-12-14,12,2
PRK342,Physiologic Monitoring System,11,1,0,1,1,1,9.13,1,2,21622.96,Netherlands,IntelliVue #887,Koninklijke Philips N.V.,Philips,2001-06-12,16,3
PRK310,Infusion Pump,5,1,0,2,1,1,73.46,0,2,19356.63,USA,Sigma Spectrum #584,Baxter Healthcare Corp,Sigma,2001-05-22,19,2
PRK350,Infusion Pump,6,1,0,2,1,1,25.93,1,2,782.39,Ireland,Alaris GP #75,Medtronic,Alaris,2017-11-14,37,2
PRK341,Infusion Pump,6,1,0,2,1,1,77.56,1,2,16.29,USA,Sigma Spectrum #899,Baxter Healthcare Corp,Sigma,2010-10-26,57,2
PRK310,Sphygmomanometers,19,1,0,1,1,1,5.74,0,2,10.0,Malaysia,MV-BP100 #712,Med-Vantage Sdn Bhd,MedVantage,2008-12-03,22,2
PRK319,Infusion Pump,10,1,1,2,1,1,0.0,0,2,0.0,USA,Sigma Spectrum #518,Baxter Healthcare Corp,Sigma,2008-05-19,,1
PRK311,Ventilator,9,1,0,3,1,1,18.25,1,2,243.12,UK,Blease 8200p #896,Blease Medical Equipment Ltd,Blease,2017-07-14,44,3
PRK350,Physiologic Monitoring System,17,1,0,1,1,1,185.4,1,2,1166.25,USA,CARESCAPE #234,GE Healthcare,GE,2018-04-25,25,2
PRK333,Physiologic Monitoring System,2,1,0,1,2,1,76.51,0,2,2353.15,USA,CARESCAPE #248,GE Healthcare,GE,2017-01-31,25,2
PRK300,Infusion Pump,10,0,0,2,1,1,4.77,0,1,2486.72,USA,Sigma Spectrum #596,Baxter Healthcare Corp,Sigma,2002-12-24,11,2
PRK340,Sphygmomanometers,5,0,2,1,1,1,0.0,1,2,0.0,Japan,HEM-907 #339,Omron Healthcare Co Ltd,Omron,2002-07-08,,1
PRK333,Infusion Pump,21,1,1,2,1,1,0.0,0,2,0.0,Ireland,Alaris GP #91,Medtronic,Alaris,1999-01-31,,1
PRK341,Physiologic Monitoring System,17,1,0,1,2,1,211.98,0,2,26789.84,USA,CARESCAPE #699,GE Healthcare,GE,2014-05-14,21,2
PRK300,Physiologic Monitoring System,5,1,0,1,1,1,29.7,0,2,64.46,Japan,Life Scope #306,Nihon Kohden Corp,Nihon Kohden,2017-02-27,50,2
PRK300,Physiologic Monitoring System,7,0,0,1,1,1,2.17,0,2,517.77,Japan,Life Scope #956,Nihon Kohden Corp,Nihon Kohden,2012-05-10,48,3
PRK320,Sphygmomanometers,4,1,0,1,1,1,794.34,1,2,3172.75,Japan,HEM-907 #913,Omron Healthcare Co Ltd,Omron,2004-12-21,19,2
PRK342,Infusion Pump,15,1,0,2,1,1,40.11,0,2,0.0,Ireland,Alaris GP #338,Medtronic,Alaris,2017-05-21,12,2
PRK341,Infusion Pump,13,1,1,2,1,1,323.51,1,2,2634.92,USA,Sigma Spectrum #850,Baxter Healthcare Corp,Sigma,2001-05-15,7,2
PRK319,Infusion Pump,7,0,0,2,1,1,27.34,0,2,167.01,Ireland,Alaris GP #673,Medtronic,Alaris,2013-05-09,13,2
PRK319,Infusion Pump,7,0,0,2,1,1,64.53,0,2,62.34,USA,Sigma Spectrum #769,Baxter Healthcare Corp,Sigma,2015-11-13,30,2
PRK342,Infusion Pump,6,0,0,2,1,1,2.92,0,2,54.89,USA,Sigma Spectrum #995,Baxter Healthcare Corp,Sigma,2013-07-18,32,2
PRK300,Infusion Pump,20,1,2,2,1,1,12.31,0,2,364.9,USA,Sigma Spectrum #681,Baxter Healthcare Corp,Sigma,2007-04-07,12,2
PRK340,Infusion Pump,8,1,0,2,1,1,786.73,1,1,202.95,USA,Sigma Spectrum #755,Baxter Healthcare Corp,Sigma,1998-06-24,19,3
PRK330,Infusion Pump,6,0,0,2,1,1,262.78,0,2,34.58,Ireland,Alaris GP #733,Medtronic,Alaris,2013-04-06,44,2
PRK319,Infusion Pump,14,1,1,2,2,1,460.27,1,2,3427.38,Ireland,Alaris GP #964,Medtronic,Alaris,2014-07-27,20,3
PRK333,Physiologic Monitoring System,1,1,0,1,1,1,0.0,0,2,0.0,Netherlands,IntelliVue #637,Koninklijke Philips N.V.,Philips,2011-10-01,,1
PRK319,Physiologic Monitoring System,7,0,0,1,1,1,85.81,0,1,1816.28,USA,CARESCAPE #544,GE Healthcare,GE,2006-04-10,41,3
PRK340,Infusion Pump,16,1,0,2,1,1,304.46,0,2,33.43,USA,Sigma Spectrum #567,Baxter Healthcare Corp,Sigma,2007-12-10,32,2
PRK311,Infusion Pump,23,1,1,2,1,1,283.35,1,1,6784.75,Ireland,Alaris GP #501,Medtronic,Alaris,2013-03-26,8,2
PRK330,Infusion Pump,5,1,0,2,1,1,94.05,0,2,4490.05,USA,Sigma Spectrum #52,Baxter Healthcare Corp,Sigma,2012-04-22,17,2
PRK333,Physiologic Monitoring System,12,1,0,1,1,1,64.88,0,2,9490.98,Japan,Life Scope #480,Nihon Kohden Corp,Nihon Kohden,2019-08-02,39,2
PRK300,Infusion Pump,5,0,0,2,1,1,0.0,0,2,0.0,Ireland,Alaris GP #99,Medtronic,Alaris,2013-03-08,,1
PRK341,Infusion Pump,30,0,1,2,1,1,8.46,0,2,385.74,USA,Sigma Spectrum #273,Baxter Healthcare Corp,Sigma,2001-08-15,8,2
PRK342,Infusion Pump,9,1,0,2,2,1,31.79,0,2,2807.33,Ireland,Alaris GP #232,Medtronic,Alaris,2013-08-07,18,2
PRK360,Infusion Pump,13,1,0,2,1,1,4.43,0,2,13053.79,Ireland,Alaris GP #833,Medtronic,Alaris,2014-07-14,26,2
PRK312,Infusion Pump,1,0,0,2,1,1,9.85,1,2,628.74,Ireland,Alaris GP #547,Medtronic,Alaris,2002-05-19,35,2
PRK319,Physiologic Monitoring System,6,0,0,1,1,1,79.7,0,2,18.22,Japan,Life Scope #431,Nihon Kohden Corp,Nihon Kohden,2007-04-04,47,2
PRK319,Physiologic Monitoring System,14,1,0,1,1,1,0.0,0,2,0.0,Netherlands,IntelliVue #220,Koninklijke Philips N.V.,Philips,2005-10-11,,1
PRK358,Physiologic Monitoring System,2,0,2,1,1,1,1459.02,0,2,14908.85,Netherlands,IntelliVue #927,Koninklijke Philips N.V.,Philips,2014-04-06,21,2
PRK330,Physiologic Monitoring System,9,1,0,1,1,1,44.61,1,2,3919.85,Japan,Life Scope #466,Nihon Kohden Corp,Nihon Kohden,2013-10-06,60,3
PRK319,Physiologic Monitoring System,24,0,0,1,1,1,26.41,0,1,1351.55,Japan,Life Scope #789,Nihon Kohden Corp,Nihon Kohden,2006-01-02,18,2
PRK342,Infusion Pump,15,1,0,2,1,1,47.81,0,2,249.52,Ireland,Alaris GP #582,Medtronic,Alaris,2018-09-21,10,2
PRK300,Ventilator,12,1,0,3,1,1,84.4,1,2,33724.85,UK,Blease 8200p #595,Blease Medical Equipment Ltd,Blease,2010-11-21,11,2
PRK340,Physiologic Monitoring System,6,0,0,1,1,1,0.0,0,2,0.0,USA,CARESCAPE #748,GE Healthcare,GE,2008-03-01,,1
PRK330,Infusion Pump,3,0,0,2,2,1,55.43,0,2,693.43,USA,Sigma Spectrum #628,Baxter Healthcare Corp,Sigma,1999-07-14,34,2
PRK341,Physiologic Monitoring System,8,1,0,1,1,1,0.0,0,2,0.0,Netherlands,IntelliVue #558,Koninklijke Philips N.V.,Philips,2001-11-25,,1
PRK342,Infusion Pump,13,1,0,2,1,1,109.43,0,2,1787.46,Ireland,Alaris GP #511,Medtronic,Alaris,2006-03-16,7,2
PRK320,Infusion Pump,4,0,0,2,1,1,63.59,1,2,107.73,Ireland,Alaris GP #675,Medtronic,Alaris,1991-10-02,22,2
PRK341,Physiologic Monitoring System,15,0,0,1,1,1,51.02,0,2,4487.76,USA,CARESCAPE #84,GE Healthcare,GE,2014-11-11,18,2
PRK333,Defibrillator,10,1,0,3,1,1,33.74,1,2,2631.92,USA,Lifepak 20e #453,Physio-Control Inc,Lifepak,2001-05-04,49,3
PRK311,Defibrillator,4,1,0,3,1,1,2270.24,1,2,1018.16,Netherlands,HeartStart XL #212,Koninklijke Philips N.V.,HeartStart,2003-01-16,55,2
PRK358,Infusion Pump,2,1,0,2,2,1,22.01,1,2,1783.61,Germany,Infusomat Space #921,B. Braun Melsungen AG,Infusomat,2015-04-15,14,2
PRK342,Infusion Pump,2,0,0,2,1,1,3.44,0,2,0.0,Germany,Infusomat Space #757,B. Braun Melsungen AG,Infusomat,2015-05-07,53,2
PRK358,Ventilator,8,1,0,3,1,1,18.55,0,2,47886.69,USA,Carestation 650 #763,Datex-Ohmeda Inc,Carestation,1996-08-21,10,3
PRK342,Infusion Pump,18,1,0,2,1,1,0.0,0,2,0.0,Germany,Infusomat Space #218,B. Braun Melsungen AG,Infusomat,2015-01-11,,1
PRK319,Ventilator,4,0,0,3,1,1,5.59,1,2,148.17,Germany,Evita V500 #445,Drager Medical AG & Co KGaA,Evita,2006-12-19,43,3
PRK330,Infusion Pump,20,1,2,2,1,1,38.87,1,2,462.27,Ireland,Alaris GP #72,Medtronic,Alaris,2014-04-29,23,2
PRK326,Infusion Pump,2,0,0,2,1,1,996.11,1,1,9520.71,USA,Sigma Spectrum #181,Baxter Healthcare Corp,Sigma,2002-04-25,53,2
PRK300,Infusion Pump,9,1,0,2,1,1,5.54,0,2,3129.24,Ireland,Alaris GP #529,Medtronic,Alaris,2002-05-24,15,2
PRK330,Ventilator,8,1,0,3,1,1,4.51,0,2,917.15,USA,Smartvent 7900 #709,Datex-Ohmeda Inc,Smartvent,2015-10-24,4,2
PRK320,Infusion Pump,11,1,0,2,1,1,208.96,1,2,71.56,Germany,Infusomat Space #888,B. Braun Melsungen AG,Infusomat,2007-09-28,10,2
PRK300,Infusion Pump,10,1,0,2,1,1,38.04,0,2,90.6,USA,Sigma Spectrum #446,Baxter Healthcare Corp,Sigma,2002-02-22,26,2
PRK358,Infusion Pump,6,1,0,2,1,1,27.47,0,2,847.27,Germany,Infusomat Space #682,B. Braun Melsungen AG,Infusomat,2010-08-04,28,2
PRK311,Infusion Pump,6,0,0,2,1,1,381.46,0,1,33360.08,Germany,Infusomat Space #225,B. Braun Melsungen AG,Infusomat,2013-05-14,21,3
PRK333,Infusion Pump,16,1,0,2,1,1,20.13,0,2,10471.45,Ireland,Alaris GP #383,Medtronic,Alaris,2015-12-14,5,2
PRK350,Physiologic Monitoring System,9,1,0,1,1,1,3.26,0,2,3046.96,Netherlands,IntelliVue #600,Koninklijke Philips N.V.,Philips,2015-03-11,37,2
PRK341,Infusion Pump,1,0,0,2,1,1,230.72,1,2,4004.81,Germany,Infusomat Space #518,B. Braun Melsungen AG,Infusomat,1998-07-02,26,2
PRK312,Ventilator,6,1,0,3,1,1,48.95,1,2,3.72,Germany,Evita V500 #387,Drager Medical AG & Co KGaA,Evita,2019-12-28,37,2
PRK341,Defibrillator,7,0,0,3,1,1,44.45,0,2,1473.64,Netherlands,HeartStart XL #431,Koninklijke Philips N.V.,HeartStart,2013-01-15,24,2
PRK342,Infusion Pump,7,0,0,2,1,1,1.63,0,2,1442.94,USA,Sigma Spectrum #776,Baxter Healthcare Corp,Sigma,2008-10-28,23,2
PRK358,Infusion Pump,14,1,0,2,1,1,9.02,1,2,24.43,Germany,Infusomat Space #434,B. Braun Melsungen AG,Infusomat,1997-06-12,34,3
PRK319,Physiologic Monitoring System,5,0,0,1,1,1,38.16,0,2,122173.36,Netherlands,IntelliVue #282,Koninklijke Philips N.V.,Philips,1992-12-16,12,3
PRK300,Infusion Pump,10,0,0,2,1,1,0.0,0,2,0.0,USA,Sigma Spectrum #80,Baxter Healthcare Corp,Sigma,2012-09-13,,1
PRK341,Infusion Pump,24,1,0,2,1,1,0.0,0,2,0.0,Germany,Infusomat Space #469,B. Braun Melsungen AG,Infusomat,2006-01-22,,1
PRK319,Sphygmomanometers,18,1,0,1,1,1,0.0,0,2,0.0,Japan,HEM-907 #325,Omron Healthcare Co Ltd,Omron,2016-01-16,,1
PRK350,Radiographic System,5,1,0,1,3,2,0.0,0,2,0.0,Germany,Somatom #353,Siemens Healthineers,Siemens,2016-03-08,,1
PRK342,Physiologic Monitoring System,9,1,0,1,1,1,0.0,1,2,0.0,Japan,Life Scope #349,Nihon Kohden Corp,Nihon Kohden,1999-02-24,,1
PRK342,Infusion Pump,0,1,0,2,1,1,19.11,0,2,60632.13,USA,Sigma Spectrum #848,Baxter Healthcare Corp,Sigma,2017-07-11,9,2
PRK360,Physiologic Monitoring System,13,1,0,1,1,1,109.31,0,2,0.0,Netherlands,IntelliVue #883,Koninklijke Philips N.V.,Philips,1997-03-26,30,2
PRK341,Physiologic Monitoring System,3,1,0,1,1,1,54.67,0,2,1146.98,Japan,Life Scope #425,Nihon Kohden Corp,Nihon Kohden,2002-06-30,26,2
PRK358,Infusion Pump,8,1,0,2,1,1,247.42,1,2,22.28,Germany,Infusomat Space #511,B. Braun Melsungen AG,Infusomat,2014-12-19,17,3
PRK341,Physiologic Monitoring System,8,1,0,1,1,1,120.1,0,2,40.42,USA,CARESCAPE #235,GE Healthcare,GE,2009-03-25,7,3
PRK312,Infusion Pump,18,1,2,2,1,1,168.7,0,2,1.94,USA,Sigma Spectrum #71,Baxter Healthcare Corp,Sigma,2007-02-25,28,2
PRK350,Infusion Pump,10,1,0,2,1,1,0.0,0,2,0.0,Germany,Infusomat Space #861,B. Braun Melsungen AG,Infusomat,2008-01-18,,1
PRK342,Infusion Pump,8,1,0,2,1,1,19.94,1,2,2359.95,Ireland,Alaris GP #312,Medtronic,Alaris,2014-11-29,45,2
PRK360,Infusion Pump,14,1,0,2,1,1,46.44,1,2,859.98,Ireland,Alaris GP #926,Medtronic,Alaris,2015-02-23,13,3
PRK319,Infusion Pump,20,1,1,2,1,1,166.89,0,2,3170.27,Germany,Infusomat Space #277,B. Braun Melsungen AG,Infusomat,2013-08-18,4,3
PRK320,Ventilator,1,0,0,3,1,1,108.47,0,2,99280.37,USA,Smartvent 7900 #369,Datex-Ohmeda Inc,Smartvent,2005-01-29,15,2
PRK358,Radiographic System,5,0,0,1,1,1,222.08,0,2,80.75,Germany,Somatom #438,Siemens Healthineers,Siemens,2011-07-10,11,3
PRK300,Physiologic Monitoring System,25,1,0,1,1,1,12.04,1,2,79.62,Japan,Life Scope #877,Nihon Kohden Corp,Nihon Kohden,2003-03-31,15,2
PRK341,Ventilator,30,1,1,3,1,1,4.99,1,2,951.18,USA,Carestation 650 #316,Datex-Ohmeda Inc,Carestation,2017-08-31,11,3
PRK340,Radiographic System,4,1,0,1,1,1,23.11,1,2,19.53,Germany,Somatom #490,Siemens Healthineers,Siemens,2008-08-09,15,3
PRK312,Infusion Pump,16,1,0,2,1,1,0.0,0,2,0.0,Ireland,Alaris GP #785,Medtronic,Alaris,2015-09-21,,1
PRK312,Infusion Pump,4,0,0,2,1,1,10.03,0,2,248.11,USA,Sigma Spectrum #732,Baxter Healthcare Corp,Sigma,2008-03-12,43,2
PRK350,Infusion Pump,3,0,0,2,1,1,37.52,0,1,37.82,Germany,Infusomat Space #321,B. Braun Melsungen AG,Infusomat,1999-04-05,16,2
PRK300,Infusion Pump,8,1,0,2,1,1,5.49,1,2,35.61,USA,Sigma Spectrum #272,Baxter Healthcare Corp,Sigma,2000-05-10,22,2
PRK342,Physiologic Monitoring System,17,1,1,1,1,1,20.08,0,2,210.55,USA,CARESCAPE #307,GE Healthcare,GE,2014-04-25,21,3
PRK342,Infusion Pump,7,1,0,2,1,1,9.6,0,2,143.51,Ireland,Alaris GP #160,Medtronic,Alaris,2010-03-22,37,2
PRK341,Infusion Pump,17,1,1,2,1,1,6.68,0,2,310.06,USA,Sigma Spectrum #465,Baxter Healthcare Corp,Sigma,2018-01-15,28,3
PRK330,Infusion Pump,18,1,0,2,1,1,0.0,0,2,0.0,Germany,Infusomat Space #519,B. Braun Melsungen AG,Infusomat,2013-06-06,,1
PRK300,Infusion Pump,6,0,0,2,1,1,9.36,1,2,7875.36,Germany,Infusomat Space #912,B. Braun Melsungen AG,Infusomat,2012-12-12,9,3
PRK350,Defibrillator,6,0,0,3,1,1,138.11,0,2,1748.66,USA,Lifepak 20e #402,Physio-Control Inc,Lifepak,2001-11-11,7,2
PRK311,Infusion Pump,7,0,0,2,1,1,0.0,0,2,0.0,Germany,Infusomat Space #276,B. Braun Melsungen AG,Infusomat,2006-06-08,,1
PRK319,Infusion Pump,9,1,0,2,1,1,0.0,0,1,0.0,Ireland,Alaris GP #1,Medtronic,Alaris,2016-12-02,,1
PRK360,Infusion Pump,8,0,0,2,2,1,0.0,0,2,0.0,Germany,Infusomat Space #993,B. Braun Melsungen AG,Infusomat,2011-01-19,,1
PRK319,Infusion Pump,9,1,0,2,1,1,171.49,1,2,70.01,Germany,Infusomat Space #46,B. Braun Melsungen AG,Infusomat,2007-06-11,18,2
PRK319,Physiologic Monitoring System,6,0,0,1,1,1,134.62,0,2,2747.88,Netherlands,IntelliVue #11,Koninklijke Philips N.V.,Philips,1996-05-19,21,3
PRK360,Infusion Pump,3,0,0,2,1,1,141.89,0,2,0.0,Ireland,Alaris GP #627,Medtronic,Alaris,2003-12-25,56,2
PRK300,Infusion Pump,29,1,0,2,1,1,39.07,0,2,7031.19,Germany,Infusomat Space #616,B. Braun Melsungen AG,Infusomat,2016-02-24,18,2
PRK312,Infusion Pump,5,1,0,2,1,1,51.15,0,2,5490.99,USA,Sigma Spectrum #345,Baxter Healthcare Corp,Sigma,2013-08-03,22,2
PRK330,Ventilator,2,0,0,3,1,1,6.53,1,2,61.17,Germany,Evita V500 #513,Drager Medical AG & Co KGaA,Evita,2011-06-22,57,2
PRK350,Physiologic Monitoring System,14,1,1,1,1,1,15.42,1,1,704.2,USA,CARESCAPE #33,GE Healthcare,GE,2010-02-05,21,2
PRK358,Physiologic Monitoring System,4,0,0,1,1,1,205.01,0,2,1389.24,USA,CARESCAPE #612,GE Healthcare,GE,2010-10-30,32,2
PRK342,Physiologic Monitoring System,13,1,0,1,1,1,0.0,0,2,0.0,USA,CARESCAPE #429,GE Healthcare,GE,2015-07-09,,1
PRK360,Physiologic Monitoring System,5,1,0,1,1,1,0.0,0,2,0.0,USA,CARESCAPE #928,GE Healthcare,GE,2016-12-25,,1
PRK300,Infusion Pump,30,1,0,2,1,1,0.0,0,2,0.0,Germany,Infusomat Space #124,B. Braun Melsungen AG,Infusomat,2018-09-11,,1
PRK341,Infusion Pump,22,1,0,2,1,1,83.33,0,2,31511.59,Ireland,Alaris GP #915,Medtronic,Alaris,2004-05-07,11,3
PRK311,Infusion Pump,7,0,0,2,1,1,54.99,0,2,0.0,Ireland,Alaris GP #151,Medtronic,Alaris,2017-01-21,7,2
PRK358,Infusion Pump,12,1,0,2,1,1,34.95,0,2,0.0,Ireland,Alaris GP #74,Medtronic,Alaris,2014-09-11,38,3
PRK358,Ventilator,11,1,0,3,1,1,233.1,1,2,57.1,Germany,Evita V500 #759,Drager Medical AG & Co KGaA,Evita,2017-04-28,6,2
PRK319,Infusion Pump,5,0,0,2,1,1,0.0,0,2,0.0,USA,Sigma Spectrum #46,Baxter Healthcare Corp,Sigma,2016-12-05,,1
PRK358,Physiologic Monitoring System,14,1,0,1,1,1,0.0,1,2,0.0,Netherlands,IntelliVue #78,Koninklijke Philips N.V.,Philips,2009-12-29,,1
PRK341,Ventilator,9,1,0,3,1,1,32.67,1,2,1405.18,Germany,Evita V500 #610,Drager Medical AG & Co KGaA,Evita,2007-03-03,13,2
PRK310,Infusion Pump,10,1,0,2,2,1,142.25,0,2,10900.8,Ireland,Alaris GP #460,Medtronic,Alaris,2008-09-15,15,3
PRK341,Defibrillator,13,1,0,3,1,1,0.0,0,1,0.0,Netherlands,HeartStart XL #367,Koninklijke Philips N.V.,HeartStart,1999-02-02,,1
PRK360,Physiologic Monitoring System,8,1,0,1,1,1,65.91,1,2,19522.09,USA,CARESCAPE #327,GE Healthcare,GE,2001-07-17,18,3
PRK319,Ventilator,4,1,0,3,1,1,357.31,0,2,202.75,USA,Smartvent 7900 #801,Datex-Ohmeda Inc,Smartvent,2015-06-23,14,2
PRK300,Infusion Pump,12,1,0,2,1,1,0.0,0,2,0.0,Ireland,Alaris GP #978,Medtronic,Alaris,2003-08-04,,1
PRK360,Infusion Pump,15,1,0,2,1,1,0.0,0,2,0.0,USA,Sigma Spectrum #784,Baxter Healthcare Corp,Sigma,2018-02-19,,1
PRK330,Infusion Pump,15,1,0,2,1,1,0.0,1,2,0.0,Ireland,Alaris GP #22,Medtronic,Alaris,2005-05-06,,1
PRK330,Infusion Pump,15,1,0,2,1,1,85.86,1,1,2011.9,Ireland,Alaris GP #549,Medtronic,Alaris,2001-08-03,5,2
PRK342,Infusion Pump,11,1,0,2,1,1,298.41,1,1,588.03,Germany,Infusomat Space #455,B. Braun Melsungen AG,Infusomat,2012-02-27,31,3
PRK341,Defibrillator,2,1,0,3,1,1,3.92,0,2,0.0,USA,Lifepak 20e #342,Physio-Control Inc,Lifepak,2012-04-22,57,2
PRK319,Physiologic Monitoring System,30,1,2,1,1,1,0.0,0,2,0.0,Japan,Life Scope #698,Nihon Kohden Corp,Nihon Kohden,2010-08-02,,1
PRK310,Infusion Pump,15,1,0,2,1,1,3.3,1,2,45.59,USA,Sigma Spectrum #498,Baxter Healthcare Corp,Sigma,2017-12-12,8,2
PRK358,Infusion Pump,6,1,0,2,1,1,120.06,1,2,1449.67,Ireland,Alaris GP #942,Medtronic,Alaris,2012-10-26,21,2
PRK333,Infusion Pump,16,1,0,2,1,1,118.57,0,2,672.64,Ireland,Alaris GP #570,Medtronic,Alaris,2014-08-11,26,2
PRK341,Infusion Pump,3,1,0,2,1,1,37.78,1,2,368.86,Germany,Infusomat Space #315,B. Braun Melsungen AG,Infusomat,2013-01-06,55,2
PRK358,Sphygmomanometers,13,1,0,1,1,1,0.0,1,2,0.0,USA,DS66 #937,Welch Allyn Inc,Welch Allyn,2007-12-11,,1
PRK300,Infusion Pump,7,0,0,2,1,1,0.0,0,2,0.0,USA,Sigma Spectrum #634,Baxter Healthcare Corp,Sigma,2003-06-26,,1
PRK358,Infusion Pump,3,0,0,2,1,1,12.99,0,2,8504.68,USA,Sigma Spectrum #725,Baxter Healthcare Corp,Sigma,2015-02-16,42,2
PRK342,Physiologic Monitoring System,3,1,0,1,1,1,8.1,0,2,52.74,USA,CARESCAPE #256,GE Healthcare,GE,2003-08-23,45,2
PRK360,Infusion Pump,12,0,0,2,1,1,16.56,1,2,8575.69,Germany,Infusomat Space #225,B. Braun Melsungen AG,Infusomat,2014-06-11,26,3
PRK319,Infusion Pump,13,1,0,2,1,1,349.08,0,2,19351.98,USA,Sigma Spectrum #629,Baxter Healthcare Corp,Sigma,2016-11-19,19,2
PRK320,Physiologic Monitoring System,4,0,0,1,1,1,494.6,0,2,1447.07,Japan,Life Scope #281,Nihon Kohden Corp,Nihon Kohden,2019-09-07,17,2
PRK341,Physiologic Monitoring System,7,1,0,1,2,1,45.95,0,2,274.54,USA,CARESCAPE #88,GE Healthcare,GE,2013-04-11,44,2
PRK358,Sphygmomanometers,11,1,0,1,1,1,0.0,1,2,0.0,Japan,HEM-907 #417,Omron Healthcare Co Ltd,Omron,2013-12-09,,1
PRK360,Physiologic Monitoring System,6,1,0,1,1,1,1685.35,1,2,796.13,Netherlands,IntelliVue #286,Koninklijke Philips N.V.,Philips,2018-03-19,43,3
PRK330,Infusion Pump,30,1,1,2,1,1,25.72,1,2,480.92,USA,Sigma Spectrum #927,Baxter Healthcare Corp,Sigma,2010-08-05,2,2
PRK340,Physiologic Monitoring System,12,1,0,1,1,1,16.17,0,2,189.91,Netherlands,IntelliVue #444,Koninklijke Philips N.V.,Philips,2012-05-30,31,2
PRK312,Defibrillator,8,1,0,3,1,1,280.51,0,2,0.0,Netherlands,HeartStart XL #369,Koninklijke Philips N.V.,HeartStart,1998-12-08,10,2
PRK342,Physiologic Monitoring System,18,1,0,1,1,1,21.13,0,2,1200.56,USA,CARESCAPE #60,GE Healthcare,GE,2017-03-07,23,3
PRK358,Sphygmomanometers,13,1,0,1,1,1,0.0,0,2,0.0,Malaysia,MV-BP100 #637,Med-Vantage Sdn Bhd,MedVantage,1996-09-11,,1
PRK350,Ventilator,11,1,0,3,1,1,259.46,0,2,0.0,USA,Carestation 650 #195,Datex-Ohmeda Inc,Carestation,2012-11-16,36,3
PRK320,Defibrillator,12,1,0,3,2,1,0.0,1,2,0.0,USA,Lifepak 20e #707,Physio-Control Inc,Lifepak,2009-10-12,,1
PRK360,Infusion Pump,15,0,0,2,1,1,0.0,0,2,0.0,Ireland,Alaris GP #106,Medtronic,Alaris,2014-01-20,,1
PRK311,Physiologic Monitoring System,5,0,0,1,1,1,51.27,0,2,42.49,USA,CARESCAPE #700,GE Healthcare,GE,1996-08-20,14,3
PRK333,Infusion Pump,1,1,0,2,1,1,0.0,0,2,0.0,Germany,Infusomat Space #944,B. Braun Melsungen AG,Infusomat,1999-06-27,,1
PRK340,Physiologic Monitoring System,19,1,0,1,1,1,13.91,1,2,1467.06,Netherlands,IntelliVue #939,Koninklijke Philips N.V.,Philips,2015-04-20,14,2
PRK340,Physiologic Monitoring System,9,1,0,1,1,1,294.18,0,2,10.35,USA,CARESCAPE #512,GE Healthcare,GE,2018-08-18,30,2
PRK342,Sphygmomanometers,6,1,2,1,2,1,738.99,0,2,0.0,Japan,HEM-907 #303,Omron Healthcare Co Ltd,Omron,2006-01-18,32,2
PRK341,Radiographic System,4,1,0,1,1,1,5.91,0,2,1607.63,Germany,Somatom #587,Siemens Healthineers,Siemens,2012-01-22,52,3
PRK300,Infusion Pump,4,0,0,2,1,1,4.88,0,2,20.91,USA,Sigma Spectrum #776,Baxter Healthcare Corp,Sigma,2001-12-30,11,2
PRK312,Physiologic Monitoring System,10,0,0,1,1,1,0.0,0,2,0.0,Japan,Life Scope #817,Nihon Kohden Corp,Nihon Kohden,2020-04-16,,1
PRK333,Physiologic Monitoring System,9,1,0,1,1,1,0.0,0,2,0.0,Netherlands,IntelliVue #67,Koninklijke Philips N.V.,Philips,2013-04-07,,1
PRK342,Infusion Pump,18,1,0,2,3,1,5.66,1,1,5196.48,Germany,Infusomat Space #343,B. Braun Melsungen AG,Infusomat,2018-06-15,14,3
PRK333,Infusion Pump,13,0,0,2,1,1,384.55,0,2,162.75,USA,Sigma Spectrum #503,Baxter Healthcare Corp,Sigma,2019-12-06,38,3
PRK320,Infusion Pump,15,1,0,2,1,1,9.64,0,2,145.45,Ireland,Alaris GP #101,Medtronic,Alaris,2019-06-19,28,2
PRK300,Ventilator,17,1,0,3,1,1,26.28,0,2,4931.83,USA,Carestation 650 #589,Datex-Ohmeda Inc,Carestation,2015-07-08,7,2
PRK350,Infusion Pump,10,0,1,2,1,1,104.29,0,2,382.24,USA,Sigma Spectrum #169,Baxter Healthcare Corp,Sigma,2015-01-14,25,2
PRK333,Radiographic System,24,1,0,1,1,1,12.36,0,2,44022.23,Germany,Somatom #144,Siemens Healthineers,Siemens,2017-12-14,11,3
PRK340,Infusion Pump,5,1,0,2,1,1,55.32,0,2,2324.16,Ireland,Alaris GP #687,Medtronic,Alaris,2005-11-28,43,2
PRK333,Sphygmomanometers,17,1,2,1,1,1,174.39,1,1,1942.62,Malaysia,MV-BP100 #665,Med-Vantage Sdn Bhd,MedVantage,2017-08-10,13,3
PRK319,Infusion Pump,1,0,0,2,1,1,0.0,1,2,0.0,USA,Sigma Spectrum #946,Baxter Healthcare Corp,Sigma,2011-05-03,,1
PRK319,Ventilator,1,0,0,3,1,1,107.79,0,2,13471.06,USA,Carestation 650 #969,Datex-Ohmeda Inc,Carestation,2002-04-27,58,2
PRK300,Infusion Pump,3,1,0,2,1,1,3.17,0,2,0.53,Ireland,Alaris GP #450,Medtronic,Alaris,2017-04-06,33,2
PRK342,Physiologic Monitoring System,8,1,0,1,2,1,0.0,1,2,0.0,Netherlands,IntelliVue #693,Koninklijke Philips N.V.,Philips,2005-12-24,,1
PRK319,Ventilator,1,0,0,3,1,1,94.77,1,2,102.17,UK,Blease 8200p #308,Blease Medical Equipment Ltd,Blease,1998-10-07,23,2
PRK319,Defibrillator,8,1,0,3,1,1,134.15,0,2,43.86,Netherlands,HeartStart XL #511,Koninklijke Philips N.V.,HeartStart,2004-02-02,8,3
PRK360,Ventilator,6,1,0,3,1,1,45.69,0,2,483.14,USA,Smartvent 7900 #880,Datex-Ohmeda Inc,Smartvent,2015-07-02,48,3
PRK326,Infusion Pump,30,1,1,2,1,1,0.0,0,2,0.0,Germany,Infusomat Space #299,B. Braun Melsungen AG,Infusomat,1999-06-27,,1
PRK333,Infusion Pump,2,1,0,2,1,1,34.71,1,2,11.87,USA,Sigma Spectrum #397,Baxter Healthcare Corp,Sigma,2016-03-10,33,2
PRK326,Infusion Pump,10,1,0,2,1,1,94.6,0,2,43.3,Germany,Infusomat Space #137,B. Braun Melsungen AG,Infusomat,2017-04-27,7,2
PRK319,Infusion Pump,13,1,0,2,2,1,0.0,0,2,0.0,Germany,Infusomat Space #129,B. Braun Melsungen AG,Infusomat,2009-11-27,,1
PRK300,Physiologic Monitoring System,23,1,0,1,1,1,65.94,0,1,0.0,Japan,Life Scope #788,Nihon Kohden Corp,Nihon Kohden,2008-10-27,13,2
PRK358,Physiologic Monitoring System,15,1,0,1,1,1,0.0,0,2,0.0,USA,CARESCAPE #258,GE Healthcare,GE,2014-02-13,,1
PRK333,Ventilator,19,1,0,3,2,1,407.3,0,2,277.44,UK,Blease 8200p #589,Blease Medical Equipment Ltd,Blease,2005-11-26,17,3
PRK342,Defibrillator,11,1,0,3,1,1,650.87,0,2,1288.5,USA,Lifepak 20e #780,Physio-Control Inc,Lifepak,1994-02-10,11,2
PRK360,Physiologic Monitoring System,5,0,1,1,1,1,0.0,1,2,0.0,USA,CARESCAPE #367,GE Healthcare,GE,2003-03-16,,1
PRK300,Ventilator,2,1,1,3,1,1,69.03,1,2,15329.87,USA,Carestation 650 #861,Datex-Ohmeda Inc,Carestation,2000-06-26,40,2
PRK342,Infusion Pump,15,0,0,2,1,1,0.0,0,2,0.0,Ireland,Alaris GP #890,Medtronic,Alaris,2004-12-08,,1
PRK311,Infusion Pump,6,0,0,2,1,1,91.97,1,2,5216.05,USA,Sigma Spectrum #790,Baxter Healthcare Corp,Sigma,2017-10-09,44,3
PRK330,Physiologic Monitoring System,1,0,0,1,1,1,13.21,1,2,769.03,Japan,Life Scope #571,Nihon Kohden Corp,Nihon Kohden,2019-12-08,14,2
PRK358,Defibrillator,7,1,0,3,1,1,269.41,0,1,111.3,Netherlands,HeartStart XL #983,Koninklijke Philips N.V.,HeartStart,2005-11-16,38,2
PRK300,Infusion Pump,9,1,0,2,1,1,33.95,0,1,97282.25,Germany,Infusomat Space #736,B. Braun Melsungen AG,Infusomat,2016-02-06,12,2
PRK360,Infusion Pump,21,1,2,2,2,1,159.27,1,2,0.0,Germany,Infusomat Space #134,B. Braun Melsungen AG,Infusomat,2013-07-09,19,2
PRK341,Physiologic Monitoring System,7,0,0,1,2,1,6.89,0,2,406.64,Netherlands,IntelliVue #660,Koninklijke Philips N.V.,Philips,2007-02-08,25,2
PRK326,Infusion Pump,9,1,0,2,2,1,0.0,0,2,0.0,Germany,Infusomat Space #491,B. Braun Melsungen AG,Infusomat,2015-07-07,,1
PRK300,Infusion Pump,9,1,0,2,1,1,0.0,0,2,0.0,Ireland,Alaris GP #196,Medtronic,Alaris,2015-09-30,,1
PRK341,Defibrillator,17,0,1,3,1,1,0.0,0,2,0.0,Netherlands,HeartStart XL #659,Koninklijke Philips N.V.,HeartStart,2003-07-04,,1
PRK333,Physiologic Monitoring System,5,0,0,1,1,1,0.0,0,2,0.0,Japan,Life Scope #995,Nihon Kohden Corp,Nihon Kohden,2018-01-01,,1
PRK319,Infusion Pump,12,1,0,2,1,1,24.22,0,2,648.36,USA,Sigma Spectrum #975,Baxter Healthcare Corp,Sigma,2013-06-04,6,2
PRK333,Defibrillator,6,0,0,3,1,1,0.0,0,2,0.0,Netherlands,HeartStart XL #672,Koninklijke Philips N.V.,HeartStart,2004-06-07,,1
PRK300,Infusion Pump,21,1,2,2,1,1,0.0,0,2,0.0,Ireland,Alaris GP #947,Medtronic,Alaris,2016-07-17,,1
PRK360,Defibrillator,24,1,1,3,1,1,0.0,1,2,0.0,Netherlands,HeartStart XL #402,Koninklijke Philips N.V.,HeartStart,2015-08-11,,1
PRK320,Infusion Pump,10,1,0,2,1,1,10.31,0,2,630.45,USA,Sigma Spectrum #357,Baxter Healthcare Corp,Sigma,2020-04-25,9,2
PRK333,Physiologic Monitoring System,11,1,0,1,1,1,0.0,1,2,0.0,USA,CARESCAPE #631,GE Healthcare,GE,2015-03-20,,1
PRK350,Infusion Pump,7,1,0,2,1,1,0.0,1,2,0.0,Ireland,Alaris GP #887,Medtronic,Alaris,2000-07-21,,1
PRK342,Infusion Pump,1,0,0,2,1,1,14.78,0,2,123.05,Germany,Infusomat Space #170,B. Braun Melsungen AG,Infusomat,2005-01-04,17,2
PRK358,Defibrillator,9,1,0,3,2,1,0.0,0,1,0.0,USA,Lifepak 20e #515,Physio-Control Inc,Lifepak,2017-05-13,,1
PRK358,Infusion Pump,8,0,0,2,1,1,6.67,0,2,366.59,Ireland,Alaris GP #872,Medtronic,Alaris,2018-05-19,31,2
PRK312,Infusion Pump,7,0,0,2,2,1,27.56,1,2,183.73,Germany,Infusomat Space #97,B. Braun Melsungen AG,Infusomat,2017-10-02,14,3
PRK326,Infusion Pump,7,0,0,2,1,1,8.37,0,2,87.92,Ireland,Alaris GP #142,Medtronic,Alaris,2014-05-11,5,3
PRK342,Physiologic Monitoring System,12,1,0,1,1,1,43.89,0,1,30.17,USA,CARESCAPE #59,GE Healthcare,GE,2020-01-04,31,2
PRK300,Ventilator,11,1,0,3,1,1,111.7,0,2,1153.32,UK,Blease 8200p #762,Blease Medical Equipment Ltd,Blease,2009-11-08,14,2
PRK342,Radiographic System,7,1,0,1,1,1,99.35,0,2,132.31,Germany,Somatom #998,Siemens Healthineers,Siemens,2018-04-29,25,2
PRK300,Infusion Pump,22,1,0,2,1,1,85.2,1,2,69.56,Ireland,Alaris GP #512,Medtronic,Alaris,2001-05-20,12,2
PRK358,Infusion Pump,1,0,0,2,1,1,0.6,1,2,1484.64,Germany,Infusomat Space #941,B. Braun Melsungen AG,Infusomat,2009-12-26,4,2
PRK342,Infusion Pump,5,1,0,2,1,1,23.31,0,2,370.25,USA,Sigma Spectrum #954,Baxter Healthcare Corp,Sigma,2015-12-20,44,2
PRK340,Physiologic Monitoring System,15,1,0,1,1,1,545.63,0,2,1353.99,Japan,Life Scope #631,Nihon Kohden Corp,Nihon Kohden,2020-10-28,31,3
PRK330,Radiographic System,2,1,2,1,1,1,2551.94,0,2,410.43,Netherlands,DigitalDiagnost #816,Koninklijke Philips N.V.,Philips,2017-06-07,20,2
PRK360,Physiologic Monitoring System,1,1,0,1,1,1,0.0,0,2,0.0,Netherlands,IntelliVue #699,Koninklijke Philips N.V.,Philips,2006-11-20,,1
PRK342,Physiologic Monitoring System,5,1,0,1,1,1,60.69,0,2,20.28,USA,CARESCAPE #301,GE Healthcare,GE,2005-11-10,38,3
PRK350,Infusion Pump,8,1,0,2,1,1,12.2,0,2,16362.37,Ireland,Alaris GP #583,Medtronic,Alaris,2012-06-28,11,2
PRK358,Defibrillator,6,1,0,3,1,1,518.23,1,2,0.0,USA,Lifepak 20e #34,Physio-Control Inc,Lifepak,2008-02-16,11,3
PRK300,Infusion Pump,10,1,0,2,1,1,41.36,0,1,0.0,Germany,Infusomat Space #794,B. Braun Melsungen AG,Infusomat,2015-01-13,43,2
PRK300,Infusion Pump,1,1,0,2,1,1,0.0,0,2,0.0,Ireland,Alaris GP #5,Medtronic,Alaris,2015-05-20,,1
PRK312,Infusion Pump,4,1,0,2,1,1,0.0,0,1,0.0,Ireland,Alaris GP #283,Medtronic,Alaris,2018-10-17,,1
PRK341,Infusion Pump,14,1,0,2,3,1,0.21,0,2,661.78,Germany,Infusomat Space #153,B. Braun Melsungen AG,Infusomat,2015-09-17,14,2
PRK341,Infusion Pump,12,1,0,2,2,1,48.09,0,2,2804.53,Germany,Infusomat Space #249,B. Braun Melsungen AG,Infusomat,2018-04-18,33,3
PRK320,Infusion Pump,5,0,0,2,1,1,3.84,0,2,0.0,USA,Sigma Spectrum #100,Baxter Healthcare Corp,Sigma,2011-03-04,29,3
PRK360,Infusion Pump,9,1,0,2,1,1,147.73,0,2,0.0,USA,Sigma Spectrum #501,Baxter Healthcare Corp,Sigma,2004-10-01,16,2
PRK310,Physiologic Monitoring System,8,1,0,1,1,1,1004.37,1,2,1752.78,Netherlands,IntelliVue #103,Koninklijke Philips N.V.,Philips,2000-11-15,20,2
PRK342,Infusion Pump,8,1,0,2,1,1,0.0,1,2,0.0,USA,Sigma Spectrum #204,Baxter Healthcare Corp,Sigma,2011-03-29,,1
PRK333,Infusion Pump,11,0,0,2,1,1,1893.7,0,2,0.0,USA,Sigma Spectrum #405,Baxter Healthcare Corp,Sigma,2009-03-28,25,2
PRK330,Sphygmomanometers,25,1,0,1,1,1,0.0,0,2,0.0,USA,DS66 #517,Welch Allyn Inc,Welch Allyn,2001-02-16,,1
PRK300,Physiologic Monitoring System,25,0,2,1,1,1,733.79,0,2,7443.12,Netherlands,IntelliVue #866,Koninklijke Philips N.V.,Philips,2017-01-24,14,2
PRK342,Infusion Pump,2,1,0,2,1,1,3.12,0,2,0.0,USA,Sigma Spectrum #954,Baxter Healthcare Corp,Sigma,2001-04-19,39,2
PRK342,Infusion Pump,7,0,0,2,1,1,79.71,1,2,31.25,USA,Sigma Spectrum #615,Baxter Healthcare Corp,Sigma,2008-06-27,47,2
PRK319,Defibrillator,3,1,0,3,1,1,5.04,1,2,212.62,Netherlands,HeartStart XL #307,Koninklijke Philips N.V.,HeartStart,2017-04-08,50,2
PRK333,Infusion Pump,11,1,0,2,1,1,108.83,0,2,2140.56,USA,Sigma Spectrum #71,Baxter Healthcare Corp,Sigma,2001-11-16,33,2
PRK341,Infusion Pump,7,1,0,2,1,1,30.7,1,2,0.0,USA,Sigma Spectrum #603,Baxter Healthcare Corp,Sigma,2019-02-21,8,2
PRK320,Defibrillator,17,1,0,3,1,1,38.25,0,2,2777.31,Netherlands,HeartStart XL #785,Koninklijke Philips N.V.,HeartStart,2015-01-27,12,2
PRK341,Infusion Pump,9,1,0,2,1,1,37.17,0,2,2.24,Ireland,Alaris GP #897,Medtronic,Alaris,2011-11-24,23,3
PRK330,Physiologic Monitoring System,23,0,0,1,1,1,360.95,0,2,40770.47,USA,CARESCAPE #478,GE Healthcare,GE,2000-03-26,5,2
PRK358,Physiologic Monitoring System,26,1,0,1,2,1,0.0,0,2,0.0,Netherlands,IntelliVue #571,Koninklijke Philips N.V.,Philips,2010-04-26,,1
PRK342,Physiologic Monitoring System,22,1,2,1,1,1,76.58,1,2,1279.65,USA,CARESCAPE #716,GE Healthcare,GE,2006-02-15,10,2
PRK311,Infusion Pump,1,0,0,2,1,1,0.0,1,2,0.0,Germany,Infusomat Space #105,B. Braun Melsungen AG,Infusomat,2009-05-27,,1
PRK350,Infusion Pump,10,1,0,2,1,1,0.0,0,2,0.0,Germany,Infusomat Space #466,B. Braun Melsungen AG,Infusomat,2000-07-28,,1
PRK320,Infusion Pump,6,0,0,2,1,1,36.78,0,2,8721.6,Germany,Infusomat Space #621,B. Braun Melsungen AG,Infusomat,2002-09-07,48,2
PRK358,Infusion Pump,7,0,0,2,1,1,7.47,0,2,0.0,Germany,Infusomat Space #633,B. Braun Melsungen AG,Infusomat,2013-02-24,25,2
PRK341,Defibrillator,15,1,1,3,1,1,0.0,0,2,0.0,USA,Lifepak 20e #601,Physio-Control Inc,Lifepak,2007-07-06,,1
PRK300,Infusion Pump,7,0,0,2,1,1,24.72,0,2,1983.26,Germany,Infusomat Space #316,B. Braun Melsungen AG,Infusomat,1997-05-01,11,2
PRK342,Physiologic Monitoring System,9,1,0,1,1,1,90.3,0,2,9816.53,Netherlands,IntelliVue #317,Koninklijke Philips N.V.,Philips,2017-10-24,33,2
PRK311,Ventilator,9,1,0,3,1,1,215.65,0,2,0.0,UK,Blease 8200p #945,Blease Medical Equipment Ltd,Blease,2013-11-07,45,2
PRK358,Ventilator,1,0,0,3,1,1,7.96,0,2,0.0,UK,Blease 8200p #615,Blease Medical Equipment Ltd,Blease,2014-01-20,54,2
PRK360,Infusion Pump,6,1,0,2,1,1,12.55,0,2,71568.06,Ireland,Alaris GP #10,Medtronic,Alaris,2016-11-08,20,2
PRK342,Infusion Pump,18,0,0,2,1,1,4.16,1,2,192.57,Germany,Infusomat Space #766,B. Braun Melsungen AG,Infusomat,2006-01-14,15,2
PRK333,Radiographic System,1,0,0,1,1,1,29.15,0,2,4633.59,Germany,Somatom #564,Siemens Healthineers,Siemens,2015-08-29,36,2
PRK341,Physiologic Monitoring System,13,1,0,1,1,1,366.61,0,2,8.05,Japan,Life Scope #810,Nihon Kohden Corp,Nihon Kohden,2010-04-24,14,3
PRK330,Ventilator,4,1,0,3,1,1,52.22,0,2,16134.07,Germany,Evita V500 #281,Drager Medical AG & Co KGaA,Evita,2018-10-08,20,2
PRK300,Defibrillator,6,0,0,3,1,1,694.98,0,2,6444.17,Netherlands,HeartStart XL #782,Koninklijke Philips N.V.,HeartStart,2011-01-26,18,2
PRK358,Ventilator,15,1,0,3,1,1,98.18,0,2,240.42,USA,Carestation 650 #229,Datex-Ohmeda Inc,Carestation,2015-04-06,35,2
PRK320,Infusion Pump,3,0,0,2,1,1,19.58,0,1,12560.36,Ireland,Alaris GP #504,Medtronic,Alaris,2005-04-22,44,2
PRK319,Physiologic Monitoring System,7,1,0,1,1,1,0.0,0,2,990.17,Japan,Life Scope #876,Nihon Kohden Corp,Nihon Kohden,2003-04-30,2,2
PRK312,Infusion Pump,2,0,0,2,1,1,942.08,0,2,0.0,Ireland,Alaris GP #761,Medtronic,Alaris,2008-06-17,57,2
PRK360,Physiologic Monitoring System,12,1,0,1,1,1,222.76,0,2,500.26,Netherlands,IntelliVue #724,Koninklijke Philips N.V.,Philips,2004-01-02,39,2
PRK358,Sphygmomanometers,4,0,0,1,1,1,39.46,0,2,127.79,Malaysia,MV-BP100 #56,Med-Vantage Sdn Bhd,MedVantage,2003-11-11,13,3
PRK320,Infusion Pump,2,0,0,2,1,1,69.66,1,2,42364.66,USA,Sigma Spectrum #360,Baxter Healthcare Corp,Sigma,2013-02-19,53,2
PRK319,Infusion Pump,9,1,0,2,1,1,24.52,0,2,1953.73,Ireland,Alaris GP #729,Medtronic,Alaris,2012-12-01,9,3
PRK350,Infusion Pump,2,0,0,2,1,1,0.0,0,2,0.0,USA,Sigma Spectrum #808,Baxter Healthcare Corp,Sigma,2019-06-24,,1
PRK330,Sphygmomanometers,6,0,0,1,1,1,63.85,0,1,929.43,Japan,HEM-907 #254,Omron Healthcare Co Ltd,Omron,2019-01-25,28,2
PRK360,Infusion Pump,4,0,0,2,1,1,5.81,0,2,3294.35,Germany,Infusomat Space #900,B. Braun Melsungen AG,Infusomat,1997-06-10,36,2
PRK358,Infusion Pump,10,1,0,2,1,1,28.48,0,2,8511.96,Germany,Infusomat Space #86,B. Braun Melsungen AG,Infusomat,2016-12-29,20,2
PRK342,Infusion Pump,10,0,1,2,1,1,5.65,0,2,91047.32,USA,Sigma Spectrum #494,Baxter Healthcare Corp,Sigma,2017-11-20,6,2
PRK310,Infusion Pump,5,0,0,2,1,1,39.06,0,2,2772.79,Ireland,Alaris GP #475,Medtronic,Alaris,2006-07-01,16,3
PRK342,Infusion Pump,22,1,0,2,1,1,9.09,0,2,123.71,Germany,Infusomat Space #189,B. Braun Melsungen AG,Infusomat,2017-02-05,19,2
PRK360,Infusion Pump,18,1,0,2,1,1,61.74,0,2,402.43,Germany,Infusomat Space #184,B. Braun Melsungen AG,Infusomat,2015-04-16,12,2
PRK326,Infusion Pump,4,0,0,2,1,1,190.59,1,2,13352.91,Ireland,Alaris GP #451,Medtronic,Alaris,2015-04-18,22,2
PRK358,Infusion Pump,30,0,1,2,1,1,95.89,0,1,0.0,Germany,Infusomat Space #977,B. Braun Melsungen AG,Infusomat,1999-01-23,12,2
PRK330,Infusion Pump,14,0,0,2,1,1,3.85,0,2,1066.99,Ireland,Alaris GP #653,Medtronic,Alaris,2014-01-28,10,3
PRK360,Infusion Pump,11,1,0,2,1,1,2.73,0,2,219.16,Ireland,Alaris GP #187,Medtronic,Alaris,2000-04-05,39,3
PRK341,Infusion Pump,11,0,0,2,1,1,5.43,0,2,322.09,USA,Sigma Spectrum #635,Baxter Healthcare Corp,Sigma,2018-08-18,40,2
PRK310,Physiologic Monitoring System,3,0,0,1,1,1,0.0,0,2,0.0,Japan,Life Scope #933,Nihon Kohden Corp,Nihon Kohden,2016-06-22,,1
PRK333,Infusion Pump,20,1,2,2,1,1,0.0,0,2,0.0,Germany,Infusomat Space #328,B. Braun Melsungen AG,Infusomat,2017-03-27,,1
PRK300,Infusion Pump,1,0,0,2,1,1,0.0,0,2,0.0,USA,Sigma Spectrum #838,Baxter Healthcare Corp,Sigma,2009-12-02,,1
PRK326,Infusion Pump,11,1,0,2,1,1,8.65,0,1,16.26,Germany,Infusomat Space #573,B. Braun Melsungen AG,Infusomat,2016-08-11,28,2
PRK358,Infusion Pump,18,1,1,2,1,1,0.0,0,1,0.0,Ireland,Alaris GP #845,Medtronic,Alaris,2010-11-07,,1
PRK319,Infusion Pump,4,0,2,2,1,1,25.7,1,2,8548.59,Germany,Infusomat Space #481,B. Braun Melsungen AG,Infusomat,2005-03-14,15,2
PRK360,Infusion Pump,15,1,1,2,1,1,47.36,0,2,1073.24,Ireland,Alaris GP #440,Medtronic,Alaris,2004-08-11,27,2
PRK310,Defibrillator,9,0,0,3,1,1,0.0,0,2,0.0,USA,Lifepak 20e #67,Physio-Control Inc,Lifepak,2009-12-08,,1
PRK341,Infusion Pump,16,0,2,2,1,1,15.93,1,2,3669.57,Germany,Infusomat Space #265,B. Braun Melsungen AG,Infusomat,2002-01-23,13,3
PRK360,Infusion Pump,17,1,0,2,1,1,13.52,0,2,4158.67,USA,Sigma Spectrum #178,Baxter Healthcare Corp,Sigma,2017-05-11,29,3
PRK341,Infusion Pump,24,1,2,2,1,1,47.48,1,2,1409.07,Ireland,Alaris GP #480,Medtronic,Alaris,2008-11-12,5,2
PRK358,Infusion Pump,20,1,0,2,2,1,26.05,0,2,3811.83,Ireland,Alaris GP #534,Medtronic,Alaris,2010-03-14,14,2
PRK360,Infusion Pump,1,1,0,2,1,1,0.0,0,2,0.0,Germany,Infusomat Space #953,B. Braun Melsungen AG,Infusomat,2011-06-19,,1
PRK341,Ventilator,4,0,0,3,1,1,0.0,1,2,0.0,UK,Blease 8200p #231,Blease Medical Equipment Ltd,Blease,2006-09-19,,1
PRK350,Ventilator,12,1,0,3,1,1,42.56,0,2,23.35,USA,Carestation 650 #301,Datex-Ohmeda Inc,Carestation,2019-12-24,10,2
PRK300,Infusion Pump,17,0,0,2,2,1,20.13,0,2,43.72,USA,Sigma Spectrum #499,Baxter Healthcare Corp,Sigma,2011-06-27,19,2
PRK330,Infusion Pump,3,0,0,2,1,1,133.51,0,2,11857.16,Germany,Infusomat Space #134,B. Braun Melsungen AG,Infusomat,2016-05-12,27,2
PRK319,Infusion Pump,14,1,0,2,1,1,13.44,0,2,1755.38,Ireland,Alaris GP #453,Medtronic,Alaris,2015-08-04,28,2
PRK358,Infusion Pump,21,1,2,2,1,1,0.0,0,2,0.0,Ireland,Alaris GP #760,Medtronic,Alaris,2007-11-29,,1
PRK342,Physiologic Monitoring System,17,1,0,1,1,1,59.98,1,2,72.56,Japan,Life Scope #334,Nihon Kohden Corp,Nihon Kohden,2003-11-08,6,3
PRK341,Infusion Pump,14,1,0,2,1,1,62.45,0,2,27.88,Germany,Infusomat Space #477,B. Braun Melsungen AG,Infusomat,2012-08-08,12,3
PRK358,Infusion Pump,8,1,0,2,1,1,21.63,0,2,41.08,Germany,Infusomat Space #941,B. Braun Melsungen AG,Infusomat,2015-09-19,14,3
PRK310,Sphygmomanometers,8,1,0,1,1,1,33.84,0,2,159.27,Japan,HEM-907 #243,Omron Healthcare Co Ltd,Omron,1998-09-16,41,3
PRK360,Infusion Pump,30,0,0,2,1,1,1.82,0,2,0.97,USA,Sigma Spectrum #912,Baxter Healthcare Corp,Sigma,2002-11-07,2,3
PRK310,Infusion Pump,6,1,0,2,1,1,54.64,0,1,5308.49,Germany,Infusomat Space #46,B. Braun Melsungen AG,Infusomat,2013-12-25,26,2
PRK320,Physiologic Monitoring System,4,1,0,1,1,1,1886.81,0,1,1365.06,USA,CARESCAPE #599,GE Healthcare,GE,2018-01-29,36,3
PRK341,Infusion Pump,2,1,0,2,1,1,274.17,1,2,1739.38,USA,Sigma Spectrum #806,Baxter Healthcare Corp,Sigma,2005-02-24,34,2
PRK320,Infusion Pump,13,1,0,2,1,1,2.9,0,2,2867.92,Ireland,Alaris GP #113,Medtronic,Alaris,2018-11-27,28,2
PRK342,Infusion Pump,12,1,0,2,1,1,92.05,0,2,616.06,USA,Sigma Spectrum #257,Baxter Healthcare Corp,Sigma,2009-03-23,34,2
PRK342,Defibrillator,9,1,0,3,1,1,121.8,0,2,1092.09,Netherlands,HeartStart XL #567,Koninklijke Philips N.V.,HeartStart,2018-06-12,22,2
PRK358,Infusion Pump,12,0,1,2,1,1,0.0,0,2,0.0,Germany,Infusomat Space #13,B. Braun Melsungen AG,Infusomat,1995-02-04,,1
PRK312,Infusion Pump,15,1,0,2,1,1,13.21,0,2,0.0,Germany,Infusomat Space #402,B. Braun Melsungen AG,Infusomat,2016-07-06,30,2
PRK312,Infusion Pump,7,1,0,2,1,1,3339.6,0,2,82.76,Germany,Infusomat Space #982,B. Braun Melsungen AG,Infusomat,2010-05-10,20,2
PRK300,Infusion Pump,13,1,0,2,1,1,66.86,0,2,0.0,USA,Sigma Spectrum #453,Baxter Healthcare Corp,Sigma,2013-06-04,5,2
PRK333,Physiologic Monitoring System,7,1,0,1,1,1,12.28,1,1,55.49,USA,CARESCAPE #849,GE Healthcare,GE,2014-11-05,38,2
PRK311,Infusion Pump,13,1,0,2,1,1,2.9,0,2,45.4,Ireland,Alaris GP #54,Medtronic,Alaris,2011-05-30,30,3
PRK319,Physiologic Monitoring System,21,1,0,1,1,1,44.08,0,2,22.24,USA,CARESCAPE #621,GE Healthcare,GE,2004-11-06,22,3
PRK358,Physiologic Monitoring System,17,1,0,1,1,1,79.19,1,1,7.84,Japan,Life Scope #975,Nihon Kohden Corp,Nihon Kohden,2006-03-23,26,3
PRK360,Ventilator,27,1,0,3,1,1,6.99,0,2,1186.1,USA,Smartvent 7900 #590,Datex-Ohmeda Inc,Smartvent,2011-02-08,12,2
PRK358,Infusion Pump,6,1,0,2,1,1,167.89,1,2,61.65,Germany,Infusomat Space #353,B. Braun Melsungen AG,Infusomat,2019-03-26,31,3
PRK300,Defibrillator,5,1,0,3,1,1,0.0,0,2,0.0,USA,Lifepak 20e #210,Physio-Control Inc,Lifepak,2012-11-18,,1
PRK340,Physiologic Monitoring System,12,1,1,1,1,1,55.45,0,2,28465.74,USA,CARESCAPE #121,GE Healthcare,GE,2018-04-29,7,2
PRK312,Infusion Pump,6,0,0,2,1,1,11.64,0,2,230.36,Germany,Infusomat Space #423,B. Braun Melsungen AG,Infusomat,2014-10-03,29,2
PRK326,Ventilator,13,1,0,3,1,1,0.0,0,2,0.0,USA,Smartvent 7900 #661,Datex-Ohmeda Inc,Smartvent,2001-12-18,,1
PRK330,Defibrillator,10,1,2,3,1,1,1503.26,1,2,7118.13,Netherlands,HeartStart XL #622,Koninklijke Philips N.V.,HeartStart,1997-07-09,13,2
PRK358,Infusion Pump,4,0,0,2,1,1,0.0,0,2,0.0,Ireland,Alaris GP #937,Medtronic,Alaris,2020-05-20,,1
PRK341,Defibrillator,12,1,0,3,1,1,2.31,1,2,884.95,Netherlands,HeartStart XL #300,Koninklijke Philips N.V.,HeartStart,2020-12-19,37,3
PRK319,Infusion Pump,4,1,0,2,1,1,27.96,1,2,13.86,Ireland,Alaris GP #510,Medtronic,Alaris,2002-11-22,42,3
PRK341,Physiologic Monitoring System,22,1,2,1,2,1,12.7,1,2,876.05,USA,CARESCAPE #681,GE Healthcare,GE,2006-03-15,7,2
PRK360,Radiographic System,7,0,0,1,1,1,0.0,0,1,0.0,Netherlands,DigitalDiagnost #659,Koninklijke Philips N.V.,Philips,2012-06-20,,1
PRK300,Infusion Pump,5,0,0,2,1,1,113.67,0,2,42787.39,USA,Sigma Spectrum #640,Baxter Healthcare Corp,Sigma,2006-08-18,19,3
PRK358,Ventilator,10,0,0,3,1,1,5.08,0,2,0.0,UK,Blease 8200p #615,Blease Medical Equipment Ltd,Blease,2018-06-27,31,3
PRK319,Infusion Pump,11,0,0,2,1,1,4.22,1,1,11065.2,USA,Sigma Spectrum #900,Baxter Healthcare Corp,Sigma,2005-09-28,27,3
PRK311,Ventilator,5,0,0,3,1,1,238.94,0,2,159.62,USA,Carestation 650 #331,Datex-Ohmeda Inc,Carestation,2009-07-31,51,2
PRK358,Physiologic Monitoring System,5,1,0,1,1,1,679.91,0,2,5684.81,USA,CARESCAPE #91,GE Healthcare,GE,2002-05-27,27,3
PRK300,Infusion Pump,2,1,0,2,2,1,5748.74,0,2,98.05,Ireland,Alaris GP #965,Medtronic,Alaris,1993-06-02,23,2
PRK342,Infusion Pump,16,1,0,2,1,1,0.0,0,2,0.0,USA,Sigma Spectrum #42,Baxter Healthcare Corp,Sigma,2019-06-04,,1
PRK310,Infusion Pump,22,1,0,2,1,1,110.78,1,1,147.81,USA,Sigma Spectrum #995,Baxter Healthcare Corp,Sigma,2008-11-08,3,3
PRK341,Infusion Pump,18,1,0,2,1,1,0.0,0,2,677.23,USA,Sigma Spectrum #1,Baxter Healthcare Corp,Sigma,2019-08-19,28,3
PRK341,Infusion Pump,4,1,0,2,1,1,62.1,0,2,672.7,Germany,Infusomat Space #779,B. Braun Melsungen AG,Infusomat,2005-05-10,25,2
PRK358,Infusion Pump,12,1,0,2,1,1,41.19,1,2,0.0,Ireland,Alaris GP #978,Medtronic,Alaris,2005-06-25,38,2
PRK358,Infusion Pump,10,1,0,2,1,1,1.16,0,2,107.01,Ireland,Alaris GP #350,Medtronic,Alaris,2016-11-29,26,3
PRK342,Infusion Pump,2,1,0,2,1,1,0.0,1,2,0.0,Germany,Infusomat Space #606,B. Braun Melsungen AG,Infusomat,2010-09-11,,1
PRK326,Physiologic Monitoring System,5,1,0,1,1,1,54.45,0,2,1463.51,Netherlands,IntelliVue #982,Koninklijke Philips N.V.,Philips,2017-12-29,49,3
PRK312,Physiologic Monitoring System,11,1,0,1,1,1,0.0,0,2,0.0,Japan,Life Scope #753,Nihon Kohden Corp,Nihon Kohden,1999-06-26,,1
PRK341,Physiologic Monitoring System,1,1,0,1,1,1,5.65,0,2,90.1,Netherlands,IntelliVue #790,Koninklijke Philips N.V.,Philips,2014-12-02,14,2
PRK333,Infusion Pump,3,0,0,2,1,1,2456.22,0,2,118.52,Ireland,Alaris GP #646,Medtronic,Alaris,2013-07-05,12,2
PRK300,Defibrillator,15,1,1,3,1,1,0.0,0,2,0.0,USA,Lifepak 20e #336,Physio-Control Inc,Lifepak,2017-02-23,,1
PRK360,Physiologic Monitoring System,4,0,0,1,1,1,0.0,0,1,0.0,USA,CARESCAPE #231,GE Healthcare,GE,2018-12-05,,1
PRK319,Infusion Pump,2,0,0,2,1,1,655.43,0,2,16516.96,Ireland,Alaris GP #84,Medtronic,Alaris,2019-04-09,50,2
PRK300,Infusion Pump,17,1,0,2,1,1,53.26,0,2,380.73,Ireland,Alaris GP #667,Medtronic,Alaris,2018-10-29,7,2
PRK358,Physiologic Monitoring System,4,0,0,1,1,1,0.0,0,2,0.0,USA,CARESCAPE #258,GE Healthcare,GE,2002-06-19,,1
PRK340,Infusion Pump,15,0,0,2,1,1,388.34,0,2,2284.5,Germany,Infusomat Space #658,B. Braun Melsungen AG,Infusomat,1997-01-04,6,2
PRK342,Infusion Pump,26,1,0,2,1,1,41.61,1,2,2375.08,Germany,Infusomat Space #726,B. Braun Melsungen AG,Infusomat,2010-01-12,7,2
PRK311,Radiographic System,3,1,0,1,1,1,310.69,0,2,14413.8,Japan,Aquilion #909,Canon Inc (Toshiba Medical),Canon,2006-02-27,53,2
PRK330,Infusion Pump,8,1,0,2,2,1,44.24,0,2,0.0,USA,Sigma Spectrum #840,Baxter Healthcare Corp,Sigma,2015-10-26,35,2
PRK341,Infusion Pump,10,1,1,2,1,1,2719.47,0,2,0.0,Ireland,Alaris GP #355,Medtronic,Alaris,2013-10-30,10,2
PRK319,Radiographic System,17,1,0,1,1,1,49.37,0,2,0.0,Netherlands,DigitalDiagnost #52,Koninklijke Philips N.V.,Philips,2015-07-08,27,2
PRK342,Physiologic Monitoring System,5,0,0,1,1,1,17.28,0,2,499.57,USA,CARESCAPE #631,GE Healthcare,GE,2018-03-31,6,2
PRK319,Infusion Pump,0,0,0,2,1,1,97.95,1,2,51.57,USA,Sigma Spectrum #726,Baxter Healthcare Corp,Sigma,2011-04-19,58,2
PRK319,Defibrillator,3,0,0,3,1,1,22.75,1,1,1084.7,Netherlands,HeartStart XL #392,Koninklijke Philips N.V.,HeartStart,2011-12-05,52,2
PRK300,Defibrillator,6,0,0,3,1,1,11.13,0,2,56.95,USA,Lifepak 20e #671,Physio-Control Inc,Lifepak,2006-06-17,18,3
PRK319,Infusion Pump,15,1,0,2,1,1,599.72,0,2,0.0,Germany,Infusomat Space #175,B. Braun Melsungen AG,Infusomat,2004-11-02,35,2
PRK319,Physiologic Monitoring System,8,1,0,1,1,1,5.35,1,2,46.13,Japan,Life Scope #172,Nihon Kohden Corp,Nihon Kohden,2008-05-13,20,2
PRK342,Infusion Pump,14,1,0,2,1,1,0.0,0,2,0.0,Ireland,Alaris GP #767,Medtronic,Alaris,2017-09-27,,1
PRK340,Infusion Pump,6,0,0,2,1,1,949.14,0,2,3076.51,Germany,Infusomat Space #154,B. Braun Melsungen AG,Infusomat,2005-01-19,43,2
PRK312,Physiologic Monitoring System,10,0,0,1,1,1,28.68,0,2,12202.25,Netherlands,IntelliVue #465,Koninklijke Philips N.V.,Philips,2019-09-11,2,2
PRK340,Infusion Pump,16,1,1,2,1,1,86.06,0,2,7.27,Ireland,Alaris GP #264,Medtronic,Alaris,2013-07-13,27,2
PRK319,Physiologic Monitoring System,19,1,0,1,1,1,11.8,0,1,0.0,Netherlands,IntelliVue #405,Koninklijke Philips N.V.,Philips,2007-12-03,5,2
PRK330,Ventilator,30,1,1,3,1,1,414.64,0,2,158612.18,USA,Smartvent 7900 #65,Datex-Ohmeda Inc,Smartvent,2010-06-22,14,2
PRK358,Infusion Pump,11,1,1,2,1,1,0.0,0,2,0.0,Ireland,Alaris GP #459,Medtronic,Alaris,2006-09-13,,1
PRK342,Physiologic Monitoring System,1,0,0,1,1,1,317.1,0,2,1564.91,USA,CARESCAPE #911,GE Healthcare,GE,2011-11-07,48,2
PRK341,Infusion Pump,12,1,1,2,1,1,53.27,1,2,156.49,Ireland,Alaris GP #909,Medtronic,Alaris,2001-02-13,33,3
PRK319,Defibrillator,1,0,0,3,1,1,0.0,1,2,0.0,Netherlands,HeartStart XL #454,Koninklijke Philips N.V.,HeartStart,2018-10-11,,1
PRK311,Infusion Pump,13,1,2,2,1,1,14.95,0,2,29214.55,USA,Sigma Spectrum #604,Baxter Healthcare Corp,Sigma,2002-03-26,30,2
PRK342,Physiologic Monitoring System,9,1,0,1,2,1,126.52,0,2,69.3,Japan,Life Scope #95,Nihon Kohden Corp,Nihon Kohden,2018-07-01,12,3
PRK340,Physiologic Monitoring System,18,1,0,1,1,1,6.13,1,2,32.13,USA,CARESCAPE #224,GE Healthcare,GE,2017-09-06,25,2
PRK341,Infusion Pump,6,1,0,2,1,1,140.55,0,1,364.05,USA,Sigma Spectrum #581,Baxter Healthcare Corp,Sigma,2010-10-16,31,2
PRK360,Physiologic Monitoring System,10,1,0,1,1,1,71.11,0,2,1368803.83,USA,CARESCAPE #426,GE Healthcare,GE,2018-07-22,19,3
PRK320,Physiologic Monitoring System,12,1,0,1,1,1,25.65,0,2,4594.9,Netherlands,IntelliVue #303,Koninklijke Philips N.V.,Philips,2007-11-14,23,3
PRK350,Physiologic Monitoring System,1,1,0,1,1,1,125.74,0,2,2098.78,Japan,Life Scope #101,Nihon Kohden Corp,Nihon Kohden,2005-12-31,59,2
PRK340,Physiologic Monitoring System,12,1,2,1,1,1,12.38,1,2,7062.28,Japan,Life Scope #318,Nihon Kohden Corp,Nihon Kohden,2017-05-16,36,2
PRK319,Radiographic System,5,0,0,1,1,1,31.67,0,2,9740.5,Japan,Aquilion #315,Canon Inc (Toshiba Medical),Canon,2008-02-13,46,3
PRK300,Infusion Pump,11,1,0,2,1,1,25.97,0,2,0.0,Ireland,Alaris GP #199,Medtronic,Alaris,2002-09-04,23,3
PRK341,Infusion Pump,1,0,0,2,1,1,0.0,1,2,0.0,USA,Sigma Spectrum #343,Baxter Healthcare Corp,Sigma,2015-09-10,,1
PRK319,Infusion Pump,14,1,0,2,1,1,28.53,0,2,0.0,USA,Sigma Spectrum #464,Baxter Healthcare Corp,Sigma,2018-12-23,31,2
PRK342,Ventilator,13,1,0,3,1,1,3.1,1,2,1100.9,USA,Smartvent 7900 #142,Datex-Ohmeda Inc,Smartvent,2010-06-18,18,2
PRK342,Infusion Pump,17,1,0,2,1,1,0.0,0,1,0.0,USA,Sigma Spectrum #42,Baxter Healthcare Corp,Sigma,2011-09-17,,1
PRK330,Infusion Pump,2,0,0,2,1,1,2.32,0,2,8053.21,Ireland,Alaris GP #872,Medtronic,Alaris,2008-08-22,43,2
PRK340,Infusion Pump,30,1,0,2,1,1,8.27,1,2,187.76,Germany,Infusomat Space #561,B. Braun Melsungen AG,Infusomat,2009-06-19,9,3
PRK341,Defibrillator,3,0,0,3,1,1,0.0,1,2,0.0,USA,Lifepak 20e #624,Physio-Control Inc,Lifepak,2002-10-12,,1
PRK333,Infusion Pump,10,1,0,2,1,1,110.06,1,2,42.45,Germany,Infusomat Space #224,B. Braun Melsungen AG,Infusomat,2001-08-03,16,2
PRK358,Physiologic Monitoring System,6,0,0,1,1,1,0.0,1,2,0.0,Netherlands,IntelliVue #17,Koninklijke Philips N.V.,Philips,2010-05-03,,1
PRK300,Infusion Pump,8,1,2,2,1,1,0.0,0,2,0.0,Ireland,Alaris GP #836,Medtronic,Alaris,1994-03-02,,1
PRK360,Sphygmomanometers,27,1,2,1,1,1,0.0,0,2,0.0,Malaysia,MV-BP100 #101,Med-Vantage Sdn Bhd,MedVantage,2012-06-10,,1
PRK300,Infusion Pump,3,0,0,2,1,1,1587.47,0,2,252.41,Germany,Infusomat Space #819,B. Braun Melsungen AG,Infusomat,2017-08-24,2,2
PRK319,Infusion Pump,24,1,2,2,1,1,2.62,1,2,71.5,Germany,Infusomat Space #974,B. Braun Melsungen AG,Infusomat,2007-05-07,4,3
PRK342,Defibrillator,15,1,0,3,1,1,183.45,0,2,803.87,USA,Lifepak 20e #81,Physio-Control Inc,Lifepak,2006-12-31,9,2
PRK300,Defibrillator,8,1,0,3,1,1,0.0,1,2,0.0,Netherlands,HeartStart XL #99,Koninklijke Philips N.V.,HeartStart,2015-09-03,,1
PRK319,Infusion Pump,8,1,0,2,1,1,0.0,1,2,0.0,Ireland,Alaris GP #4,Medtronic,Alaris,1996-09-17,,1
PRK311,Infusion Pump,13,1,0,2,1,1,0.0,1,2,0.0,USA,Sigma Spectrum #687,Baxter Healthcare Corp,Sigma,2020-06-19,,1
PRK342,Physiologic Monitoring System,6,1,0,1,1,1,0.0,1,2,0.0,Netherlands,IntelliVue #254,Koninklijke Philips N.V.,Philips,2011-04-29,,1
PRK341,Defibrillator,7,1,0,3,1,1,56.27,0,2,10108.53,USA,Lifepak 20e #756,Physio-Control Inc,Lifepak,2006-08-12,25,2
PRK300,Infusion Pump,10,0,0,2,1,1,49.26,0,1,6051.18,USA,Sigma Spectrum #513,Baxter Healthcare Corp,Sigma,2011-07-30,25,3
PRK330,Infusion Pump,22,1,0,2,1,1,186.16,1,2,10920.51,USA,Sigma Spectrum #884,Baxter Healthcare Corp,Sigma,2011-12-23,6,3
PRK319,Physiologic Monitoring System,8,1,0,1,1,1,0.0,0,2,0.0,Japan,Life Scope #975,Nihon Kohden Corp,Nihon Kohden,2017-06-14,,1
PRK360,Physiologic Monitoring System,1,1,0,1,1,1,0.0,0,2,0.0,Japan,Life Scope #868,Nihon Kohden Corp,Nihon Kohden,2012-04-03,,1
PRK310,Ventilator,10,1,0,3,1,1,247.33,1,2,1567.96,USA,Smartvent 7900 #330,Datex-Ohmeda Inc,Smartvent,2000-07-07,6,2
PRK341,Physiologic Monitoring System,8,1,0,1,1,1,37.37,0,2,363.6,Netherlands,IntelliVue #667,Koninklijke Philips N.V.,Philips,2014-10-26,31,2
PRK333,Infusion Pump,5,1,0,2,1,1,0.0,0,1,0.0,Germany,Infusomat Space #393,B. Braun Melsungen AG,Infusomat,2016-07-10,,1
PRK341,Defibrillator,11,1,0,3,1,1,51.19,0,2,4387.96,Netherlands,HeartStart XL #664,Koninklijke Philips N.V.,HeartStart,2017-04-01,14,3
PRK360,Defibrillator,5,0,0,3,1,1,48.67,0,2,2480.52,USA,Lifepak 20e #855,Physio-Control Inc,Lifepak,1998-06-08,23,2
PRK320,Ventilator,8,1,0,3,1,1,168.0,1,2,2354.39,UK,Blease 8200p #481,Blease Medical Equipment Ltd,Blease,2000-10-12,22,2
PRK342,Infusion Pump,10,1,0,2,1,1,90.39,0,1,0.0,Ireland,Alaris GP #722,Medtronic,Alaris,2017-08-16,4,3
PRK330,Infusion Pump,10,1,0,2,1,1,738.72,0,2,261.81,Germany,Infusomat Space #60,B. Braun Melsungen AG,Infusomat,2016-03-11,20,2
PRK341,Physiologic Monitoring System,12,1,0,1,1,1,9.44,0,2,31.59,Netherlands,IntelliVue #724,Koninklijke Philips N.V.,Philips,2015-01-21,7,2
PRK320,Infusion Pump,13,1,2,2,1,1,50.06,1,1,135.68,Ireland,Alaris GP #601,Medtronic,Alaris,2015-04-10,16,3
PRK319,Sphygmomanometers,10,1,0,1,1,1,9.26,1,2,5072.96,Malaysia,MV-BP100 #766,Med-Vantage Sdn Bhd,MedVantage,2009-03-03,23,3
PRK300,Infusion Pump,2,1,0,2,3,1,0.0,0,2,0.0,Germany,Infusomat Space #379,B. Braun Melsungen AG,Infusomat,2005-05-04,,1
PRK310,Physiologic Monitoring System,11,0,2,1,2,1,0.0,0,1,0.0,USA,CARESCAPE #854,GE Healthcare,GE,2007-02-07,,1
PRK360,Defibrillator,17,0,0,3,1,1,219.42,0,2,939.15,USA,Lifepak 20e #493,Physio-Control Inc,Lifepak,2014-11-08,15,2
PRK350,Infusion Pump,1,1,0,2,1,1,0.0,0,2,0.0,Ireland,Alaris GP #381,Medtronic,Alaris,2000-12-11,,1
PRK319,Infusion Pump,2,0,0,2,1,1,668.4,0,2,0.0,Germany,Infusomat Space #649,B. Braun Melsungen AG,Infusomat,2015-02-20,18,2
PRK333,Physiologic Monitoring System,4,0,0,1,1,1,739.6,0,2,0.0,Japan,Life Scope #226,Nihon Kohden Corp,Nihon Kohden,2021-03-16,46,3
PRK342,Physiologic Monitoring System,16,0,0,1,1,1,0.0,0,1,0.0,Netherlands,IntelliVue #623,Koninklijke Philips N.V.,Philips,2011-06-30,,1
PRK320,Infusion Pump,4,0,0,2,1,1,0.0,0,2,0.0,USA,Sigma Spectrum #640,Baxter Healthcare Corp,Sigma,2012-12-22,,1
PRK330,Physiologic Monitoring System,16,1,0,1,1,1,720.32,0,2,16257.69,Japan,Life Scope #767,Nihon Kohden Corp,Nihon Kohden,2008-01-10,11,2
PRK342,Sphygmomanometers,10,1,0,1,1,1,25.05,0,2,142.82,Malaysia,MV-BP100 #177,Med-Vantage Sdn Bhd,MedVantage,2015-07-02,18,3
PRK319,Infusion Pump,5,1,0,2,1,1,29.8,0,2,0.0,Germany,Infusomat Space #683,B. Braun Melsungen AG,Infusomat,2016-04-22,44,2
PRK333,Infusion Pump,30,1,0,2,1,1,137.73,0,2,1169.91,Ireland,Alaris GP #288,Medtronic,Alaris,2009-02-03,12,3
PRK319,Infusion Pump,3,1,0,2,1,1,11.59,0,2,80580.92,USA,Sigma Spectrum #846,Baxter Healthcare Corp,Sigma,2013-03-23,40,2
PRK300,Infusion Pump,9,0,0,2,1,1,513.54,0,1,1926.59,Ireland,Alaris GP #308,Medtronic,Alaris,2011-07-31,43,2
PRK342,Infusion Pump,4,0,0,2,1,1,0.0,1,2,0.0,Germany,Infusomat Space #981,B. Braun Melsungen AG,Infusomat,2004-03-29,,1
PRK342,Infusion Pump,11,1,0,2,2,1,11442.3,0,2,60121.76,USA,Sigma Spectrum #134,Baxter Healthcare Corp,Sigma,2008-05-01,37,2
PRK360,Physiologic Monitoring System,4,1,0,1,1,1,93.5,1,2,5685.83,Japan,Life Scope #380,Nihon Kohden Corp,Nihon Kohden,2003-12-12,31,2
PRK312,Infusion Pump,6,1,0,2,1,1,0.0,0,2,0.0,Germany,Infusomat Space #635,B. Braun Melsungen AG,Infusomat,2000-05-14,,1
PRK342,Sphygmomanometers,5,0,0,1,1,1,2015.3,0,2,50.43,USA,DS66 #508,Welch Allyn Inc,Welch Allyn,2016-02-09,43,2
PRK360,Infusion Pump,7,1,0,2,2,1,1.9,0,2,786.55,USA,Sigma Spectrum #186,Baxter Healthcare Corp,Sigma,2014-03-19,21,2
PRK341,Infusion Pump,17,1,0,2,2,1,82.28,0,2,0.0,USA,Sigma Spectrum #22,Baxter Healthcare Corp,Sigma,1994-01-22,4,3
PRK360,Physiologic Monitoring System,2,0,0,1,1,1,42.72,1,2,60.63,Japan,Life Scope #881,Nihon Kohden Corp,Nihon Kohden,2012-05-07,35,2
PRK360,Defibrillator,4,1,0,3,1,1,500.53,1,2,5702.1,USA,Lifepak 20e #255,Physio-Control Inc,Lifepak,2016-08-04,54,2
PRK350,Infusion Pump,6,0,0,2,1,1,0.0,0,2,0.0,Germany,Infusomat Space #332,B. Braun Melsungen AG,Infusomat,2002-10-14,,1
PRK360,Infusion Pump,7,0,0,2,1,1,16.2,1,2,408.97,Ireland,Alaris GP #518,Medtronic,Alaris,2013-04-17,43,2
PRK341,Infusion Pump,21,0,0,2,1,1,0.0,0,1,0.0,Ireland,Alaris GP #208,Medtronic,Alaris,2020-12-28,,1
PRK333,Infusion Pump,4,1,0,2,1,1,669.31,1,2,0.0,USA,Sigma Spectrum #372,Baxter Healthcare Corp,Sigma,2020-03-08,31,2
PRK358,Infusion Pump,16,1,1,2,1,1,581.92,1,2,3199.9,USA,Sigma Spectrum #756,Baxter Healthcare Corp,Sigma,2012-09-29,23,2
PRK358,Infusion Pump,23,1,0,2,1,1,84.76,0,2,56.68,USA,Sigma Spectrum #436,Baxter Healthcare Corp,Sigma,2010-08-18,6,2
PRK311,Infusion Pump,8,1,0,2,1,1,0.0,1,2,0.0,Ireland,Alaris GP #969,Medtronic,Alaris,2011-07-27,,1
PRK319,Infusion Pump,3,0,0,2,1,1,9.84,1,2,5219.38,Germany,Infusomat Space #516,B. Braun Melsungen AG,Infusomat,2000-12-01,47,2
PRK319,Sphygmomanometers,19,1,0,1,1,1,0.0,0,2,0.0,Malaysia,MV-BP100 #769,Med-Vantage Sdn Bhd,MedVantage,2019-02-02,,1
PRK358,Physiologic Monitoring System,15,1,0,1,1,1,7.83,0,2,0.0,USA,CARESCAPE #825,GE Healthcare,GE,2011-04-30,22,2
PRK319,Infusion Pump,3,1,0,2,1,1,9.52,1,2,0.0,USA,Sigma Spectrum #711,Baxter Healthcare Corp,Sigma,2014-09-07,34,2
PRK319,Infusion Pump,25,1,1,2,1,1,32.81,0,2,362.91,Germany,Infusomat Space #44,B. Braun Melsungen AG,Infusomat,2006-04-01,14,2
PRK333,Infusion Pump,5,0,0,2,1,1,0.0,0,2,0.0,Ireland,Alaris GP #366,Medtronic,Alaris,2018-08-26,,1
PRK300,Infusion Pump,7,0,0,2,1,1,119.39,1,2,156.51,Germany,Infusomat Space #624,B. Braun Melsungen AG,Infusomat,2017-07-16,34,3
PRK360,Physiologic Monitoring System,14,1,2,1,1,1,30.93,0,2,339.46,Netherlands,IntelliVue #823,Koninklijke Philips N.V.,Philips,2011-09-10,8,2
PRK333,Defibrillator,23,1,0,3,1,1,11.42,1,2,103.62,USA,Lifepak 20e #577,Physio-Control Inc,Lifepak,2013-09-09,8,2
PRK312,Defibrillator,11,1,0,3,1,1,7.26,0,2,931.29,USA,Lifepak 20e #837,Physio-Control Inc,Lifepak,2011-10-14,12,2
PRK319,Radiographic System,7,1,0,1,1,1,0.0,0,2,0.0,Germany,Somatom #357,Siemens Healthineers,Siemens,2009-10-12,,1
PRK350,Radiographic System,6,0,0,1,1,1,141.21,1,2,30999.92,Japan,Aquilion #739,Canon Inc (Toshiba Medical),Canon,2013-10-06,7,2
PRK341,Sphygmomanometers,7,0,0,1,1,1,5.25,0,2,173.17,USA,DS66 #755,Welch Allyn Inc,Welch Allyn,2006-02-11,8,3
PRK330,Infusion Pump,30,0,2,2,1,1,172.27,0,2,0.0,Ireland,Alaris GP #132,Medtronic,Alaris,2013-07-23,4,2
PRK320,Infusion Pump,12,1,0,2,1,1,30.69,0,2,8968.42,USA,Sigma Spectrum #990,Baxter Healthcare Corp,Sigma,2012-08-11,26,2
PRK358,Infusion Pump,10,1,0,2,1,1,3.19,0,2,133.91,USA,Sigma Spectrum #767,Baxter Healthcare Corp,Sigma,1994-08-31,33,2
PRK342,Physiologic Monitoring System,15,1,0,1,2,1,5.85,0,1,2088.79,Japan,Life Scope #663,Nihon Kohden Corp,Nihon Kohden,2002-09-13,20,3
PRK342,Infusion Pump,7,1,0,2,2,1,340.13,0,2,631.53,USA,Sigma Spectrum #472,Baxter Healthcare Corp,Sigma,2020-03-15,44,3
PRK330,Ventilator,23,1,1,3,1,1,621.04,1,2,5.81,UK,Blease 8200p #670,Blease Medical Equipment Ltd,Blease,2015-05-10,19,3
PRK360,Physiologic Monitoring System,13,1,0,1,1,1,193.76,1,2,35.1,Japan,Life Scope #888,Nihon Kohden Corp,Nihon Kohden,2005-01-31,10,2
PRK342,Infusion Pump,7,0,0,2,1,1,14.6,1,2,3392.68,Germany,Infusomat Space #235,B. Braun Melsungen AG,Infusomat,2019-02-09,47,2
PRK330,Infusion Pump,6,0,0,2,1,1,137.87,0,1,18.65,USA,Sigma Spectrum #979,Baxter Healthcare Corp,Sigma,2003-12-06,43,3
PRK360,Infusion Pump,2,1,0,2,1,1,132.36,0,2,41993.81,Germany,Infusomat Space #872,B. Braun Melsungen AG,Infusomat,2008-05-14,40,2
PRK358,Infusion Pump,17,1,0,2,1,1,0.61,0,2,6646.66,USA,Sigma Spectrum #267,Baxter Healthcare Corp,Sigma,2009-09-07,7,3
PRK342,Ventilator,2,1,0,3,1,1,155.89,1,1,3196.02,USA,Smartvent 7900 #113,Datex-Ohmeda Inc,Smartvent,2009-07-22,40,2
PRK342,Physiologic Monitoring System,22,0,1,1,2,1,0.0,0,2,0.0,USA,CARESCAPE #402,GE Healthcare,GE,2019-06-02,,1
PRK330,Physiologic Monitoring System,4,1,0,1,1,1,3717.78,1,2,7370.5,USA,CARESCAPE #780,GE Healthcare,GE,2003-03-17,48,2
PRK333,Infusion Pump,5,1,0,2,1,1,1958.82,0,2,0.0,USA,Sigma Spectrum #710,Baxter Healthcare Corp,Sigma,2017-07-20,34,3
PRK312,Infusion Pump,30,1,1,2,1,1,0.0,0,2,0.0,Ireland,Alaris GP #893,Medtronic,Alaris,2011-07-09,,1
PRK341,Infusion Pump,16,1,0,2,1,1,0.0,1,2,0.0,Germany,Infusomat Space #607,B. Braun Melsungen AG,Infusomat,2007-11-20,,1
PRK320,Physiologic Monitoring System,9,1,0,1,1,1,0.0,0,2,0.0,Netherlands,IntelliVue #721,Koninklijke Philips N.V.,Philips,2012-04-23,,1
PRK320,Ventilator,28,1,0,3,2,1,23.55,1,2,124.59,UK,Blease 8200p #921,Blease Medical Equipment Ltd,Blease,2018-01-23,2,3
PRK360,Infusion Pump,8,1,0,2,1,1,4.69,1,2,422.28,USA,Sigma Spectrum #315,Baxter Healthcare Corp,Sigma,2015-09-30,28,2
PRK312,Sphygmomanometers,6,0,0,1,2,1,0.0,0,2,0.0,Malaysia,MV-BP100 #615,Med-Vantage Sdn Bhd,MedVantage,2015-07-31,,1
PRK358,Infusion Pump,10,1,0,2,1,1,0.0,0,2,0.0,Ireland,Alaris GP #526,Medtronic,Alaris,2019-08-19,,1
PRK319,Defibrillator,18,0,0,3,1,1,469.05,0,2,381.8,USA,Lifepak 20e #711,Physio-Control Inc,Lifepak,2018-09-27,28,2
PRK300,Infusion Pump,3,0,0,2,1,1,80.12,1,2,30.75,USA,Sigma Spectrum #865,Baxter Healthcare Corp,Sigma,2017-08-01,43,2
PRK300,Infusion Pump,4,1,1,2,1,1,0.0,1,2,0.0,USA,Sigma Spectrum #163,Baxter Healthcare Corp,Sigma,2013-10-31,,1
PRK330,Ventilator,4,0,0,3,1,1,14.51,0,2,6.58,Germany,Evita V500 #74,Drager Medical AG & Co KGaA,Evita,2020-05-24,14,2
PRK330,Infusion Pump,3,1,0,2,1,1,120.68,0,2,785.4,USA,Sigma Spectrum #204,Baxter Healthcare Corp,Sigma,2002-11-26,55,2
PRK319,Infusion Pump,7,1,0,2,3,1,0.0,0,2,878.57,Ireland,Alaris GP #248,Medtronic,Alaris,2014-12-30,48,2
PRK341,Infusion Pump,3,1,0,2,1,1,8.2,0,2,238.65,USA,Sigma Spectrum #106,Baxter Healthcare Corp,Sigma,2010-03-26,16,2
PRK333,Infusion Pump,1,0,0,2,1,1,10.24,1,2,6706.18,USA,Sigma Spectrum #212,Baxter Healthcare Corp,Sigma,2013-05-25,50,2
PRK300,Physiologic Monitoring System,4,0,0,1,1,1,1304.2,1,2,10.32,Netherlands,IntelliVue #992,Koninklijke Philips N.V.,Philips,2015-10-20,27,2
PRK320,Ventilator,4,0,1,3,1,1,0.0,0,2,0.0,USA,Carestation 650 #635,Datex-Ohmeda Inc,Carestation,2004-06-20,,1
PRK310,Defibrillator,12,1,0,3,1,1,396.31,0,2,1043.92,USA,Lifepak 20e #461,Physio-Control Inc,Lifepak,2017-02-21,26,2
PRK300,Infusion Pump,17,1,0,2,1,1,2.28,0,2,600.19,Ireland,Alaris GP #108,Medtronic,Alaris,2011-07-14,17,3
PRK319,Infusion Pump,5,1,0,2,1,1,0.0,0,2,0.0,Germany,Infusomat Space #639,B. Braun Melsungen AG,Infusomat,2001-07-19,,1
PRK342,Infusion Pump,5,1,0,2,1,1,221.65,0,2,151.06,Germany,Infusomat Space #269,B. Braun Melsungen AG,Infusomat,2018-03-29,44,3
PRK342,Infusion Pump,28,1,0,2,1,1,271.53,1,2,534.05,Ireland,Alaris GP #743,Medtronic,Alaris,2018-05-23,12,2
PRK358,Infusion Pump,16,1,0,2,1,1,3.07,0,2,850.77,Germany,Infusomat Space #848,B. Braun Melsungen AG,Infusomat,1995-05-16,28,2
PRK342,Sphygmomanometers,11,1,0,1,1,1,57.84,0,2,269.45,Japan,HEM-907 #324,Omron Healthcare Co Ltd,Omron,2010-02-05,40,2
PRK340,Defibrillator,7,1,0,3,1,1,12.52,0,1,17.93,USA,Lifepak 20e #618,Physio-Control Inc,Lifepak,1994-07-24,47,2
PRK319,Ventilator,16,1,1,3,1,1,0.0,0,1,0.0,USA,Smartvent 7900 #903,Datex-Ohmeda Inc,Smartvent,2020-12-16,,1
PRK300,Infusion Pump,3,1,0,2,1,1,1.85,0,2,109.52,USA,Sigma Spectrum #528,Baxter Healthcare Corp,Sigma,2011-07-16,12,2
PRK341,Infusion Pump,16,1,1,2,1,1,0.0,1,2,0.0,Ireland,Alaris GP #199,Medtronic,Alaris,2016-09-06,,1
PRK319,Infusion Pump,12,0,0,2,1,1,0.0,0,2,0.0,Germany,Infusomat Space #100,B. Braun Melsungen AG,Infusomat,2012-01-19,,1
PRK319,Infusion Pump,14,1,0,2,1,1,0.0,0,2,0.0,USA,Sigma Spectrum #269,Baxter Healthcare Corp,Sigma,2008-12-29,,1
PRK360,Infusion Pump,10,1,0,2,1,1,18.31,0,2,0.0,USA,Sigma Spectrum #160,Baxter Healthcare Corp,Sigma,2010-03-06,16,3
PRK312,Infusion Pump,2,1,0,2,1,1,41.28,0,2,11903.89,Germany,Infusomat Space #477,B. Braun Melsungen AG,Infusomat,2012-10-04,45,2
PRK300,Infusion Pump,3,0,0,2,1,1,474.44,0,2,280.53,USA,Sigma Spectrum #111,Baxter Healthcare Corp,Sigma,2006-07-16,36,2
PRK360,Sphygmomanometers,13,1,0,1,1,1,0.0,0,2,0.0,Japan,HEM-907 #48,Omron Healthcare Co Ltd,Omron,2019-05-12,,1
PRK319,Infusion Pump,12,1,0,2,1,1,15.05,0,2,6650.79,USA,Sigma Spectrum #193,Baxter Healthcare Corp,Sigma,2005-05-25,7,3
PRK326,Sphygmomanometers,6,1,0,1,1,1,0.0,1,2,0.0,Malaysia,MV-BP100 #122,Med-Vantage Sdn Bhd,MedVantage,2008-07-19,,1
PRK300,Infusion Pump,5,0,2,2,1,1,0.0,0,2,0.0,Ireland,Alaris GP #235,Medtronic,Alaris,2018-01-23,,1
PRK330,Physiologic Monitoring System,20,1,0,1,1,1,0.0,0,2,0.0,USA,CARESCAPE #698,GE Healthcare,GE,2012-09-28,,1
PRK360,Infusion Pump,9,1,0,2,1,1,0.0,0,2,0.0,USA,Sigma Spectrum #431,Baxter Healthcare Corp,Sigma,2010-02-14,,1
PRK342,Infusion Pump,4,1,0,2,2,1,175.2,1,2,11243.14,USA,Sigma Spectrum #211,Baxter Healthcare Corp,Sigma,2003-06-18,12,3
PRK333,Infusion Pump,22,1,1,2,1,1,38.51,0,2,12.38,Germany,Infusomat Space #331,B. Braun Melsungen AG,Infusomat,2007-08-27,13,2
PRK319,Infusion Pump,20,1,0,2,1,1,43.16,1,2,1487.41,USA,Sigma Spectrum #388,Baxter Healthcare Corp,Sigma,2011-12-03,18,2
PRK320,Defibrillator,9,1,0,3,1,1,25.48,0,2,6315.24,Netherlands,HeartStart XL #32,Koninklijke Philips N.V.,HeartStart,2005-09-25,30,2
PRK341,Infusion Pump,10,1,0,2,1,1,884.32,1,2,3502.18,Germany,Infusomat Space #785,B. Braun Melsungen AG,Infusomat,1998-01-31,13,3
PRK319,Physiologic Monitoring System,16,1,0,1,1,1,0.0,0,2,0.0,Netherlands,IntelliVue #823,Koninklijke Philips N.V.,Philips,2014-12-12,,1
PRK311,Infusion Pump,14,0,0,2,1,1,0.0,0,2,0.0,Germany,Infusomat Space #811,B. Braun Melsungen AG,Infusomat,2002-01-18,,1
PRK342,Infusion Pump,2,1,0,2,1,1,0.0,0,2,0.0,Germany,Infusomat Space #824,B. Braun Melsungen AG,Infusomat,2007-09-01,,1
PRK358,Infusion Pump,22,1,0,2,1,1,367.06,0,2,1170.36,Germany,Infusomat Space #873,B. Braun Melsungen AG,Infusomat,2006-07-02,5,2
PRK358,Infusion Pump,2,1,0,2,1,1,0.0,1,2,0.0,USA,Sigma Spectrum #371,Baxter Healthcare Corp,Sigma,2014-10-18,,1
PRK358,Radiographic System,12,0,0,1,1,1,311.21,0,1,481.64,Germany,Somatom #780,Siemens Healthineers,Siemens,2009-06-08,25,2
PRK333,Ventilator,3,0,0,3,1,1,0.0,0,2,0.0,Germany,Evita V500 #898,Drager Medical AG & Co KGaA,Evita,2016-02-03,,1
PRK350,Physiologic Monitoring System,14,1,0,1,1,1,59.68,0,2,471.0,Netherlands,IntelliVue #500,Koninklijke Philips N.V.,Philips,2009-12-17,6,3
PRK358,Infusion Pump,5,1,0,2,1,1,326.26,0,2,9422.94,Germany,Infusomat Space #966,B. Braun Melsungen AG,Infusomat,2012-02-16,34,2
PRK300,Infusion Pump,5,0,0,2,1,1,10.16,0,1,1822.64,Ireland,Alaris GP #934,Medtronic,Alaris,2018-12-29,29,2
PRK330,Defibrillator,16,1,0,3,1,1,9.79,1,2,0.0,Netherlands,HeartStart XL #379,Koninklijke Philips N.V.,HeartStart,2015-08-16,18,2
PRK319,Infusion Pump,3,0,0,2,1,1,133.34,0,2,420.35,Germany,Infusomat Space #10,B. Braun Melsungen AG,Infusomat,2015-06-03,41,2
PRK360,Infusion Pump,6,1,0,2,1,1,16.1,0,2,2519.02,Ireland,Alaris GP #673,Medtronic,Alaris,2009-01-25,30,2
PRK358,Infusion Pump,3,0,0,2,1,1,239.62,1,2,83.58,Germany,Infusomat Space #731,B. Braun Melsungen AG,Infusomat,2020-11-28,12,2
PRK350,Ventilator,9,1,0,3,1,1,0.0,0,2,0.0,UK,Blease 8200p #858,Blease Medical Equipment Ltd,Blease,2005-05-14,,1
PRK319,Physiologic Monitoring System,3,0,0,1,1,1,0.0,0,1,0.0,Netherlands,IntelliVue #411,Koninklijke Philips N.V.,Philips,2020-04-07,,1
PRK360,Physiologic Monitoring System,11,1,0,1,1,1,0.0,0,2,0.0,Japan,Life Scope #784,Nihon Kohden Corp,Nihon Kohden,2001-10-01,,1
PRK300,Ventilator,20,0,0,3,1,1,0.0,0,2,0.0,USA,Carestation 650 #116,Datex-Ohmeda Inc,Carestation,2004-06-26,,1
PRK312,Infusion Pump,1,1,0,2,1,1,22.39,0,2,622.89,Ireland,Alaris GP #235,Medtronic,Alaris,2010-02-15,48,2
PRK341,Defibrillator,5,0,0,3,2,1,92.52,0,2,256.12,USA,Lifepak 20e #837,Physio-Control Inc,Lifepak,2007-07-24,50,3
PRK350,Infusion Pump,3,1,0,2,1,1,202.55,1,2,2186.06,Ireland,Alaris GP #555,Medtronic,Alaris,2016-11-22,47,2
PRK358,Physiologic Monitoring System,2,0,0,1,1,1,111.34,0,2,138.69,Netherlands,IntelliVue #139,Koninklijke Philips N.V.,Philips,2020-08-26,6,2
PRK319,Infusion Pump,11,1,1,2,1,1,135.99,0,2,4910.34,Ireland,Alaris GP #427,Medtronic,Alaris,2019-01-06,8,2
PRK326,Radiographic System,10,1,2,1,1,1,116.55,0,2,23791.02,Netherlands,DigitalDiagnost #215,Koninklijke Philips N.V.,Philips,2017-07-29,15,2
PRK330,Infusion Pump,22,1,0,2,1,1,35.5,0,2,55.21,Ireland,Alaris GP #285,Medtronic,Alaris,2015-02-08,23,2
PRK300,Infusion Pump,14,1,1,2,1,1,0.0,1,2,0.0,Ireland,Alaris GP #245,Medtronic,Alaris,2008-09-19,,1
PRK358,Infusion Pump,9,1,0,2,1,1,281.31,0,2,358.53,Ireland,Alaris GP #630,Medtronic,Alaris,2013-11-17,12,2
PRK320,Infusion Pump,11,1,2,2,1,1,30.03,0,2,5691.6,Ireland,Alaris GP #719,Medtronic,Alaris,2009-01-04,40,3
PRK312,Infusion Pump,6,1,0,2,1,1,0.0,0,2,0.0,USA,Sigma Spectrum #9,Baxter Healthcare Corp,Sigma,2016-07-21,,1
PRK330,Physiologic Monitoring System,11,1,0,1,1,1,89.75,1,2,10666.06,Japan,Life Scope #205,Nihon Kohden Corp,Nihon Kohden,2006-02-09,37,2
PRK342,Infusion Pump,2,1,0,2,2,1,79.97,0,2,281.34,USA,Sigma Spectrum #164,Baxter Healthcare Corp,Sigma,2002-07-08,14,2
PRK358,Defibrillator,8,1,0,3,2,1,3.05,1,2,399.87,Netherlands,HeartStart XL #133,Koninklijke Philips N.V.,HeartStart,2012-04-26,39,2
PRK319,Infusion Pump,12,1,0,2,1,1,0.0,0,2,0.0,USA,Sigma Spectrum #102,Baxter Healthcare Corp,Sigma,2011-04-10,,1
PRK312,Physiologic Monitoring System,7,1,0,1,1,1,12.91,0,2,50.82,Japan,Life Scope #632,Nihon Kohden Corp,Nihon Kohden,2005-12-12,12,2
PRK358,Infusion Pump,5,0,0,2,1,1,0.0,0,2,0.0,Germany,Infusomat Space #993,B. Braun Melsungen AG,Infusomat,2019-04-26,,1
PRK340,Physiologic Monitoring System,9,1,0,1,1,1,110.96,0,2,168.49,Japan,Life Scope #507,Nihon Kohden Corp,Nihon Kohden,2000-06-09,35,2
PRK320,Physiologic Monitoring System,4,1,0,1,1,1,6.21,0,2,0.0,Netherlands,IntelliVue #155,Koninklijke Philips N.V.,Philips,2010-12-20,12,2
PRK312,Infusion Pump,7,0,0,2,1,1,556.74,0,2,366.89,Germany,Infusomat Space #854,B. Braun Melsungen AG,Infusomat,2014-01-09,27,2
PRK360,Sphygmomanometers,15,1,2,1,2,1,224.52,0,2,409.34,Japan,HEM-907 #830,Omron Healthcare Co Ltd,Omron,2007-01-07,25,2
PRK342,Infusion Pump,16,1,0,2,1,1,85.18,0,2,6678.84,Germany,Infusomat Space #943,B. Braun Melsungen AG,Infusomat,2008-07-10,26,2
PRK319,Infusion Pump,10,1,0,2,1,1,668.8,0,2,21.05,Ireland,Alaris GP #862,Medtronic,Alaris,2017-06-15,22,3
PRK310,Physiologic Monitoring System,4,0,0,1,1,1,310.04,0,2,3.4,Netherlands,IntelliVue #297,Koninklijke Philips N.V.,Philips,2004-03-16,52,2
PRK312,Ventilator,6,1,0,3,1,1,0.0,0,2,0.0,Germany,Evita V500 #502,Drager Medical AG & Co KGaA,Evita,2005-01-01,,1
PRK319,Infusion Pump,9,1,0,2,1,1,338.26,0,2,529.05,Ireland,Alaris GP #867,Medtronic,Alaris,2000-10-23,37,2
PRK311,Infusion Pump,5,0,0,2,1,1,15.94,0,2,377.07,Ireland,Alaris GP #55,Medtronic,Alaris,2011-04-01,17,3
PRK319,Defibrillator,26,1,0,3,1,1,0.0,1,2,0.0,Netherlands,HeartStart XL #434,Koninklijke Philips N.V.,HeartStart,2014-11-27,,1
PRK311,Physiologic Monitoring System,5,0,0,1,1,1,25.65,0,2,31216.89,Netherlands,IntelliVue #760,Koninklijke Philips N.V.,Philips,2014-01-13,38,2
PRK326,Radiographic System,9,1,0,1,1,1,5.64,0,2,11915.74,Germany,Somatom #694,Siemens Healthineers,Siemens,2017-09-10,36,3
PRK333,Infusion Pump,17,0,0,2,1,1,0.0,0,2,0.0,Germany,Infusomat Space #593,B. Braun Melsungen AG,Infusomat,2017-04-05,,1
PRK330,Physiologic Monitoring System,24,1,0,1,1,1,22.94,1,2,141.45,Netherlands,IntelliVue #762,Koninklijke Philips N.V.,Philips,2001-04-08,8,3
PRK358,Infusion Pump,3,1,0,2,1,1,381.68,0,2,1615.04,USA,Sigma Spectrum #641,Baxter Healthcare Corp,Sigma,2013-08-16,44,2
PRK319,Sphygmomanometers,2,0,0,1,1,1,0.0,0,2,0.0,USA,DS66 #631,Welch Allyn Inc,Welch Allyn,2018-04-20,,1
PRK358,Infusion Pump,10,1,0,2,1,1,2.44,0,2,103.45,Germany,Infusomat Space #558,B. Braun Melsungen AG,Infusomat,2020-03-02,41,3
PRK358,Physiologic Monitoring System,28,1,2,1,1,1,54.55,0,2,14007.75,Japan,Life Scope #692,Nihon Kohden Corp,Nihon Kohden,1995-01-01,10,2
PRK360,Infusion Pump,2,1,0,2,1,1,0.0,1,2,0.0,Germany,Infusomat Space #334,B. Braun Melsungen AG,Infusomat,2012-05-09,,1
PRK312,Physiologic Monitoring System,7,1,0,1,1,1,68.4,0,2,623.52,Netherlands,IntelliVue #267,Koninklijke Philips N.V.,Philips,2007-11-22,39,2
PRK319,Physiologic Monitoring System,11,1,0,1,1,1,71.0,0,2,557.17,Netherlands,IntelliVue #992,Koninklijke Philips N.V.,Philips,2012-11-12,29,3
PRK341,Infusion Pump,9,1,0,2,1,1,88.77,0,2,1162.82,Germany,Infusomat Space #366,B. Braun Melsungen AG,Infusomat,2004-04-03,17,2
PRK311,Defibrillator,12,1,0,3,1,1,3.06,1,2,177.0,USA,Lifepak 20e #691,Physio-Control Inc,Lifepak,2011-07-30,33,2
PRK300,Infusion Pump,21,1,1,2,1,1,0.0,1,2,0.0,Ireland,Alaris GP #398,Medtronic,Alaris,2016-08-25,,1
PRK300,Physiologic Monitoring System,17,1,0,1,1,1,0.0,1,2,0.0,Japan,Life Scope #708,Nihon Kohden Corp,Nihon Kohden,2010-05-05,,1
PRK341,Infusion Pump,7,1,0,2,2,1,0.0,1,2,0.0,Germany,Infusomat Space #276,B. Braun Melsungen AG,Infusomat,2011-08-03,,1
PRK350,Infusion Pump,2,0,0,2,1,1,14.18,1,2,177.39,Ireland,Alaris GP #550,Medtronic,Alaris,2006-09-24,27,2
PRK319,Infusion Pump,18,1,1,2,1,1,0.0,0,2,0.0,USA,Sigma Spectrum #443,Baxter Healthcare Corp,Sigma,2004-07-21,,1
PRK358,Infusion Pump,7,0,0,2,1,1,87.55,0,2,377.06,Ireland,Alaris GP #60,Medtronic,Alaris,2013-12-21,29,3
PRK350,Infusion Pump,9,0,0,2,1,1,105.13,0,2,989.36,USA,Sigma Spectrum #430,Baxter Healthcare Corp,Sigma,2011-10-09,19,2
PRK300,Physiologic Monitoring System,16,1,0,1,1,1,148.07,0,2,0.0,Netherlands,IntelliVue #587,Koninklijke Philips N.V.,Philips,2008-06-18,14,2
PRK330,Physiologic Monitoring System,18,1,0,1,1,1,82.26,0,2,1081.47,USA,CARESCAPE #399,GE Healthcare,GE,2018-02-26,8,2
PRK300,Physiologic Monitoring System,15,1,0,1,1,1,0.0,0,2,0.0,Netherlands,IntelliVue #476,Koninklijke Philips N.V.,Philips,2015-04-21,,1
PRK358,Infusion Pump,25,1,0,2,1,1,0.0,0,2,0.0,Germany,Infusomat Space #508,B. Braun Melsungen AG,Infusomat,2014-12-29,,1
PRK342,Infusion Pump,8,1,0,2,1,1,0.0,0,2,0.0,Germany,Infusomat Space #416,B. Braun Melsungen AG,Infusomat,2008-08-08,,1
PRK342,Infusion Pump,5,1,0,2,1,1,174.21,0,2,419.73,Germany,Infusomat Space #386,B. Braun Melsungen AG,Infusomat,2019-06-23,52,2
PRK342,Ventilator,4,1,0,3,1,1,23.26,0,1,4772.58,UK,Blease 8200p #465,Blease Medical Equipment Ltd,Blease,2008-11-05,15,2
PRK319,Defibrillator,5,1,0,3,2,1,0.0,0,2,0.0,USA,Lifepak 20e #141,Physio-Control Inc,Lifepak,2013-07-27,,1
PRK358,Infusion Pump,5,0,0,2,1,1,0.0,0,2,0.0,Ireland,Alaris GP #851,Medtronic,Alaris,2016-10-07,,1
PRK358,Physiologic Monitoring System,10,1,0,1,1,1,685.69,0,2,3346.33,USA,CARESCAPE #565,GE Healthcare,GE,2004-01-17,10,3
PRK342,Infusion Pump,13,0,0,2,1,1,99.05,0,2,7075.76,USA,Sigma Spectrum #862,Baxter Healthcare Corp,Sigma,2004-02-26,36,2
PRK333,Infusion Pump,3,1,0,2,1,1,270.35,0,2,5.79,USA,Sigma Spectrum #180,Baxter Healthcare Corp,Sigma,2006-03-24,3,2
PRK300,Infusion Pump,16,0,1,2,1,1,103.53,1,2,111.57,Germany,Infusomat Space #865,B. Braun Melsungen AG,Infusomat,2013-09-02,17,2
PRK300,Infusion Pump,17,1,0,2,1,1,0.0,0,2,0.0,Ireland,Alaris GP #986,Medtronic,Alaris,2020-04-13,,1
PRK311,Physiologic Monitoring System,13,1,0,1,1,1,53.64,0,2,0.0,USA,CARESCAPE #568,GE Healthcare,GE,2003-02-07,30,2
PRK341,Defibrillator,6,1,0,3,1,1,0.0,1,1,0.0,USA,Lifepak 20e #657,Physio-Control Inc,Lifepak,2011-09-05,,1
PRK350,Infusion Pump,21,1,0,2,1,1,1525.64,1,2,0.0,Ireland,Alaris GP #747,Medtronic,Alaris,2003-03-23,12,2
PRK360,Infusion Pump,8,1,0,2,1,1,1393.25,0,2,25291.02,USA,Sigma Spectrum #344,Baxter Healthcare Corp,Sigma,2014-12-17,12,2
PRK312,Physiologic Monitoring System,4,1,0,1,2,1,57.41,0,2,3521.36,Japan,Life Scope #268,Nihon Kohden Corp,Nihon Kohden,2012-05-21,43,2
PRK319,Sphygmomanometers,3,0,0,1,1,1,0.0,0,1,0.0,USA,DS66 #401,Welch Allyn Inc,Welch Allyn,2014-05-28,,1
PRK300,Physiologic Monitoring System,10,1,0,1,1,1,74.35,0,2,753.5,Netherlands,IntelliVue #155,Koninklijke Philips N.V.,Philips,2011-03-16,8,3
PRK360,Infusion Pump,6,0,0,2,1,1,60.1,0,2,12.54,Ireland,Alaris GP #231,Medtronic,Alaris,2001-12-19,32,3
PRK350,Physiologic Monitoring System,3,1,0,1,1,1,64.95,1,2,126.24,USA,CARESCAPE #630,GE Healthcare,GE,2007-04-11,54,2
PRK333,Infusion Pump,2,1,1,2,1,1,0.0,1,2,15.67,Ireland,Alaris GP #524,Medtronic,Alaris,2006-09-23,55,2
PRK340,Sphygmomanometers,11,1,0,1,1,1,7.99,0,1,2432.72,USA,DS66 #902,Welch Allyn Inc,Welch Allyn,2016-05-19,19,2
PRK340,Infusion Pump,2,0,0,2,1,1,0.0,0,2,0.0,Germany,Infusomat Space #329,B. Braun Melsungen AG,Infusomat,1999-02-18,,1
PRK319,Physiologic Monitoring System,1,1,0,1,1,1,293.45,1,2,1082.0,Netherlands,IntelliVue #674,Koninklijke Philips N.V.,Philips,2019-11-19,49,2
PRK312,Infusion Pump,17,1,2,2,1,1,76.44,0,2,2118.51,Ireland,Alaris GP #377,Medtronic,Alaris,2010-06-04,21,2
PRK319,Infusion Pump,4,1,0,2,1,1,562.84,1,2,228.17,USA,Sigma Spectrum #924,Baxter Healthcare Corp,Sigma,2009-08-16,31,3
PRK319,Defibrillator,12,1,0,3,2,1,66.64,0,2,33.33,USA,Lifepak 20e #779,Physio-Control Inc,Lifepak,2010-07-18,10,2
PRK340,Physiologic Monitoring System,9,1,0,1,1,1,111.34,0,2,245.13,Netherlands,IntelliVue #439,Koninklijke Philips N.V.,Philips,2006-03-08,22,2
PRK319,Infusion Pump,5,0,0,2,1,1,40.54,1,1,1903.13,USA,Sigma Spectrum #728,Baxter Healthcare Corp,Sigma,2016-09-29,37,2
PRK342,Sphygmomanometers,22,1,0,1,1,1,670.08,1,2,13.01,Malaysia,MV-BP100 #416,Med-Vantage Sdn Bhd,MedVantage,2018-04-23,52,3
PRK340,Defibrillator,13,1,0,3,1,1,0.0,0,2,0.0,USA,Lifepak 20e #955,Physio-Control Inc,Lifepak,2010-05-18,,1
PRK333,Infusion Pump,8,1,0,2,2,1,7.71,0,2,41.93,USA,Sigma Spectrum #878,Baxter Healthcare Corp,Sigma,2015-08-28,7,2
PRK360,Physiologic Monitoring System,4,1,0,1,1,1,180.25,0,2,2592.86,Netherlands,IntelliVue #316,Koninklijke Philips N.V.,Philips,2004-12-14,42,3
PRK319,Infusion Pump,13,1,0,2,1,1,379.6,0,2,0.0,USA,Sigma Spectrum #570,Baxter Healthcare Corp,Sigma,1999-01-19,7,2
PRK341,Physiologic Monitoring System,14,1,0,1,1,1,0.0,1,2,0.0,USA,CARESCAPE #113,GE Healthcare,GE,1999-08-21,,1
PRK300,Infusion Pump,9,1,0,2,1,1,206.4,0,2,26.76,Ireland,Alaris GP #238,Medtronic,Alaris,2007-04-07,45,3
PRK342,Infusion Pump,8,1,0,2,1,1,613.51,0,2,0.0,Germany,Infusomat Space #632,B. Braun Melsungen AG,Infusomat,2006-06-04,24,3
PRK333,Defibrillator,13,1,0,3,1,1,0.0,0,2,0.0,Netherlands,HeartStart XL #36,Koninklijke Philips N.V.,HeartStart,2013-09-10,,1
PRK319,Defibrillator,8,1,0,3,1,1,0.0,0,2,0.0,USA,Lifepak 20e #256,Physio-Control Inc,Lifepak,2003-05-20,,1
PRK300,Ventilator,4,0,0,3,1,1,0.0,1,2,0.0,USA,Carestation 650 #259,Datex-Ohmeda Inc,Carestation,2018-03-11,,1
PRK342,Sphygmomanometers,2,1,2,1,1,1,155.41,0,2,3381.59,Japan,HEM-907 #830,Omron Healthcare Co Ltd,Omron,2002-05-26,14,2
PRK341,Physiologic Monitoring System,8,1,0,1,1,1,10.88,0,2,5.11,USA,CARESCAPE #5,GE Healthcare,GE,2016-08-09,54,3
PRK341,Physiologic Monitoring System,2,1,0,1,1,1,197.53,1,2,441.9,Japan,Life Scope #836,Nihon Kohden Corp,Nihon Kohden,2012-06-10,51,2
PRK330,Physiologic Monitoring System,14,1,0,1,1,1,948.15,0,2,78457.72,Japan,Life Scope #986,Nihon Kohden Corp,Nihon Kohden,2013-05-21,34,3
PRK341,Infusion Pump,8,1,0,2,1,1,0.0,0,1,0.0,Germany,Infusomat Space #690,B. Braun Melsungen AG,Infusomat,1996-06-28,,1
PRK340,Infusion Pump,16,1,0,2,1,1,665.1,0,2,298.44,USA,Sigma Spectrum #158,Baxter Healthcare Corp,Sigma,2015-07-17,28,2
PRK319,Infusion Pump,10,1,0,2,1,1,0.0,0,2,0.0,Ireland,Alaris GP #241,Medtronic,Alaris,2014-12-04,,1
PRK333,Physiologic Monitoring System,12,1,0,1,1,1,19.56,0,2,53.95,Japan,Life Scope #161,Nihon Kohden Corp,Nihon Kohden,2013-05-12,10,3
PRK333,Infusion Pump,5,0,0,2,1,1,0.0,0,2,0.0,Germany,Infusomat Space #827,B. Braun Melsungen AG,Infusomat,2014-11-20,,1
PRK358,Infusion Pump,7,0,0,2,1,1,66.17,0,2,97539.21,Ireland,Alaris GP #721,Medtronic,Alaris,2010-07-15,12,3
PRK330,Physiologic Monitoring System,10,1,0,1,1,1,30.8,0,2,250.07,USA,CARESCAPE #111,GE Healthcare,GE,2019-11-12,25,3
PRK330,Infusion Pump,9,1,0,2,1,1,487.81,0,2,102.95,Ireland,Alaris GP #944,Medtronic,Alaris,2005-03-13,30,3
PRK360,Infusion Pump,9,1,0,2,1,1,38.32,0,2,1979.01,Ireland,Alaris GP #43,Medtronic,Alaris,1997-11-14,8,2
PRK358,Ventilator,3,0,0,3,1,1,111.2,0,1,3687.08,UK,Blease 8200p #167,Blease Medical Equipment Ltd,Blease,2018-01-31,15,2
PRK319,Defibrillator,1,1,0,3,1,1,0.0,0,2,0.0,USA,Lifepak 20e #968,Physio-Control Inc,Lifepak,2001-08-26,,1
PRK358,Infusion Pump,3,1,0,2,2,1,0.0,0,2,0.0,USA,Sigma Spectrum #220,Baxter Healthcare Corp,Sigma,2014-08-15,,1
PRK311,Infusion Pump,0,0,0,2,1,1,26.16,0,2,2384.21,Ireland,Alaris GP #725,Medtronic,Alaris,2019-04-28,37,2
PRK358,Infusion Pump,2,1,0,2,1,1,31.69,0,2,22.81,Ireland,Alaris GP #347,Medtronic,Alaris,2003-05-03,9,2
PRK312,Ventilator,10,1,0,3,1,1,466.8,0,2,216.26,UK,Blease 8200p #415,Blease Medical Equipment Ltd,Blease,2008-12-29,10,2
PRK330,Ventilator,7,1,0,3,1,1,0.0,0,2,0.0,Germany,Evita V500 #492,Drager Medical AG & Co KGaA,Evita,2016-08-24,,1
PRK360,Infusion Pump,4,1,0,2,1,1,0.0,0,1,519.41,Germany,Infusomat Space #470,B. Braun Melsungen AG,Infusomat,2018-05-25,29,2
PRK310,Ventilator,7,0,0,3,1,1,0.0,0,2,0.0,Germany,Evita V500 #77,Drager Medical AG & Co KGaA,Evita,2005-12-23,,1
PRK358,Infusion Pump,1,1,0,2,1,1,0.0,0,2,0.0,Ireland,Alaris GP #145,Medtronic,Alaris,2008-02-27,,1
PRK333,Infusion Pump,8,1,0,2,1,1,0.0,0,2,0.0,USA,Sigma Spectrum #43,Baxter Healthcare Corp,Sigma,2011-05-07,,1
PRK311,Radiographic System,2,1,0,1,1,1,0.0,0,2,0.0,Netherlands,DigitalDiagnost #850,Koninklijke Philips N.V.,Philips,2019-08-07,,1
PRK360,Infusion Pump,19,1,0,2,1,1,2.5,0,2,410.74,USA,Sigma Spectrum #3,Baxter Healthcare Corp,Sigma,2006-11-15,22,2
PRK340,Infusion Pump,12,0,0,2,1,1,0.0,0,2,0.0,Germany,Infusomat Space #821,B. Braun Melsungen AG,Infusomat,2014-07-10,,1
PRK358,Infusion Pump,12,1,0,2,1,1,29.64,1,1,3924.54,USA,Sigma Spectrum #995,Baxter Healthcare Corp,Sigma,2011-02-03,34,2
PRK358,Physiologic Monitoring System,9,1,0,1,1,1,37.4,0,2,742.6,USA,CARESCAPE #303,GE Healthcare,GE,2011-11-26,29,2
PRK300,Sphygmomanometers,13,0,0,1,1,1,0.0,0,2,0.0,Japan,HEM-907 #651,Omron Healthcare Co Ltd,Omron,2006-04-21,,1
PRK319,Sphygmomanometers,8,1,0,1,1,1,61.77,0,1,177.0,Malaysia,MV-BP100 #644,Med-Vantage Sdn Bhd,MedVantage,2014-11-27,19,2
PRK320,Infusion Pump,4,1,0,2,1,1,0.0,0,1,0.0,Germany,Infusomat Space #900,B. Braun Melsungen AG,Infusomat,2011-12-30,,1
PRK340,Infusion Pump,12,1,0,2,1,1,697.84,1,2,326863.67,USA,Sigma Spectrum #3,Baxter Healthcare Corp,Sigma,2014-02-25,39,2
PRK300,Ventilator,16,1,0,3,1,1,265.35,0,2,23.25,USA,Smartvent 7900 #768,Datex-Ohmeda Inc,Smartvent,2007-09-17,18,3
PRK326,Infusion Pump,3,0,0,2,1,1,48.61,0,2,778.17,USA,Sigma Spectrum #874,Baxter Healthcare Corp,Sigma,2001-05-19,23,2
PRK350,Defibrillator,2,1,0,3,1,1,310.08,1,2,0.0,USA,Lifepak 20e #905,Physio-Control Inc,Lifepak,2011-07-02,31,2
PRK312,Physiologic Monitoring System,27,1,1,1,1,1,0.57,0,2,1857.63,Japan,Life Scope #38,Nihon Kohden Corp,Nihon Kohden,2018-08-05,2,3
PRK342,Infusion Pump,20,1,2,2,1,1,0.0,0,2,0.0,Ireland,Alaris GP #400,Medtronic,Alaris,2020-02-18,,1
PRK330,Ventilator,8,1,0,3,1,1,282.13,0,2,58.74,UK,Blease 8200p #789,Blease Medical Equipment Ltd,Blease,2009-02-21,19,3
PRK300,Infusion Pump,1,0,0,2,1,1,21.76,0,1,35238.26,Germany,Infusomat Space #806,B. Braun Melsungen AG,Infusomat,1992-04-14,35,2
PRK312,Infusion Pump,10,1,0,2,1,1,156.55,0,2,19306.98,USA,Sigma Spectrum #316,Baxter Healthcare Corp,Sigma,2011-08-20,41,2
PRK311,Physiologic Monitoring System,30,1,1,1,1,1,19.25,0,2,16.72,USA,CARESCAPE #973,GE Healthcare,GE,2020-06-19,10,2
PRK341,Infusion Pump,13,1,0,2,1,1,109.94,0,2,61941.48,Ireland,Alaris GP #479,Medtronic,Alaris,2009-05-06,31,2
PRK310,Physiologic Monitoring System,12,0,0,1,1,1,5.72,0,1,120.31,Netherlands,IntelliVue #514,Koninklijke Philips N.V.,Philips,2011-12-30,25,3
PRK358,Physiologic Monitoring System,8,1,0,1,1,1,305.16,0,2,4561.73,USA,CARESCAPE #593,GE Healthcare,GE,2006-01-30,11,3
PRK350,Radiographic System,12,1,0,1,1,1,60.44,0,2,517.98,Japan,Aquilion #807,Canon Inc (Toshiba Medical),Canon,2001-09-15,19,2
PRK300,Radiographic System,13,1,2,1,2,1,91.27,0,2,1216.17,Japan,Aquilion #321,Canon Inc (Toshiba Medical),Canon,1995-04-02,38,3
PRK358,Infusion Pump,9,1,0,2,1,1,52.8,1,2,955.88,Ireland,Alaris GP #962,Medtronic,Alaris,1999-10-23,8,3
PRK360,Infusion Pump,7,1,0,2,1,1,423.28,0,2,6170.57,Ireland,Alaris GP #545,Medtronic,Alaris,2017-12-26,44,2
PRK300,Physiologic Monitoring System,9,1,0,1,1,1,94.59,1,2,0.0,Japan,Life Scope #734,Nihon Kohden Corp,Nihon Kohden,2020-02-15,34,2
PRK360,Sphygmomanometers,9,1,0,1,1,1,327.99,0,2,51500.76,Malaysia,MV-BP100 #674,Med-Vantage Sdn Bhd,MedVantage,2010-02-06,18,2
PRK319,Infusion Pump,1,1,0,2,1,1,22.59,0,2,9075.08,Germany,Infusomat Space #11,B. Braun Melsungen AG,Infusomat,2003-12-05,49,2
PRK341,Infusion Pump,30,1,1,2,1,1,0.0,0,1,0.0,USA,Sigma Spectrum #831,Baxter Healthcare Corp,Sigma,2014-06-29,,1
PRK312,Infusion Pump,12,1,0,2,1,1,0.0,1,2,0.0,Germany,Infusomat Space #798,B. Braun Melsungen AG,Infusomat,2005-07-30,,1
PRK358,Infusion Pump,18,0,1,2,1,1,1101.88,0,2,957.15,USA,Sigma Spectrum #884,Baxter Healthcare Corp,Sigma,2017-02-06,25,2
PRK358,Physiologic Monitoring System,10,1,0,1,1,1,0.6,0,2,284.42,Netherlands,IntelliVue #108,Koninklijke Philips N.V.,Philips,2014-11-22,8,3
PRK360,Infusion Pump,5,1,0,2,1,1,80.39,1,2,334.11,Ireland,Alaris GP #206,Medtronic,Alaris,1994-10-14,12,2
PRK360,Ventilator,16,1,0,3,1,1,0.0,0,2,0.0,Germany,Evita V500 #943,Drager Medical AG & Co KGaA,Evita,2015-09-06,,1
PRK300,Ventilator,2,0,0,3,1,1,29.79,0,2,2821.1,USA,Carestation 650 #830,Datex-Ohmeda Inc,Carestation,2013-10-12,42,2
PRK341,Ventilator,13,1,0,3,1,1,22.33,0,2,210.06,UK,Blease 8200p #874,Blease Medical Equipment Ltd,Blease,2011-05-12,38,2
PRK319,Infusion Pump,16,1,0,2,1,1,177.4,1,2,846.99,Ireland,Alaris GP #454,Medtronic,Alaris,2005-05-31,5,3
PRK311,Infusion Pump,8,0,0,2,1,1,46.61,0,2,0.0,Germany,Infusomat Space #322,B. Braun Melsungen AG,Infusomat,2003-05-11,34,2
PRK311,Physiologic Monitoring System,12,1,0,1,2,1,0.0,0,1,36080.88,USA,CARESCAPE #217,GE Healthcare,GE,2015-08-07,10,2
PRK358,Ventilator,1,0,0,3,2,1,155.28,0,2,4121.11,USA,Smartvent 7900 #634,Datex-Ohmeda Inc,Smartvent,2008-03-27,42,2
PRK342,Infusion Pump,12,1,0,2,1,1,9.22,0,2,576.53,Germany,Infusomat Space #260,B. Braun Melsungen AG,Infusomat,2019-11-23,27,3
PRK300,Defibrillator,6,0,0,3,1,1,14.85,0,2,1045.18,Netherlands,HeartStart XL #969,Koninklijke Philips N.V.,HeartStart,2013-10-24,11,3
PRK360,Infusion Pump,12,0,0,2,1,1,29.99,0,2,4514.01,USA,Sigma Spectrum #967,Baxter Healthcare Corp,Sigma,1999-12-12,29,3
PRK350,Defibrillator,8,1,0,3,1,1,41.53,1,2,202.34,Netherlands,HeartStart XL #328,Koninklijke Philips N.V.,HeartStart,2017-11-20,43,2
PRK319,Infusion Pump,8,1,0,2,1,1,81.97,0,2,0.0,Germany,Infusomat Space #62,B. Braun Melsungen AG,Infusomat,2017-12-21,42,3
PRK333,Infusion Pump,12,0,0,2,1,1,83.78,0,2,0.0,USA,Sigma Spectrum #751,Baxter Healthcare Corp,Sigma,2010-11-06,7,2
PRK342,Infusion Pump,6,1,0,2,2,1,19.45,0,2,42.68,USA,Sigma Spectrum #730,Baxter Healthcare Corp,Sigma,2012-04-29,18,2
PRK342,Infusion Pump,8,1,0,2,2,1,91.26,0,2,2411.15,USA,Sigma Spectrum #327,Baxter Healthcare Corp,Sigma,2010-10-24,16,2
PRK330,Infusion Pump,28,0,0,2,1,1,68.54,0,2,211473.38,Ireland,Alaris GP #59,Medtronic,Alaris,2005-11-20,6,3
PRK333,Infusion Pump,19,1,0,2,1,1,0.0,0,2,0.0,USA,Sigma Spectrum #509,Baxter Healthcare Corp,Sigma,2012-02-21,,1
PRK300,Infusion Pump,7,0,0,2,1,1,3.71,0,2,5488.85,USA,Sigma Spectrum #959,Baxter Healthcare Corp,Sigma,2005-03-14,13,3
PRK333,Ventilator,8,0,0,3,1,1,131.75,0,2,40.25,UK,Blease 8200p #937,Blease Medical Equipment Ltd,Blease,2014-11-29,42,2
PRK320,Infusion Pump,5,0,0,2,1,1,165.66,0,2,28.0,Ireland,Alaris GP #286,Medtronic,Alaris,2014-08-07,43,2
PRK319,Physiologic Monitoring System,6,0,0,1,1,1,221.48,1,2,0.0,Japan,Life Scope #461,Nihon Kohden Corp,Nihon Kohden,2007-06-06,43,2
PRK319,Ventilator,6,1,0,3,1,1,74.32,0,2,2263.67,USA,Smartvent 7900 #374,Datex-Ohmeda Inc,Smartvent,2008-09-10,16,2
PRK341,Infusion Pump,9,1,0,2,1,1,385.93,0,2,2463.82,Ireland,Alaris GP #20,Medtronic,Alaris,2015-08-13,7,2
PRK330,Infusion Pump,1,0,0,2,1,1,0.0,0,2,0.0,USA,Sigma Spectrum #647,Baxter Healthcare Corp,Sigma,2016-09-01,,1
PRK330,Defibrillator,6,1,0,3,1,1,0.0,0,2,0.0,Netherlands,HeartStart XL #506,Koninklijke Philips N.V.,HeartStart,2009-09-14,,1
PRK312,Ventilator,5,0,0,3,1,1,50.19,0,2,480.47,USA,Smartvent 7900 #253,Datex-Ohmeda Inc,Smartvent,2008-03-30,49,2
PRK360,Infusion Pump,21,1,1,2,1,1,0.0,0,2,0.0,Germany,Infusomat Space #321,B. Braun Melsungen AG,Infusomat,2019-03-28,,1
PRK319,Ventilator,8,1,0,3,1,1,0.0,0,2,0.0,Germany,Evita V500 #248,Drager Medical AG & Co KGaA,Evita,2015-12-09,,1
PRK330,Infusion Pump,10,1,0,2,1,1,196.93,0,2,270.57,USA,Sigma Spectrum #854,Baxter Healthcare Corp,Sigma,2009-09-10,11,3
PRK312,Infusion Pump,6,0,0,2,1,1,35.25,0,2,0.0,Ireland,Alaris GP #486,Medtronic,Alaris,2007-09-28,36,2
PRK342,Physiologic Monitoring System,8,0,0,1,1,1,193.5,0,2,71.06,USA,CARESCAPE #804,GE Healthcare,GE,2015-11-30,44,3
PRK330,Infusion Pump,6,1,0,2,1,1,1598.55,1,2,2293.0,Germany,Infusomat Space #219,B. Braun Melsungen AG,Infusomat,2016-12-17,9,2
PRK330,Physiologic Monitoring System,9,1,0,1,1,1,365.25,0,2,11.37,Japan,Life Scope #772,Nihon Kohden Corp,Nihon Kohden,2016-08-25,7,2
PRK358,Infusion Pump,12,1,0,2,1,1,9.84,0,2,14805.45,Ireland,Alaris GP #744,Medtronic,Alaris,2015-01-17,6,3
PRK342,Physiologic Monitoring System,3,1,0,1,1,1,20.16,0,2,1832.81,USA,CARESCAPE #697,GE Healthcare,GE,2019-08-10,15,2
PRK333,Infusion Pump,13,1,2,2,1,1,155.7,0,2,289.16,USA,Sigma Spectrum #741,Baxter Healthcare Corp,Sigma,2011-02-10,16,2
PRK333,Infusion Pump,4,0,0,2,1,1,0.0,0,2,0.0,USA,Sigma Spectrum #985,Baxter Healthcare Corp,Sigma,2003-10-24,,1
PRK360,Infusion Pump,28,1,2,2,1,1,0.0,0,1,0.0,Germany,Infusomat Space #779,B. Braun Melsungen AG,Infusomat,2002-04-19,,1
PRK360,Infusion Pump,9,1,0,2,1,1,0.0,0,2,0.0,Germany,Infusomat Space #286,B. Braun Melsungen AG,Infusomat,2005-06-04,,1
PRK342,Physiologic Monitoring System,10,0,0,1,1,1,0.0,0,2,0.0,Netherlands,IntelliVue #329,Koninklijke Philips N.V.,Philips,2017-03-19,,1
PRK342,Infusion Pump,10,1,0,2,1,1,10.47,0,2,310.86,Germany,Infusomat Space #85,B. Braun Melsungen AG,Infusomat,2013-08-12,38,3
PRK358,Infusion Pump,9,1,0,2,1,1,473.05,0,2,325.81,Ireland,Alaris GP #697,Medtronic,Alaris,2019-12-26,31,3
PRK360,Infusion Pump,5,0,0,2,1,1,0.0,0,2,0.0,Germany,Infusomat Space #692,B. Braun Melsungen AG,Infusomat,2016-08-21,,1
PRK300,Infusion Pump,10,1,0,2,1,1,0.0,1,2,0.0,Germany,Infusomat Space #272,B. Braun Melsungen AG,Infusomat,2015-08-15,,1
PRK360,Ventilator,9,0,0,3,1,1,30.35,0,1,0.0,Germany,Evita V500 #635,Drager Medical AG & Co KGaA,Evita,2014-10-23,2,2
PRK342,Infusion Pump,4,0,0,2,1,1,14.94,1,2,0.0,Ireland,Alaris GP #970,Medtronic,Alaris,2017-09-03,46,2
PRK341,Radiographic System,3,0,0,1,2,1,182.08,0,1,2551.66,Netherlands,DigitalDiagnost #367,Koninklijke Philips N.V.,Philips,2000-01-11,55,2
PRK330,Infusion Pump,16,1,2,2,1,1,0.0,0,2,0.0,Germany,Infusomat Space #967,B. Braun Melsungen AG,Infusomat,2020-10-04,,1
PRK320,Physiologic Monitoring System,6,1,0,1,1,1,134.45,0,2,760.82,Netherlands,IntelliVue #20,Koninklijke Philips N.V.,Philips,2002-11-24,18,2
PRK350,Infusion Pump,7,1,0,2,1,1,1034.63,1,1,740.0,Germany,Infusomat Space #72,B. Braun Melsungen AG,Infusomat,2016-10-02,19,3
PRK341,Infusion Pump,9,1,0,2,2,1,0.95,0,2,460.59,Germany,Infusomat Space #370,B. Braun Melsungen AG,Infusomat,2014-03-17,40,2
PRK312,Defibrillator,5,0,0,3,2,1,10.28,0,2,183.49,Netherlands,HeartStart XL #736,Koninklijke Philips N.V.,HeartStart,2017-01-24,19,3
PRK341,Sphygmomanometers,10,1,2,1,2,1,53.48,0,2,109.2,Japan,HEM-907 #168,Omron Healthcare Co Ltd,Omron,2005-05-29,9,2
PRK311,Defibrillator,8,1,0,3,1,1,24.02,0,2,708.51,Netherlands,HeartStart XL #267,Koninklijke Philips N.V.,HeartStart,2006-03-18,39,2
PRK333,Infusion Pump,8,0,0,2,1,1,44.31,1,2,1404.02,USA,Sigma Spectrum #151,Baxter Healthcare Corp,Sigma,2010-05-06,39,2
PRK341,Infusion Pump,18,1,0,2,1,1,2976.89,0,2,773.64,USA,Sigma Spectrum #112,Baxter Healthcare Corp,Sigma,2010-10-29,29,2
PRK341,Physiologic Monitoring System,9,1,0,1,1,1,17.16,1,2,10.63,Netherlands,IntelliVue #880,Koninklijke Philips N.V.,Philips,2019-11-22,44,3
PRK311,Infusion Pump,7,1,0,2,1,1,0.0,0,2,0.0,USA,Sigma Spectrum #193,Baxter Healthcare Corp,Sigma,1999-03-30,,1
PRK310,Physiologic Monitoring System,3,0,1,1,2,1,9.37,0,1,28.21,USA,CARESCAPE #503,GE Healthcare,GE,2001-11-03,13,2
PRK319,Physiologic Monitoring System,10,0,0,1,1,1,4.41,0,2,31.9,USA,CARESCAPE #733,GE Healthcare,GE,2011-05-31,36,2
PRK341,Physiologic Monitoring System,15,1,0,1,1,1,121.72,1,2,59.88,USA,CARESCAPE #514,GE Healthcare,GE,2009-08-28,31,2
PRK358,Ventilator,7,0,0,3,1,1,2.98,1,2,248.06,USA,Carestation 650 #358,Datex-Ohmeda Inc,Carestation,2018-09-13,37,2
PRK350,Physiologic Monitoring System,15,1,0,1,1,1,0.0,1,2,0.0,Japan,Life Scope #144,Nihon Kohden Corp,Nihon Kohden,2008-02-10,,1
PRK342,Infusion Pump,10,1,0,2,1,1,59.27,1,2,6298.23,USA,Sigma Spectrum #916,Baxter Healthcare Corp,Sigma,2014-06-09,38,2
PRK320,Infusion Pump,9,1,0,2,1,1,157.24,0,2,6522.05,Ireland,Alaris GP #933,Medtronic,Alaris,2016-06-06,40,2
PRK311,Physiologic Monitoring System,11,1,0,1,1,1,11.46,0,2,12.22,Netherlands,IntelliVue #455,Koninklijke Philips N.V.,Philips,2012-10-06,22,2
PRK358,Infusion Pump,3,0,0,2,1,1,14.43,1,2,10.72,USA,Sigma Spectrum #371,Baxter Healthcare Corp,Sigma,2019-08-02,9,2
PRK333,Infusion Pump,6,1,0,2,1,1,2.88,0,2,7825.71,Germany,Infusomat Space #631,B. Braun Melsungen AG,Infusomat,2010-04-11,28,3
PRK310,Infusion Pump,6,1,0,2,1,1,0.0,0,2,0.0,Germany,Infusomat Space #587,B. Braun Melsungen AG,Infusomat,2017-09-26,,1
PRK340,Physiologic Monitoring System,7,0,0,1,1,1,58.18,0,2,0.0,USA,CARESCAPE #45,GE Healthcare,GE,2014-07-04,4,2
PRK342,Ventilator,25,0,2,3,1,1,55.6,0,2,2540.59,USA,Smartvent 7900 #79,Datex-Ohmeda Inc,Smartvent,2019-05-19,4,2
PRK319,Physiologic Monitoring System,9,1,0,1,2,1,5.15,0,2,8847.65,Japan,Life Scope #105,Nihon Kohden Corp,Nihon Kohden,2003-09-10,11,3
PRK300,Infusion Pump,2,0,0,2,1,1,235.35,0,2,1732.44,Germany,Infusomat Space #536,B. Braun Melsungen AG,Infusomat,2008-11-25,43,2
PRK341,Infusion Pump,5,1,0,2,1,1,22.18,0,2,0.0,USA,Sigma Spectrum #778,Baxter Healthcare Corp,Sigma,2011-01-23,31,3
PRK300,Infusion Pump,8,1,0,2,1,1,270.72,0,1,4.66,USA,Sigma Spectrum #82,Baxter Healthcare Corp,Sigma,2015-03-27,29,2
PRK330,Infusion Pump,9,1,0,2,1,1,16.77,0,1,2195.88,Ireland,Alaris GP #588,Medtronic,Alaris,2006-08-21,36,2
PRK358,Physiologic Monitoring System,0,0,0,1,1,1,98.22,0,2,498.57,Japan,Life Scope #442,Nihon Kohden Corp,Nihon Kohden,2006-07-13,37,2
PRK360,Physiologic Monitoring System,12,1,1,1,1,1,0.0,0,2,0.0,Netherlands,IntelliVue #174,Koninklijke Philips N.V.,Philips,2014-01-10,,1
PRK320,Infusion Pump,12,0,0,2,1,1,308.38,0,2,18.11,USA,Sigma Spectrum #867,Baxter Healthcare Corp,Sigma,2013-02-25,28,3
PRK300,Infusion Pump,3,1,0,2,1,1,6.19,0,1,1110.67,Ireland,Alaris GP #304,Medtronic,Alaris,2000-06-09,12,2
PRK333,Infusion Pump,15,1,0,2,1,1,93.91,0,2,187.17,USA,Sigma Spectrum #47,Baxter Healthcare Corp,Sigma,2015-05-06,39,3
PRK319,Defibrillator,7,0,0,3,1,1,0.0,0,2,0.0,Netherlands,HeartStart XL #346,Koninklijke Philips N.V.,HeartStart,2017-02-21,,1
PRK358,Physiologic Monitoring System,4,0,0,1,1,1,0.0,1,2,0.0,Japan,Life Scope #397,Nihon Kohden Corp,Nihon Kohden,2016-04-01,,1
PRK342,Infusion Pump,3,0,0,2,1,1,0.0,0,2,0.0,Germany,Infusomat Space #64,B. Braun Melsungen AG,Infusomat,2008-02-27,,1
PRK330,Defibrillator,12,1,0,3,1,1,0.0,0,2,0.0,USA,Lifepak 20e #253,Physio-Control Inc,Lifepak,2013-05-23,,1
PRK342,Infusion Pump,5,1,0,2,1,1,0.0,0,2,0.0,USA,Sigma Spectrum #180,Baxter Healthcare Corp,Sigma,2008-11-12,,1
PRK320,Infusion Pump,10,1,1,2,1,1,212.69,0,2,0.0,USA,Sigma Spectrum #193,Baxter Healthcare Corp,Sigma,1999-08-18,5,2
PRK333,Sphygmomanometers,3,1,0,1,1,1,0.0,1,2,0.0,Malaysia,MV-BP100 #935,Med-Vantage Sdn Bhd,MedVantage,2011-03-13,,1
PRK358,Infusion Pump,6,0,0,2,1,1,0.0,1,2,0.0,Germany,Infusomat Space #399,B. Braun Melsungen AG,Infusomat,2008-07-01,,1
PRK312,Infusion Pump,11,1,1,2,1,1,414.16,0,2,83.49,USA,Sigma Spectrum #498,Baxter Healthcare Corp,Sigma,2019-01-20,11,2
PRK319,Physiologic Monitoring System,17,1,0,1,2,1,14.2,1,2,3004.12,Japan,Life Scope #921,Nihon Kohden Corp,Nihon Kohden,2013-11-16,26,2
PRK358,Infusion Pump,19,0,0,2,1,1,0.0,0,2,0.0,Germany,Infusomat Space #146,B. Braun Melsungen AG,Infusomat,2009-04-11,,1
PRK330,Physiologic Monitoring System,17,1,0,1,1,1,2.92,0,2,54.51,USA,CARESCAPE #464,GE Healthcare,GE,1998-06-10,24,2
PRK319,Infusion Pump,30,0,0,2,1,1,9.67,0,2,3.15,Ireland,Alaris GP #220,Medtronic,Alaris,2009-05-15,2,2
PRK300,Infusion Pump,10,0,0,2,1,1,341.73,0,2,163.37,Germany,Infusomat Space #616,B. Braun Melsungen AG,Infusomat,2007-06-15,14,2
PRK330,Infusion Pump,3,1,0,2,1,1,0.0,0,2,0.0,Ireland,Alaris GP #7,Medtronic,Alaris,1995-04-17,,1
PRK333,Infusion Pump,5,0,0,2,1,1,134.26,0,2,817.88,Germany,Infusomat Space #836,B. Braun Melsungen AG,Infusomat,2009-07-31,8,2
PRK330,Infusion Pump,18,0,0,2,1,1,17.74,0,2,251.99,Ireland,Alaris GP #603,Medtronic,Alaris,2017-06-08,11,3
PRK319,Infusion Pump,5,0,0,2,1,1,44.62,0,2,7871.64,Germany,Infusomat Space #118,B. Braun Melsungen AG,Infusomat,2012-11-30,34,2
PRK320,Defibrillator,0,1,0,3,1,1,514.23,0,2,234.71,Netherlands,HeartStart XL #49,Koninklijke Philips N.V.,HeartStart,2018-06-18,45,2
PRK341,Infusion Pump,7,0,0,2,2,1,0.0,0,2,0.0,Ireland,Alaris GP #342,Medtronic,Alaris,2018-02-19,,1
PRK358,Infusion Pump,15,1,1,2,1,1,71.9,0,2,279.02,Ireland,Alaris GP #554,Medtronic,Alaris,2016-11-16,21,3
PRK341,Infusion Pump,5,0,0,2,1,1,37.56,0,2,84.53,Germany,Infusomat Space #41,B. Braun Melsungen AG,Infusomat,2008-07-18,53,2
PRK341,Infusion Pump,19,1,0,2,1,1,13.16,0,2,873.27,Ireland,Alaris GP #799,Medtronic,Alaris,2017-03-26,22,2
PRK358,Infusion Pump,27,1,0,2,1,1,231.31,0,2,983.63,Germany,Infusomat Space #94,B. Braun Melsungen AG,Infusomat,2012-08-02,9,2
PRK312,Physiologic Monitoring System,10,1,0,1,2,1,44.01,0,2,48507.94,Japan,Life Scope #111,Nihon Kohden Corp,Nihon Kohden,2004-04-14,26,3
PRK319,Infusion Pump,30,1,1,2,1,1,561.98,0,2,1781.65,Germany,Infusomat Space #273,B. Braun Melsungen AG,Infusomat,2005-05-08,2,2
PRK300,Defibrillator,23,1,0,3,1,1,2.64,0,2,1261.92,Netherlands,HeartStart XL #542,Koninklijke Philips N.V.,HeartStart,2001-04-08,4,2
PRK320,Sphygmomanometers,15,1,0,1,1,1,25.09,1,2,867.54,Japan,HEM-907 #608,Omron Healthcare Co Ltd,Omron,2014-05-29,24,2
PRK360,Infusion Pump,11,1,0,2,1,1,0.0,0,2,0.0,Ireland,Alaris GP #19,Medtronic,Alaris,2014-09-13,,1
PRK320,Infusion Pump,10,1,0,2,2,1,0.0,0,2,379.46,Germany,Infusomat Space #438,B. Braun Melsungen AG,Infusomat,2017-05-28,7,3
PRK358,Infusion Pump,8,1,0,2,1,1,5.33,0,2,199.09,Ireland,Alaris GP #930,Medtronic,Alaris,2011-04-26,8,2
PRK300,Physiologic Monitoring System,12,1,0,1,1,1,42.74,0,2,902.59,Japan,Life Scope #192,Nihon Kohden Corp,Nihon Kohden,2005-12-04,13,2
PRK330,Infusion Pump,1,1,0,2,1,1,315.26,0,2,19.43,USA,Sigma Spectrum #961,Baxter Healthcare Corp,Sigma,2011-02-13,54,2
PRK320,Ventilator,23,0,0,3,1,1,96.21,0,2,0.0,USA,Smartvent 7900 #51,Datex-Ohmeda Inc,Smartvent,2012-01-28,11,2
PRK312,Physiologic Monitoring System,30,1,0,1,1,1,0.0,0,2,0.0,Netherlands,IntelliVue #643,Koninklijke Philips N.V.,Philips,2004-11-21,,1
PRK320,Ventilator,1,0,0,3,2,1,12.64,1,2,90.48,UK,Blease 8200p #486,Blease Medical Equipment Ltd,Blease,2008-11-03,45,2
PRK341,Infusion Pump,14,1,0,2,1,1,36.92,0,1,1296.48,USA,Sigma Spectrum #516,Baxter Healthcare Corp,Sigma,2010-12-30,19,3
PRK333,Radiographic System,22,1,2,1,1,1,8.63,0,2,177.28,Germany,Somatom #38,Siemens Healthineers,Siemens,2020-10-16,5,3
PRK358,Infusion Pump,9,1,0,2,1,1,338.02,1,2,2223.62,USA,Sigma Spectrum #485,Baxter Healthcare Corp,Sigma,2013-06-06,21,2
PRK358,Infusion Pump,7,0,0,2,1,1,116.92,0,2,150.32,Germany,Infusomat Space #186,B. Braun Melsungen AG,Infusomat,2006-08-23,30,3
PRK333,Infusion Pump,6,0,0,2,1,1,68.75,1,2,102566.77,Ireland,Alaris GP #238,Medtronic,Alaris,2018-08-27,41,2
PRK360,Sphygmomanometers,5,0,0,1,1,1,75.2,0,2,354.01,Malaysia,MV-BP100 #59,Med-Vantage Sdn Bhd,MedVantage,2006-03-02,16,2
PRK300,Physiologic Monitoring System,10,1,1,1,1,1,485.64,0,1,1615.67,Japan,Life Scope #190,Nihon Kohden Corp,Nihon Kohden,2002-10-07,21,2
PRK319,Ventilator,19,1,0,3,1,1,0.0,1,2,0.0,UK,Blease 8200p #572,Blease Medical Equipment Ltd,Blease,2008-06-17,,1
PRK330,Infusion Pump,1,1,0,2,1,1,0.0,0,2,0.0,Ireland,Alaris GP #92,Medtronic,Alaris,1998-10-06,,1
PRK341,Sphygmomanometers,4,1,0,1,1,1,63.37,1,2,1723.78,USA,DS66 #155,Welch Allyn Inc,Welch Allyn,2016-07-25,55,2
PRK340,Infusion Pump,5,1,0,2,1,1,0.0,0,1,0.0,Ireland,Alaris GP #88,Medtronic,Alaris,2016-12-25,,1
PRK340,Infusion Pump,2,0,0,2,1,1,746.5,1,2,3522.67,Ireland,Alaris GP #373,Medtronic,Alaris,2009-02-12,38,2
PRK358,Sphygmomanometers,13,1,2,1,1,1,220.66,0,2,6848.62,Malaysia,MV-BP100 #508,Med-Vantage Sdn Bhd,MedVantage,2016-09-23,21,3
PRK319,Infusion Pump,12,1,0,2,1,1,112.04,0,2,75519.16,USA,Sigma Spectrum #221,Baxter Healthcare Corp,Sigma,2011-03-14,25,3
PRK358,Infusion Pump,16,1,2,2,2,1,0.0,0,2,0.0,Germany,Infusomat Space #568,B. Braun Melsungen AG,Infusomat,2010-07-27,,1
PRK340,Physiologic Monitoring System,1,1,0,1,1,1,115.74,1,2,0.0,Japan,Life Scope #897,Nihon Kohden Corp,Nihon Kohden,2009-07-19,49,2
PRK333,Infusion Pump,14,1,0,2,1,1,4.43,0,2,258.2,USA,Sigma Spectrum #657,Baxter Healthcare Corp,Sigma,2013-11-22,14,2
PRK319,Infusion Pump,19,1,0,2,1,1,0.0,0,2,0.0,Germany,Infusomat Space #635,B. Braun Melsungen AG,Infusomat,2017-04-21,,1
PRK319,Infusion Pump,13,1,0,2,1,1,13.04,1,2,257.16,Ireland,Alaris GP #252,Medtronic,Alaris,2004-03-31,27,2
PRK326,Infusion Pump,9,1,0,2,1,1,0.0,0,2,0.0,Germany,Infusomat Space #419,B. Braun Melsungen AG,Infusomat,2015-05-27,,1
PRK342,Defibrillator,8,1,0,3,1,1,13.56,0,2,9710.95,Netherlands,HeartStart XL #551,Koninklijke Philips N.V.,HeartStart,2007-08-31,42,2
PRK333,Physiologic Monitoring System,11,1,1,1,1,1,34.06,0,1,1546.04,Japan,Life Scope #813,Nihon Kohden Corp,Nihon Kohden,2012-04-11,27,2
PRK311,Infusion Pump,10,1,0,2,1,1,84.06,0,2,344.25,Germany,Infusomat Space #260,B. Braun Melsungen AG,Infusomat,2012-08-19,23,2
PRK342,Infusion Pump,5,0,2,2,1,1,630.06,0,2,0.0,Ireland,Alaris GP #817,Medtronic,Alaris,2019-01-18,19,3
PRK341,Infusion Pump,1,0,0,2,1,1,25.58,0,2,108.92,USA,Sigma Spectrum #129,Baxter Healthcare Corp,Sigma,2012-02-14,21,2
PRK360,Physiologic Monitoring System,6,0,0,1,1,1,760.53,0,2,1090.1,USA,CARESCAPE #711,GE Healthcare,GE,2004-10-04,49,2
PRK333,Sphygmomanometers,28,1,0,1,1,1,3.06,0,2,2397.03,Malaysia,MV-BP100 #821,Med-Vantage Sdn Bhd,MedVantage,2005-05-08,7,2
PRK341,Sphygmomanometers,1,0,0,1,1,1,5.96,0,2,5835.41,USA,DS66 #509,Welch Allyn Inc,Welch Allyn,2012-02-07,24,2
PRK333,Infusion Pump,10,1,0,2,1,1,11.88,0,2,0.0,Ireland,Alaris GP #498,Medtronic,Alaris,2018-11-18,22,2
PRK342,Infusion Pump,24,0,2,2,1,1,216.38,0,2,0.0,Ireland,Alaris GP #519,Medtronic,Alaris,2018-08-19,12,2
PRK330,Infusion Pump,16,1,2,2,2,1,10.22,0,2,134.14,Ireland,Alaris GP #523,Medtronic,Alaris,2001-04-22,20,2
PRK311,Physiologic Monitoring System,18,1,0,1,1,1,5.79,0,1,4721.87,Japan,Life Scope #808,Nihon Kohden Corp,Nihon Kohden,2014-06-17,22,2
PRK360,Infusion Pump,16,1,0,2,1,1,1385.42,0,2,0.0,Germany,Infusomat Space #798,B. Braun Melsungen AG,Infusomat,2017-08-04,12,2
PRK342,Physiologic Monitoring System,2,1,0,1,1,1,43.0,0,2,649.69,Japan,Life Scope #148,Nihon Kohden Corp,Nihon Kohden,2018-02-02,41,2
PRK341,Physiologic Monitoring System,21,1,2,1,1,1,0.0,0,2,0.0,Japan,Life Scope #73,Nihon Kohden Corp,Nihon Kohden,2011-01-11,,1
PRK333,Infusion Pump,23,1,1,2,1,1,349.72,0,2,9274.97,Ireland,Alaris GP #558,Medtronic,Alaris,2015-04-30,10,2
PRK342,Infusion Pump,3,0,0,2,1,1,233.12,1,2,0.0,Ireland,Alaris GP #398,Medtronic,Alaris,2009-07-10,54,2
PRK311,Infusion Pump,6,1,0,2,1,1,525.93,0,2,1474.91,Germany,Infusomat Space #922,B. Braun Melsungen AG,Infusomat,2003-07-03,14,2
PRK320,Infusion Pump,9,1,0,2,1,1,0.0,1,2,0.0,Germany,Infusomat Space #217,B. Braun Melsungen AG,Infusomat,2019-02-24,,1
PRK311,Infusion Pump,6,1,0,2,1,1,6.83,0,2,77.75,Ireland,Alaris GP #826,Medtronic,Alaris,2010-01-11,14,3
PRK311,Physiologic Monitoring System,5,1,0,1,1,1,0.0,0,2,0.0,Japan,Life Scope #790,Nihon Kohden Corp,Nihon Kohden,2006-07-17,,1
PRK300,Infusion Pump,5,0,0,2,1,1,28.97,1,2,27327.32,USA,Sigma Spectrum #438,Baxter Healthcare Corp,Sigma,2014-08-14,29,2
PRK342,Infusion Pump,14,1,2,2,1,1,161.16,1,2,14029.1,Germany,Infusomat Space #840,B. Braun Melsungen AG,Infusomat,2014-07-20,22,2
PRK319,Physiologic Monitoring System,17,1,0,1,1,1,277.04,0,1,131.88,USA,CARESCAPE #772,GE Healthcare,GE,2011-07-19,23,3
PRK358,Physiologic Monitoring System,5,0,0,1,1,1,12.81,0,2,6223.45,Japan,Life Scope #120,Nihon Kohden Corp,Nihon Kohden,2011-12-28,26,3
PRK358,Infusion Pump,17,1,1,2,1,1,18.83,0,2,85.32,Ireland,Alaris GP #150,Medtronic,Alaris,2013-03-09,29,3
PRK312,Ventilator,6,0,0,3,1,1,46.52,0,2,1.61,UK,Blease 8200p #351,Blease Medical Equipment Ltd,Blease,2015-05-17,38,2
PRK342,Sphygmomanometers,3,0,0,1,1,1,0.0,0,2,0.0,USA,DS66 #908,Welch Allyn Inc,Welch Allyn,2014-09-28,,1
PRK330,Physiologic Monitoring System,11,1,1,1,2,1,0.0,0,2,0.0,Netherlands,IntelliVue #463,Koninklijke Philips N.V.,Philips,2011-05-19,,1
PRK358,Physiologic Monitoring System,9,0,0,1,1,1,0.0,0,2,0.0,Japan,Life Scope #512,Nihon Kohden Corp,Nihon Kohden,2010-04-09,,1
PRK333,Infusion Pump,11,1,0,2,1,1,2.83,0,2,1170.91,USA,Sigma Spectrum #578,Baxter Healthcare Corp,Sigma,2012-09-01,10,2
PRK326,Sphygmomanometers,11,1,0,1,1,1,1006.26,0,2,320.17,Malaysia,MV-BP100 #793,Med-Vantage Sdn Bhd,MedVantage,1995-10-16,10,2
PRK319,Infusion Pump,10,1,0,2,1,1,0.0,0,2,0.0,Germany,Infusomat Space #714,B. Braun Melsungen AG,Infusomat,1996-01-19,,1
PRK358,Defibrillator,8,0,0,3,1,1,0.0,0,2,0.0,Netherlands,HeartStart XL #527,Koninklijke Philips N.V.,HeartStart,2012-01-22,4,3
PRK319,Physiologic Monitoring System,17,1,0,1,1,1,153.87,1,2,6180.77,Netherlands,IntelliVue #423,Koninklijke Philips N.V.,Philips,2004-01-14,8,2
PRK358,Infusion Pump,14,0,0,2,2,1,0.0,0,1,0.0,Ireland,Alaris GP #612,Medtronic,Alaris,2006-04-20,,1
PRK312,Infusion Pump,6,1,0,2,1,1,0.0,1,2,0.0,USA,Sigma Spectrum #351,Baxter Healthcare Corp,Sigma,2020-07-15,49,2
PRK341,Physiologic Monitoring System,6,0,0,1,1,1,41.91,0,2,210.01,USA,CARESCAPE #389,GE Healthcare,GE,1998-01-09,20,2
PRK330,Physiologic Monitoring System,2,0,0,1,1,1,0.0,1,2,0.0,Netherlands,IntelliVue #580,Koninklijke Philips N.V.,Philips,2013-12-14,,1
PRK310,Infusion Pump,2,1,0,2,1,1,47.08,0,2,245.73,USA,Sigma Spectrum #166,Baxter Healthcare Corp,Sigma,1997-07-21,13,2
PRK311,Physiologic Monitoring System,8,1,1,1,1,1,0.0,1,2,0.0,USA,CARESCAPE #459,GE Healthcare,GE,2016-06-12,,1
PRK319,Ventilator,15,1,0,3,1,1,0.0,1,2,0.0,Germany,Evita V500 #519,Drager Medical AG & Co KGaA,Evita,2015-03-05,,1
PRK342,Infusion Pump,4,1,0,2,1,1,157.14,0,2,423.03,Ireland,Alaris GP #974,Medtronic,Alaris,2009-03-20,22,3
PRK342,Infusion Pump,14,1,0,2,1,1,77.41,0,1,8788.69,USA,Sigma Spectrum #985,Baxter Healthcare Corp,Sigma,2016-02-18,25,2
PRK319,Infusion Pump,10,1,0,2,1,1,8.69,0,2,0.0,Germany,Infusomat Space #133,B. Braun Melsungen AG,Infusomat,2003-12-31,23,2
PRK333,Ventilator,4,1,0,3,1,1,0.0,0,2,0.0,Germany,Evita V500 #31,Drager Medical AG & Co KGaA,Evita,2006-01-11,,1
PRK310,Infusion Pump,9,1,0,2,1,1,0.0,0,2,0.0,Germany,Infusomat Space #818,B. Braun Melsungen AG,Infusomat,2019-07-04,,1
PRK342,Defibrillator,9,1,0,3,1,1,692.06,0,2,675.66,Netherlands,HeartStart XL #351,Koninklijke Philips N.V.,HeartStart,2007-08-24,38,2
PRK350,Infusion Pump,5,1,0,2,1,1,4.05,1,2,0.0,USA,Sigma Spectrum #239,Baxter Healthcare Corp,Sigma,1992-06-16,36,3
PRK358,Physiologic Monitoring System,13,1,0,1,1,1,16.85,0,2,499.48,USA,CARESCAPE #97,GE Healthcare,GE,2002-09-26,19,2
PRK358,Infusion Pump,17,1,0,2,1,1,302.39,0,2,179.02,Ireland,Alaris GP #7,Medtronic,Alaris,2008-09-03,22,2
PRK320,Infusion Pump,7,1,0,2,1,1,1259.55,1,2,0.0,Germany,Infusomat Space #687,B. Braun Melsungen AG,Infusomat,1995-02-07,48,3
PRK319,Ventilator,3,0,0,3,1,1,209.61,0,1,33.67,Germany,Evita V500 #365,Drager Medical AG & Co KGaA,Evita,2000-03-07,28,2
PRK358,Infusion Pump,17,1,0,2,1,1,570.57,0,2,1523.09,USA,Sigma Spectrum #328,Baxter Healthcare Corp,Sigma,2019-10-28,9,2
PRK311,Infusion Pump,2,1,0,2,1,1,0.0,0,2,0.0,USA,Sigma Spectrum #540,Baxter Healthcare Corp,Sigma,2010-02-15,,1
PRK300,Sphygmomanometers,11,1,0,1,2,1,0.0,1,2,0.0,Japan,HEM-907 #980,Omron Healthcare Co Ltd,Omron,2019-07-14,,1
PRK319,Sphygmomanometers,4,1,0,1,1,1,90.84,0,2,293.59,Malaysia,MV-BP100 #82,Med-Vantage Sdn Bhd,MedVantage,2015-01-03,27,2
PRK342,Defibrillator,3,0,0,3,1,1,149.11,0,2,11509.28,Netherlands,HeartStart XL #172,Koninklijke Philips N.V.,HeartStart,2010-06-04,49,2
PRK342,Infusion Pump,6,0,0,2,1,1,86.77,0,2,309.08,Ireland,Alaris GP #193,Medtronic,Alaris,1998-04-25,17,3
PRK360,Physiologic Monitoring System,9,1,0,1,1,1,37.36,0,2,214.05,USA,CARESCAPE #465,GE Healthcare,GE,2004-02-04,44,2
PRK320,Defibrillator,4,1,0,3,1,1,130.08,1,2,809.22,USA,Lifepak 20e #745,Physio-Control Inc,Lifepak,2014-05-07,36,2
PRK319,Infusion Pump,3,1,0,2,1,1,0.0,1,2,0.0,Ireland,Alaris GP #985,Medtronic,Alaris,2014-09-27,,1
PRK326,Infusion Pump,1,0,0,2,1,1,137.12,0,2,8244.33,Germany,Infusomat Space #675,B. Braun Melsungen AG,Infusomat,2010-05-20,45,2
PRK350,Ventilator,24,1,0,3,2,1,1.07,0,2,33.91,UK,Blease 8200p #198,Blease Medical Equipment Ltd,Blease,2011-08-12,8,2
PRK319,Infusion Pump,11,1,0,2,1,1,12.68,0,2,5530.44,USA,Sigma Spectrum #732,Baxter Healthcare Corp,Sigma,2018-01-02,40,3
PRK360,Physiologic Monitoring System,4,1,0,1,1,1,23.74,0,2,0.0,Japan,Life Scope #116,Nihon Kohden Corp,Nihon Kohden,2005-03-26,9,2
PRK333,Radiographic System,12,1,0,1,1,1,4.12,0,2,3607.94,Germany,Somatom #635,Siemens Healthineers,Siemens,2010-12-26,16,2
PRK350,Physiologic Monitoring System,9,1,0,1,1,1,11.24,0,2,575.14,Netherlands,IntelliVue #655,Koninklijke Philips N.V.,Philips,2019-02-10,13,2
PRK358,Infusion Pump,14,1,0,2,1,1,215.29,1,1,218.19,USA,Sigma Spectrum #242,Baxter Healthcare Corp,Sigma,2013-04-03,21,2
PRK333,Infusion Pump,7,0,0,2,1,1,106.37,0,2,2100.99,USA,Sigma Spectrum #77,Baxter Healthcare Corp,Sigma,2000-11-04,27,2
PRK342,Infusion Pump,16,1,0,2,1,1,0.0,0,2,0.0,Germany,Infusomat Space #238,B. Braun Melsungen AG,Infusomat,2003-09-03,,1
PRK320,Infusion Pump,5,0,0,2,1,1,0.0,0,2,0.0,Ireland,Alaris GP #402,Medtronic,Alaris,2010-01-21,,1
PRK350,Ventilator,10,0,0,3,1,1,356.08,1,1,5431.42,Germany,Evita V500 #466,Drager Medical AG & Co KGaA,Evita,2012-08-07,12,2
PRK358,Ventilator,15,1,0,3,1,1,64.69,1,2,140.87,USA,Smartvent 7900 #285,Datex-Ohmeda Inc,Smartvent,2016-02-02,11,2
PRK340,Infusion Pump,10,1,0,2,1,1,679.02,0,2,152.66,Ireland,Alaris GP #881,Medtronic,Alaris,2012-08-14,4,2
PRK319,Infusion Pump,29,1,0,2,1,1,0.0,0,2,0.0,Ireland,Alaris GP #487,Medtronic,Alaris,2004-10-09,,1
PRK360,Defibrillator,14,1,0,3,1,1,0.0,0,2,0.0,Netherlands,HeartStart XL #354,Koninklijke Philips N.V.,HeartStart,1998-06-18,,1
PRK360,Infusion Pump,12,1,2,2,1,1,294.51,0,2,462.85,Germany,Infusomat Space #92,B. Braun Melsungen AG,Infusomat,2004-01-25,26,2
PRK341,Infusion Pump,6,1,0,2,1,1,193.04,0,2,287.8,Ireland,Alaris GP #583,Medtronic,Alaris,1999-05-15,23,2
PRK360,Infusion Pump,10,1,0,2,1,1,57.61,0,2,387.57,Germany,Infusomat Space #885,B. Braun Melsungen AG,Infusomat,2008-08-26,28,2
PRK333,Physiologic Monitoring System,19,1,0,1,1,1,0.0,1,2,0.0,USA,CARESCAPE #675,GE Healthcare,GE,2014-08-24,,1
PRK326,Infusion Pump,6,1,0,2,1,1,59.38,0,1,29804.95,Germany,Infusomat Space #79,B. Braun Melsungen AG,Infusomat,2015-06-30,33,2
PRK330,Physiologic Monitoring System,4,1,0,1,1,1,3.84,0,2,7.97,USA,CARESCAPE #54,GE Healthcare,GE,2013-11-03,41,3
PRK300,Infusion Pump,6,0,0,2,1,1,0.0,0,2,217937.03,Ireland,Alaris GP #919,Medtronic,Alaris,2004-01-20,32,2
PRK340,Physiologic Monitoring System,6,1,0,1,1,1,0.0,0,2,0.0,USA,CARESCAPE #192,GE Healthcare,GE,2012-10-02,,1
PRK341,Infusion Pump,13,1,0,2,1,1,27.87,0,2,291.06,USA,Sigma Spectrum #798,Baxter Healthcare Corp,Sigma,2008-12-02,27,2
PRK311,Infusion Pump,27,1,0,2,1,1,0.0,1,2,0.0,Germany,Infusomat Space #31,B. Braun Melsungen AG,Infusomat,2018-04-29,,1
PRK319,Infusion Pump,2,1,0,2,1,1,8.87,0,2,1023.77,Ireland,Alaris GP #842,Medtronic,Alaris,1999-04-27,38,2
PRK342,Infusion Pump,9,1,0,2,1,1,0.0,0,2,0.0,Germany,Infusomat Space #64,B. Braun Melsungen AG,Infusomat,2008-01-06,,1
PRK350,Infusion Pump,4,1,0,2,1,1,0.0,0,2,0.0,Ireland,Alaris GP #718,Medtronic,Alaris,2017-04-05,,1
PRK360,Infusion Pump,11,0,0,2,2,1,366.59,1,2,1617.46,Ireland,Alaris GP #853,Medtronic,Alaris,2019-07-10,30,3
PRK319,Infusion Pump,12,1,0,2,1,1,5.67,1,2,10189.16,Germany,Infusomat Space #974,B. Braun Melsungen AG,Infusomat,2017-10-31,27,3
PRK358,Infusion Pump,6,0,0,2,1,1,5.03,0,2,7.8,Germany,Infusomat Space #222,B. Braun Melsungen AG,Infusomat,2015-04-03,21,3
PRK312,Sphygmomanometers,13,1,0,1,1,1,53.66,0,2,467.1,Japan,HEM-907 #800,Omron Healthcare Co Ltd,Omron,2007-09-02,14,2
PRK311,Infusion Pump,5,0,0,2,2,1,62.32,0,2,0.0,Germany,Infusomat Space #133,B. Braun Melsungen AG,Infusomat,2003-02-04,6,2
PRK342,Ventilator,5,1,0,3,1,1,0.0,0,2,0.0,USA,Carestation 650 #421,Datex-Ohmeda Inc,Carestation,2014-08-13,,1
PRK330,Sphygmomanometers,4,1,1,1,1,1,54.92,0,2,13.44,Japan,HEM-907 #492,Omron Healthcare Co Ltd,Omron,2014-04-07,37,2
PRK350,Infusion Pump,6,0,0,2,1,1,0.0,0,2,0.0,Germany,Infusomat Space #822,B. Braun Melsungen AG,Infusomat,2017-01-21,,1
PRK319,Physiologic Monitoring System,8,1,0,1,1,1,0.0,0,2,191.46,USA,CARESCAPE #219,GE Healthcare,GE,2014-03-26,29,3
PRK319,Defibrillator,8,1,0,3,1,1,2068.75,1,2,0.0,Netherlands,HeartStart XL #940,Koninklijke Philips N.V.,HeartStart,2001-10-22,15,3
PRK340,Physiologic Monitoring System,10,1,2,1,1,1,363.79,1,2,0.0,USA,CARESCAPE #365,GE Healthcare,GE,2015-11-09,23,2
PRK311,Infusion Pump,13,1,1,2,1,1,4.74,1,1,13.76,Ireland,Alaris GP #863,Medtronic,Alaris,2011-11-23,23,2
PRK319,Infusion Pump,10,1,0,2,1,1,123.58,0,2,344.67,USA,Sigma Spectrum #850,Baxter Healthcare Corp,Sigma,2005-11-26,30,2
PRK312,Infusion Pump,24,1,1,2,1,1,19.42,0,1,0.0,Germany,Infusomat Space #631,B. Braun Melsungen AG,Infusomat,2012-03-07,11,2
PRK319,Infusion Pump,9,1,0,2,1,1,19.4,0,2,35.01,Ireland,Alaris GP #415,Medtronic,Alaris,2018-10-10,21,2
PRK342,Radiographic System,15,1,0,1,1,1,198.19,0,2,2129.48,Germany,Somatom #916,Siemens Healthineers,Siemens,2002-01-06,34,3
PRK311,Sphygmomanometers,2,0,0,1,2,1,67.03,0,2,0.0,Malaysia,MV-BP100 #984,Med-Vantage Sdn Bhd,MedVantage,2013-01-16,34,2
PRK341,Infusion Pump,10,1,0,2,1,1,67.8,0,2,2373.57,Ireland,Alaris GP #556,Medtronic,Alaris,2000-08-25,37,2
PRK341,Physiologic Monitoring System,8,1,0,1,1,1,0.0,1,2,0.0,Japan,Life Scope #204,Nihon Kohden Corp,Nihon Kohden,2012-01-11,,1
PRK340,Infusion Pump,7,0,0,2,1,1,0.0,1,2,0.0,USA,Sigma Spectrum #215,Baxter Healthcare Corp,Sigma,1996-12-25,,1
PRK333,Defibrillator,19,1,2,3,1,1,8.82,0,2,8328.89,Netherlands,HeartStart XL #505,Koninklijke Philips N.V.,HeartStart,1999-09-03,5,2
PRK341,Infusion Pump,30,1,0,2,2,1,33.04,0,2,0.0,Germany,Infusomat Space #176,B. Braun Melsungen AG,Infusomat,2017-01-30,8,3
PRK358,Sphygmomanometers,13,1,0,1,1,1,0.0,0,2,0.0,Japan,HEM-907 #378,Omron Healthcare Co Ltd,Omron,2019-05-10,,1
PRK312,Ventilator,1,1,0,3,1,1,115.48,0,2,330.44,USA,Smartvent 7900 #698,Datex-Ohmeda Inc,Smartvent,2007-02-28,55,2
PRK350,Infusion Pump,5,1,0,2,1,1,270.31,0,2,10133.49,Ireland,Alaris GP #913,Medtronic,Alaris,2019-03-27,13,2
PRK300,Infusion Pump,2,1,0,2,1,1,39.81,0,2,7.75,Germany,Infusomat Space #351,B. Braun Melsungen AG,Infusomat,2007-11-20,55,2
PRK333,Ventilator,9,1,0,3,1,1,75.11,0,2,145994.76,USA,Carestation 650 #769,Datex-Ohmeda Inc,Carestation,2019-10-24,41,2
PRK333,Infusion Pump,12,0,1,2,1,1,0.0,0,2,0.0,USA,Sigma Spectrum #92,Baxter Healthcare Corp,Sigma,2015-01-20,,1
PRK312,Infusion Pump,2,0,0,2,1,1,0.0,0,2,0.0,USA,Sigma Spectrum #223,Baxter Healthcare Corp,Sigma,2007-03-06,,1
PRK310,Defibrillator,21,1,1,3,1,1,118.87,1,2,0.0,USA,Lifepak 20e #69,Physio-Control Inc,Lifepak,1996-12-27,14,2
PRK300,Physiologic Monitoring System,3,0,0,1,1,1,80.73,0,2,5470.61,Japan,Life Scope #399,Nihon Kohden Corp,Nihon Kohden,2008-07-22,43,2
PRK300,Infusion Pump,11,1,0,2,1,1,0.0,0,2,0.0,USA,Sigma Spectrum #128,Baxter Healthcare Corp,Sigma,2004-06-12,,1
PRK340,Infusion Pump,21,0,1,2,2,1,5.55,0,2,490.03,Ireland,Alaris GP #860,Medtronic,Alaris,2018-08-23,14,2
PRK311,Infusion Pump,10,1,0,2,1,1,9.95,0,2,159.15,Ireland,Alaris GP #772,Medtronic,Alaris,2016-07-25,17,2
PRK350,Sphygmomanometers,5,0,0,1,1,1,354.89,0,2,86.91,Malaysia,MV-BP100 #842,Med-Vantage Sdn Bhd,MedVantage,2013-07-18,44,2
PRK358,Infusion Pump,4,0,0,2,1,1,0.0,0,2,0.0,Ireland,Alaris GP #45,Medtronic,Alaris,2013-01-01,,1
PRK319,Infusion Pump,10,1,1,2,1,1,1334.76,1,2,15.92,USA,Sigma Spectrum #100,Baxter Healthcare Corp,Sigma,2018-07-06,16,2
PRK312,Infusion Pump,15,0,0,2,1,1,0.0,0,2,0.0,Ireland,Alaris GP #770,Medtronic,Alaris,2008-07-11,,1
PRK330,Sphygmomanometers,11,0,0,1,2,1,2.26,0,2,25579.21,USA,DS66 #859,Welch Allyn Inc,Welch Allyn,2009-04-27,17,2
PRK358,Infusion Pump,4,1,1,2,1,1,20.6,0,1,1652.03,Germany,Infusomat Space #5,B. Braun Melsungen AG,Infusomat,2008-03-12,32,2
PRK326,Defibrillator,7,1,0,3,1,1,0.94,1,2,100.86,USA,Lifepak 20e #604,Physio-Control Inc,Lifepak,2004-07-10,43,3
PRK310,Physiologic Monitoring System,4,1,0,1,1,1,2.53,0,2,1413.13,USA,CARESCAPE #77,GE Healthcare,GE,2004-08-04,26,2
PRK360,Ventilator,4,1,0,3,1,1,65.29,0,2,1.49,USA,Smartvent 7900 #80,Datex-Ohmeda Inc,Smartvent,2013-08-12,31,3
PRK333,Sphygmomanometers,4,1,0,1,1,1,3.26,1,2,33569.15,Japan,HEM-907 #871,Omron Healthcare Co Ltd,Omron,2006-03-23,9,3
PRK320,Ventilator,6,1,0,3,1,1,3.57,0,2,183.67,Germany,Evita V500 #574,Drager Medical AG & Co KGaA,Evita,1993-02-16,4,2
PRK358,Sphygmomanometers,8,1,0,1,1,1,60.18,0,1,2166.35,USA,DS66 #824,Welch Allyn Inc,Welch Allyn,2013-09-25,9,2
PRK358,Infusion Pump,9,1,0,2,1,1,62.27,0,2,584.61,USA,Sigma Spectrum #980,Baxter Healthcare Corp,Sigma,2005-10-10,9,2
PRK333,Ventilator,10,1,0,3,1,1,0.0,0,2,2532.52,USA,Smartvent 7900 #584,Datex-Ohmeda Inc,Smartvent,2017-05-04,40,3
PRK319,Physiologic Monitoring System,5,1,0,1,1,1,82.63,1,2,141624.37,USA,CARESCAPE #5,GE Healthcare,GE,2010-10-01,46,3
PRK333,Infusion Pump,8,1,0,2,1,1,0.0,0,2,0.0,Germany,Infusomat Space #226,B. Braun Melsungen AG,Infusomat,1993-09-07,,1
PRK319,Defibrillator,9,1,0,3,1,1,0.0,0,1,0.0,USA,Lifepak 20e #820,Physio-Control Inc,Lifepak,2017-01-29,,1
PRK333,Sphygmomanometers,18,1,0,1,1,1,279.34,0,2,1282.27,USA,DS66 #48,Welch Allyn Inc,Welch Allyn,2011-03-07,30,2
PRK319,Physiologic Monitoring System,2,0,0,1,2,1,61.09,0,2,278.7,USA,CARESCAPE #636,GE Healthcare,GE,2008-04-17,11,2
PRK341,Infusion Pump,2,1,0,2,1,1,135.8,0,2,120.91,USA,Sigma Spectrum #386,Baxter Healthcare Corp,Sigma,2011-08-12,12,2
PRK342,Infusion Pump,12,1,0,2,1,1,0.49,1,2,5987.99,Ireland,Alaris GP #745,Medtronic,Alaris,2008-11-01,15,3
PRK360,Infusion Pump,13,1,0,2,1,1,0.0,0,2,0.0,Germany,Infusomat Space #783,B. Braun Melsungen AG,Infusomat,2015-01-10,,1
PRK358,Infusion Pump,12,1,0,2,1,1,724.56,1,2,664.41,Ireland,Alaris GP #397,Medtronic,Alaris,2004-10-25,25,2
PRK300,Infusion Pump,12,1,0,2,3,1,19.8,1,2,332.67,Ireland,Alaris GP #543,Medtronic,Alaris,2013-04-06,17,3
PRK319,Infusion Pump,2,1,0,2,1,1,134.57,0,2,461.48,Ireland,Alaris GP #453,Medtronic,Alaris,2018-12-01,33,2
PRK333,Infusion Pump,27,1,2,2,1,1,0.0,0,2,0.0,Germany,Infusomat Space #815,B. Braun Melsungen AG,Infusomat,2014-05-26,,1
PRK319,Ventilator,17,1,0,3,1,1,17.51,1,2,2458.26,USA,Carestation 650 #843,Datex-Ohmeda Inc,Carestation,2014-10-22,9,3
PRK300,Infusion Pump,2,0,0,2,1,1,0.0,0,2,0.0,USA,Sigma Spectrum #676,Baxter Healthcare Corp,Sigma,2006-05-29,,1
PRK342,Sphygmomanometers,7,0,0,1,1,1,23.89,0,2,331.25,Japan,HEM-907 #127,Omron Healthcare Co Ltd,Omron,2019-09-10,38,2
PRK320,Physiologic Monitoring System,6,1,0,1,2,1,22.46,0,2,6921.54,Netherlands,IntelliVue #898,Koninklijke Philips N.V.,Philips,1994-03-01,21,3
PRK300,Infusion Pump,8,1,0,2,1,1,22.02,0,2,31859.55,Germany,Infusomat Space #679,B. Braun Melsungen AG,Infusomat,2008-05-20,9,3
PRK333,Infusion Pump,6,0,0,2,1,1,11.38,0,2,31938.7,Germany,Infusomat Space #760,B. Braun Melsungen AG,Infusomat,2002-03-04,40,2
PRK360,Infusion Pump,3,0,0,2,1,1,0.0,0,2,0.0,Ireland,Alaris GP #189,Medtronic,Alaris,2015-12-20,,1
PRK342,Sphygmomanometers,9,0,0,1,1,1,22.57,0,2,1050.78,Malaysia,MV-BP100 #176,Med-Vantage Sdn Bhd,MedVantage,2016-01-10,43,2
PRK312,Infusion Pump,19,1,0,2,1,1,0.0,0,2,0.0,Germany,Infusomat Space #756,B. Braun Melsungen AG,Infusomat,2012-04-13,,1
PRK333,Infusion Pump,6,1,0,2,1,1,27.46,0,2,1546.47,Ireland,Alaris GP #221,Medtronic,Alaris,2002-08-20,8,2
PRK358,Sphygmomanometers,10,1,0,1,1,1,24.41,1,2,121.69,USA,DS66 #814,Welch Allyn Inc,Welch Allyn,2008-08-08,23,2
PRK300,Sphygmomanometers,8,0,0,1,1,1,5519.52,1,2,501.97,Japan,HEM-907 #297,Omron Healthcare Co Ltd,Omron,2005-02-08,40,2
PRK341,Infusion Pump,12,1,0,2,1,1,200.19,1,2,414.64,Ireland,Alaris GP #969,Medtronic,Alaris,2002-09-18,30,2
PRK342,Infusion Pump,7,0,0,2,1,1,2.79,0,2,5588.45,USA,Sigma Spectrum #266,Baxter Healthcare Corp,Sigma,1999-04-01,43,2
PRK342,Infusion Pump,5,0,0,2,2,1,85.65,0,2,4150.2,USA,Sigma Spectrum #462,Baxter Healthcare Corp,Sigma,2010-08-02,27,2
PRK311,Infusion Pump,6,0,0,2,1,1,91.97,1,2,524.87,Germany,Infusomat Space #134,B. Braun Melsungen AG,Infusomat,2001-10-30,24,3
PRK358,Infusion Pump,18,1,0,2,1,1,25743.0,0,2,394.87,Ireland,Alaris GP #371,Medtronic,Alaris,2009-02-28,15,3
PRK319,Physiologic Monitoring System,9,1,0,1,1,1,100.33,0,2,138.84,Japan,Life Scope #793,Nihon Kohden Corp,Nihon Kohden,1999-10-09,8,2
PRK300,Defibrillator,8,1,0,3,1,1,2419.56,0,2,312.9,Netherlands,HeartStart XL #891,Koninklijke Philips N.V.,HeartStart,2008-07-29,16,3
PRK300,Infusion Pump,18,1,0,2,1,1,26.45,0,2,521.59,USA,Sigma Spectrum #298,Baxter Healthcare Corp,Sigma,2010-02-05,19,2
PRK330,Physiologic Monitoring System,20,1,2,1,1,1,13.48,0,2,1416.94,Netherlands,IntelliVue #665,Koninklijke Philips N.V.,Philips,2010-12-23,19,2
PRK300,Infusion Pump,1,0,0,2,1,1,6.81,0,2,863.28,Germany,Infusomat Space #505,B. Braun Melsungen AG,Infusomat,2003-10-06,15,2
PRK350,Ventilator,2,0,0,3,1,1,0.0,0,2,0.0,Germany,Evita V500 #134,Drager Medical AG & Co KGaA,Evita,2016-10-26,,1
PRK358,Physiologic Monitoring System,14,1,0,1,1,1,10.5,1,2,217.29,USA,CARESCAPE #944,GE Healthcare,GE,2000-07-26,22,3
PRK300,Defibrillator,9,0,0,3,1,1,17.01,0,2,517.6,Netherlands,HeartStart XL #142,Koninklijke Philips N.V.,HeartStart,2017-11-24,36,2
PRK350,Sphygmomanometers,20,0,0,1,1,1,0.0,0,2,0.0,USA,DS66 #295,Welch Allyn Inc,Welch Allyn,2001-04-06,,1
PRK360,Infusion Pump,2,0,0,2,1,1,0.0,0,1,0.0,Germany,Infusomat Space #156,B. Braun Melsungen AG,Infusomat,2008-06-22,,1
PRK300,Infusion Pump,10,1,0,2,1,1,71.72,0,2,22.9,Germany,Infusomat Space #605,B. Braun Melsungen AG,Infusomat,2012-06-23,26,2
PRK342,Infusion Pump,13,1,0,2,1,1,5.68,0,2,51.34,USA,Sigma Spectrum #954,Baxter Healthcare Corp,Sigma,2004-03-11,37,2
PRK360,Infusion Pump,6,1,0,2,1,1,0.75,1,2,1386.6,Ireland,Alaris GP #510,Medtronic,Alaris,1999-11-30,11,2
PRK350,Sphygmomanometers,14,1,0,1,1,1,551.67,0,2,1936.14,Japan,HEM-907 #319,Omron Healthcare Co Ltd,Omron,2011-10-06,37,2
PRK333,Infusion Pump,15,1,0,2,1,1,439.51,0,2,172.48,Ireland,Alaris GP #895,Medtronic,Alaris,2016-07-05,18,2
PRK358,Physiologic Monitoring System,8,1,1,1,1,1,35.01,1,2,0.0,USA,CARESCAPE #925,GE Healthcare,GE,2012-04-23,38,2
PRK342,Infusion Pump,7,1,0,2,1,1,0.0,0,2,0.0,Germany,Infusomat Space #947,B. Braun Melsungen AG,Infusomat,2012-08-06,,1
PRK319,Infusion Pump,16,1,0,2,1,1,0.0,0,2,0.0,Ireland,Alaris GP #538,Medtronic,Alaris,2011-07-21,,1
PRK319,Infusion Pump,10,1,1,2,2,1,0.0,0,2,0.0,Germany,Infusomat Space #983,B. Braun Melsungen AG,Infusomat,2005-12-20,,1
PRK333,Physiologic Monitoring System,12,1,2,1,1,1,4279.52,0,2,17.86,USA,CARESCAPE #81,GE Healthcare,GE,2020-03-01,20,2
PRK326,Physiologic Monitoring System,10,1,0,1,1,1,1375.46,0,2,964.38,USA,CARESCAPE #236,GE Healthcare,GE,2017-10-08,18,2
PRK320,Infusion Pump,9,1,0,2,1,1,90.62,0,2,0.0,USA,Sigma Spectrum #925,Baxter Healthcare Corp,Sigma,2011-03-19,37,3
PRK312,Infusion Pump,7,1,0,2,1,1,1.78,0,1,28.84,Ireland,Alaris GP #931,Medtronic,Alaris,2014-01-01,36,2
PRK358,Physiologic Monitoring System,13,1,0,1,1,1,140.0,0,2,61.59,USA,CARESCAPE #955,GE Healthcare,GE,2012-12-28,10,2
PRK342,Infusion Pump,4,0,0,2,1,1,33.96,0,2,537.13,Germany,Infusomat Space #848,B. Braun Melsungen AG,Infusomat,2011-08-23,41,2
PRK320,Sphygmomanometers,2,0,0,1,1,1,25.96,1,2,103.03,Japan,HEM-907 #283,Omron Healthcare Co Ltd,Omron,2019-04-12,46,2
PRK319,Infusion Pump,8,1,0,2,1,1,54.04,1,2,1032.4,USA,Sigma Spectrum #507,Baxter Healthcare Corp,Sigma,2012-02-02,22,2
PRK311,Infusion Pump,20,1,0,2,1,1,1757.37,0,2,6391.41,USA,Sigma Spectrum #39,Baxter Healthcare Corp,Sigma,2016-06-21,25,2
PRK311,Infusion Pump,10,1,0,2,1,1,71.31,1,2,414.72,Germany,Infusomat Space #597,B. Braun Melsungen AG,Infusomat,2016-03-26,31,2
PRK341,Infusion Pump,7,0,0,2,1,1,0.0,1,2,0.0,Germany,Infusomat Space #659,B. Braun Melsungen AG,Infusomat,2013-11-01,,1
PRK311,Infusion Pump,6,0,0,2,1,1,0.0,0,1,0.0,Ireland,Alaris GP #11,Medtronic,Alaris,2002-11-28,,1
PRK360,Infusion Pump,6,0,0,2,1,1,111.56,0,2,304.62,Germany,Infusomat Space #752,B. Braun Melsungen AG,Infusomat,2012-05-03,22,2
PRK319,Radiographic System,0,1,0,1,1,1,182.15,0,1,2259.5,Germany,Somatom #873,Siemens Healthineers,Siemens,2013-10-13,9,2
PRK300,Infusion Pump,19,1,1,2,2,1,25.9,0,2,139686.24,Germany,Infusomat Space #403,B. Braun Melsungen AG,Infusomat,2012-01-04,20,3
PRK358,Infusion Pump,5,0,0,2,2,1,0.0,0,2,0.0,Ireland,Alaris GP #236,Medtronic,Alaris,2008-12-26,,1
PRK320,Infusion Pump,8,1,0,2,1,1,0.0,0,2,0.0,Germany,Infusomat Space #352,B. Braun Melsungen AG,Infusomat,2007-08-13,,1
PRK320,Infusion Pump,7,1,0,2,1,1,3.54,1,2,1286.95,USA,Sigma Spectrum #509,Baxter Healthcare Corp,Sigma,2011-04-11,15,2
PRK311,Physiologic Monitoring System,5,0,0,1,1,1,92.52,0,2,4859.68,USA,CARESCAPE #30,GE Healthcare,GE,2014-03-21,42,2
PRK341,Infusion Pump,19,1,0,2,1,1,0.0,0,2,0.0,Ireland,Alaris GP #675,Medtronic,Alaris,1996-02-09,,1
PRK320,Physiologic Monitoring System,3,0,0,1,1,1,0.0,1,2,0.0,Netherlands,IntelliVue #619,Koninklijke Philips N.V.,Philips,2016-01-30,,1
PRK358,Infusion Pump,13,0,0,2,1,1,0.0,1,2,0.0,Germany,Infusomat Space #803,B. Braun Melsungen AG,Infusomat,1999-07-19,,1
PRK341,Sphygmomanometers,2,1,0,1,1,1,162.58,1,2,107.36,USA,DS66 #840,Welch Allyn Inc,Welch Allyn,2004-06-29,35,2
PRK358,Infusion Pump,8,1,0,2,2,1,448.93,0,2,242.63,Ireland,Alaris GP #795,Medtronic,Alaris,2009-12-01,26,3
PRK341,Defibrillator,17,1,0,3,1,1,634.41,0,1,376.56,USA,Lifepak 20e #635,Physio-Control Inc,Lifepak,2006-05-26,9,3
PRK350,Infusion Pump,6,0,0,2,1,1,0.0,0,2,0.0,Ireland,Alaris GP #638,Medtronic,Alaris,2004-11-21,,1
PRK342,Infusion Pump,12,1,0,2,1,1,584.88,0,2,714.77,Germany,Infusomat Space #303,B. Braun Melsungen AG,Infusomat,2004-04-06,30,2
PRK330,Ventilator,6,1,0,3,1,1,49.05,0,2,35.11,USA,Carestation 650 #310,Datex-Ohmeda Inc,Carestation,2007-01-10,23,2
PRK342,Physiologic Monitoring System,6,1,0,1,1,1,14.03,1,2,19.62,Netherlands,IntelliVue #737,Koninklijke Philips N.V.,Philips,2020-02-11,26,2
PRK341,Ventilator,14,1,0,3,1,1,0.0,0,2,0.0,Germany,Evita V500 #841,Drager Medical AG & Co KGaA,Evita,2010-09-14,,1
PRK300,Infusion Pump,12,1,0,2,3,1,0.0,0,2,0.0,Ireland,Alaris GP #598,Medtronic,Alaris,2013-11-04,,1
PRK342,Physiologic Monitoring System,21,1,0,1,1,1,0.0,0,2,0.0,Japan,Life Scope #293,Nihon Kohden Corp,Nihon Kohden,2000-01-14,,1
PRK319,Defibrillator,6,1,0,3,1,1,0.0,0,2,5043.09,USA,Lifepak 20e #423,Physio-Control Inc,Lifepak,2013-01-26,44,2
PRK340,Physiologic Monitoring System,11,1,0,1,1,1,54.45,0,2,3008.08,Netherlands,IntelliVue #835,Koninklijke Philips N.V.,Philips,1997-11-25,40,3
PRK311,Infusion Pump,9,1,0,2,1,1,0.0,0,2,0.0,Germany,Infusomat Space #700,B. Braun Melsungen AG,Infusomat,2010-10-01,,1
PRK300,Physiologic Monitoring System,11,1,0,1,1,1,229.66,0,2,6893.63,USA,CARESCAPE #273,GE Healthcare,GE,2012-05-14,42,2
PRK300,Physiologic Monitoring System,17,1,1,1,1,1,0.0,1,2,0.0,USA,CARESCAPE #442,GE Healthcare,GE,2002-04-15,,1
PRK312,Sphygmomanometers,5,1,0,1,1,1,0.0,0,2,0.0,Japan,HEM-907 #406,Omron Healthcare Co Ltd,Omron,2011-12-21,,1
PRK300,Infusion Pump,10,1,1,2,1,1,840.51,0,2,23916.01,Ireland,Alaris GP #1,Medtronic,Alaris,2007-11-25,43,2
PRK311,Infusion Pump,19,1,0,2,1,1,34.17,1,2,414.87,Ireland,Alaris GP #380,Medtronic,Alaris,2013-05-07,17,2
PRK340,Ventilator,9,1,0,3,1,1,14.65,0,2,8526.0,Germany,Evita V500 #583,Drager Medical AG & Co KGaA,Evita,2008-07-06,15,2
PRK326,Infusion Pump,14,1,0,2,1,1,46.9,0,2,329.35,Ireland,Alaris GP #694,Medtronic,Alaris,2003-03-03,38,2
PRK360,Physiologic Monitoring System,1,0,0,1,1,1,0.0,0,2,0.0,USA,CARESCAPE #720,GE Healthcare,GE,1998-03-22,,1
PRK350,Infusion Pump,9,1,0,2,1,1,0.0,0,2,385.63,Germany,Infusomat Space #652,B. Braun Melsungen AG,Infusomat,1998-09-30,39,2
PRK311,Infusion Pump,6,1,0,2,1,1,34.39,0,2,694.67,Germany,Infusomat Space #792,B. Braun Melsungen AG,Infusomat,2009-02-04,9,2
PRK330,Physiologic Monitoring System,12,0,1,1,1,1,188.19,0,2,66.17,Netherlands,IntelliVue #234,Koninklijke Philips N.V.,Philips,2016-06-13,28,3
PRK330,Infusion Pump,10,1,0,2,1,1,482.49,0,2,64.66,Ireland,Alaris GP #14,Medtronic,Alaris,2014-11-04,6,2
PRK320,Infusion Pump,4,0,0,2,1,1,0.0,0,2,0.0,Ireland,Alaris GP #310,Medtronic,Alaris,2012-12-10,,1
PRK333,Physiologic Monitoring System,2,1,0,1,1,1,382.26,0,2,6185.3,Netherlands,IntelliVue #590,Koninklijke Philips N.V.,Philips,1994-11-05,34,2
PRK341,Physiologic Monitoring System,27,1,2,1,1,1,55.25,1,2,61.59,USA,CARESCAPE #736,GE Healthcare,GE,2012-10-04,7,2
PRK341,Defibrillator,11,1,0,3,2,1,0.0,1,2,0.0,USA,Lifepak 20e #286,Physio-Control Inc,Lifepak,1997-10-31,,1
PRK320,Infusion Pump,11,1,0,2,1,1,4.72,0,2,10840.61,Ireland,Alaris GP #75,Medtronic,Alaris,2006-07-04,37,3
PRK342,Infusion Pump,5,1,0,2,1,1,113.69,0,2,1660.1,Germany,Infusomat Space #73,B. Braun Melsungen AG,Infusomat,2011-01-05,5,3
PRK319,Sphygmomanometers,7,1,0,1,1,1,2.1,0,2,5911.18,Japan,HEM-907 #901,Omron Healthcare Co Ltd,Omron,2014-12-03,21,3
PRK358,Infusion Pump,19,1,0,2,1,1,4.94,0,2,198.59,USA,Sigma Spectrum #514,Baxter Healthcare Corp,Sigma,2017-11-13,6,2
PRK360,Infusion Pump,9,1,0,2,1,1,3.51,0,2,25.41,USA,Sigma Spectrum #883,Baxter Healthcare Corp,Sigma,2014-11-16,40,3
PRK319,Infusion Pump,20,1,0,2,1,1,37.4,1,2,199.78,Germany,Infusomat Space #200,B. Braun Melsungen AG,Infusomat,2003-12-20,21,2
PRK350,Infusion Pump,11,0,0,2,1,1,83.63,0,2,10250.47,Ireland,Alaris GP #18,Medtronic,Alaris,2020-08-01,7,2
PRK350,Defibrillator,17,0,0,3,1,1,0.0,0,2,0.0,Netherlands,HeartStart XL #646,Koninklijke Philips N.V.,HeartStart,2016-06-25,,1
PRK333,Physiologic Monitoring System,1,0,0,1,1,1,212.37,0,1,43.77,Japan,Life Scope #766,Nihon Kohden Corp,Nihon Kohden,2002-09-04,31,2
PRK310,Physiologic Monitoring System,5,0,0,1,1,1,0.0,1,2,0.0,USA,CARESCAPE #474,GE Healthcare,GE,1999-02-19,,1
PRK350,Infusion Pump,9,1,0,2,2,1,5.05,0,2,85.68,USA,Sigma Spectrum #4,Baxter Healthcare Corp,Sigma,2007-12-27,26,2
PRK330,Infusion Pump,7,0,0,2,1,1,58.43,0,2,7.71,Germany,Infusomat Space #716,B. Braun Melsungen AG,Infusomat,2018-02-26,27,3
PRK319,Infusion Pump,12,1,0,2,1,1,0.0,1,1,0.0,Ireland,Alaris GP #307,Medtronic,Alaris,2001-12-21,,1
PRK341,Infusion Pump,2,1,0,2,1,1,13.61,0,1,2014.01,Germany,Infusomat Space #159,B. Braun Melsungen AG,Infusomat,2011-11-02,54,2
PRK330,Infusion Pump,2,0,0,2,1,1,0.0,0,2,0.0,Germany,Infusomat Space #266,B. Braun Melsungen AG,Infusomat,2014-10-09,,1
PRK310,Infusion Pump,12,1,1,2,1,1,52.72,0,2,0.0,Ireland,Alaris GP #9,Medtronic,Alaris,2015-08-05,10,2
PRK360,Infusion Pump,16,0,0,2,1,1,34.64,0,2,0.0,Ireland,Alaris GP #788,Medtronic,Alaris,2007-07-31,13,2
PRK319,Physiologic Monitoring System,7,0,0,1,1,1,34.05,0,2,5408.67,USA,CARESCAPE #463,GE Healthcare,GE,2005-04-22,14,3
PRK333,Physiologic Monitoring System,21,1,0,1,1,1,0.0,0,2,0.0,Netherlands,IntelliVue #143,Koninklijke Philips N.V.,Philips,1992-01-28,,1
PRK341,Infusion Pump,24,0,1,2,1,1,83.16,0,2,852.81,Germany,Infusomat Space #850,B. Braun Melsungen AG,Infusomat,2012-04-01,7,3
PRK311,Infusion Pump,8,1,0,2,1,1,37.96,0,1,9017.92,Germany,Infusomat Space #296,B. Braun Melsungen AG,Infusomat,2014-12-04,44,3
PRK342,Ventilator,6,0,0,3,1,1,0.0,1,2,0.0,USA,Carestation 650 #485,Datex-Ohmeda Inc,Carestation,2018-05-12,,1
PRK341,Physiologic Monitoring System,5,0,0,1,1,1,0.0,0,2,0.0,Netherlands,IntelliVue #730,Koninklijke Philips N.V.,Philips,2002-11-07,,1
PRK333,Ventilator,5,0,0,3,1,1,0.0,1,2,0.0,USA,Carestation 650 #597,Datex-Ohmeda Inc,Carestation,2012-09-27,,1
PRK333,Infusion Pump,14,1,0,2,1,1,0.0,1,2,0.0,Ireland,Alaris GP #31,Medtronic,Alaris,2009-12-21,,1
PRK360,Ventilator,4,1,0,3,1,1,0.0,0,2,0.0,Germany,Evita V500 #496,Drager Medical AG & Co KGaA,Evita,2009-01-18,,1
PRK358,Infusion Pump,3,0,0,2,1,1,322.21,0,2,0.0,Germany,Infusomat Space #277,B. Braun Melsungen AG,Infusomat,2013-08-15,54,2
PRK311,Infusion Pump,4,1,0,2,1,1,0.0,0,2,0.0,Ireland,Alaris GP #877,Medtronic,Alaris,2002-12-24,,1
PRK320,Infusion Pump,8,1,0,2,1,1,270.72,0,2,825.47,Germany,Infusomat Space #998,B. Braun Melsungen AG,Infusomat,2013-07-14,8,2
PRK333,Infusion Pump,9,1,0,2,1,1,7.25,0,2,31867.8,Germany,Infusomat Space #593,B. Braun Melsungen AG,Infusomat,1998-05-10,32,2
PRK358,Infusion Pump,13,1,0,2,1,1,52.45,0,2,8030.41,Ireland,Alaris GP #855,Medtronic,Alaris,2020-03-06,13,2
PRK358,Infusion Pump,8,1,0,2,1,1,10.57,0,2,15633.13,USA,Sigma Spectrum #584,Baxter Healthcare Corp,Sigma,2008-04-20,14,3
PRK326,Physiologic Monitoring System,2,1,0,1,1,1,159.04,0,2,2042.51,Japan,Life Scope #653,Nihon Kohden Corp,Nihon Kohden,2007-05-24,40,2
PRK358,Infusion Pump,6,0,0,2,2,1,0.0,0,2,0.0,USA,Sigma Spectrum #278,Baxter Healthcare Corp,Sigma,2019-06-29,,1
PRK326,Infusion Pump,8,1,0,2,1,1,0.0,1,2,0.0,Germany,Infusomat Space #431,B. Braun Melsungen AG,Infusomat,2009-01-31,,1
PRK319,Infusion Pump,5,1,0,2,1,1,3.69,0,2,479.15,Ireland,Alaris GP #223,Medtronic,Alaris,2006-11-30,16,2
PRK341,Infusion Pump,10,1,0,2,2,1,16.12,0,2,4089.56,Germany,Infusomat Space #740,B. Braun Melsungen AG,Infusomat,2016-03-26,25,2
PRK320,Infusion Pump,1,0,0,2,1,1,13417.21,0,2,361.96,USA,Sigma Spectrum #774,Baxter Healthcare Corp,Sigma,2015-11-23,60,2
PRK341,Infusion Pump,8,1,0,2,1,1,238.35,0,2,10039.34,Germany,Infusomat Space #414,B. Braun Melsungen AG,Infusomat,2017-03-27,31,3
PRK330,Infusion Pump,19,1,0,2,1,1,13.55,0,2,0.0,USA,Sigma Spectrum #315,Baxter Healthcare Corp,Sigma,2011-11-29,22,3
PRK350,Physiologic Monitoring System,16,1,0,1,1,1,285.51,0,2,378.12,USA,CARESCAPE #73,GE Healthcare,GE,2011-11-17,19,2
PRK360,Sphygmomanometers,9,1,0,1,1,1,0.0,0,2,0.0,USA,DS66 #261,Welch Allyn Inc,Welch Allyn,2008-10-13,,1
PRK319,Infusion Pump,9,1,0,2,2,1,6159.48,0,2,144708.35,USA,Sigma Spectrum #503,Baxter Healthcare Corp,Sigma,2008-12-16,7,3
PRK333,Physiologic Monitoring System,11,1,0,1,1,1,61.93,0,2,149.92,Netherlands,IntelliVue #880,Koninklijke Philips N.V.,Philips,2013-10-10,9,2
PRK342,Defibrillator,4,1,0,3,1,1,0.0,1,2,0.0,Netherlands,HeartStart XL #650,Koninklijke Philips N.V.,HeartStart,2016-02-25,,1
PRK312,Radiographic System,15,1,0,1,3,2,47.93,0,2,0.0,Netherlands,DigitalDiagnost #519,Koninklijke Philips N.V.,Philips,1997-11-29,13,3
PRK350,Physiologic Monitoring System,21,1,0,1,1,1,0.0,0,2,0.0,Netherlands,IntelliVue #577,Koninklijke Philips N.V.,Philips,2006-03-08,,1
PRK341,Defibrillator,8,1,0,3,1,1,0.0,0,2,0.0,USA,Lifepak 20e #374,Physio-Control Inc,Lifepak,2017-05-25,,1
PRK311,Defibrillator,9,1,0,3,1,1,0.0,0,2,0.0,USA,Lifepak 20e #518,Physio-Control Inc,Lifepak,2017-07-16,,1
PRK358,Ventilator,13,1,0,3,1,1,0.0,0,2,0.0,Germany,Evita V500 #899,Drager Medical AG & Co KGaA,Evita,2016-07-18,,1
PRK330,Infusion Pump,5,0,0,2,1,1,217.91,0,2,71.77,Germany,Infusomat Space #981,B. Braun Melsungen AG,Infusomat,2013-08-15,19,2
PRK312,Infusion Pump,21,1,2,2,1,1,34.39,0,2,0.0,Germany,Infusomat Space #280,B. Braun Melsungen AG,Infusomat,2007-12-28,21,2
PRK312,Infusion Pump,27,1,2,2,1,1,0.0,1,2,0.0,USA,Sigma Spectrum #5,Baxter Healthcare Corp,Sigma,2016-05-01,,1
PRK350,Infusion Pump,12,1,1,2,1,1,5.02,0,2,1810.21,Germany,Infusomat Space #275,B. Braun Melsungen AG,Infusomat,2009-12-23,14,3
PRK358,Infusion Pump,22,1,1,2,1,1,194.03,0,1,116.78,Ireland,Alaris GP #393,Medtronic,Alaris,2008-01-17,20,2
PRK326,Infusion Pump,3,0,0,2,1,1,989.04,0,2,96435.15,Ireland,Alaris GP #991,Medtronic,Alaris,2015-04-14,39,2
PRK300,Physiologic Monitoring System,10,1,0,1,1,1,11.87,0,2,42820.12,Netherlands,IntelliVue #152,Koninklijke Philips N.V.,Philips,2010-09-01,28,2
PRK310,Physiologic Monitoring System,1,0,0,1,1,1,0.0,0,2,0.0,Japan,Life Scope #880,Nihon Kohden Corp,Nihon Kohden,2011-04-12,,1
PRK341,Ventilator,6,0,0,3,1,1,10.4,1,2,143875.86,Germany,Evita V500 #382,Drager Medical AG & Co KGaA,Evita,2009-12-18,36,2
PRK320,Infusion Pump,6,1,0,2,1,1,238.27,0,2,162.43,USA,Sigma Spectrum #766,Baxter Healthcare Corp,Sigma,2007-10-26,25,2
PRK330,Infusion Pump,5,1,0,2,1,1,356.11,0,2,4077.55,Ireland,Alaris GP #353,Medtronic,Alaris,2014-06-30,3,2
PRK320,Ventilator,3,1,0,3,1,1,0.0,0,2,0.0,USA,Smartvent 7900 #748,Datex-Ohmeda Inc,Smartvent,2004-05-28,,1
PRK330,Ventilator,12,1,0,3,1,1,6.43,1,2,0.0,USA,Smartvent 7900 #46,Datex-Ohmeda Inc,Smartvent,2016-06-17,40,2
PRK341,Radiographic System,4,0,0,1,2,2,0.0,0,2,0.0,Netherlands,DigitalDiagnost #231,Koninklijke Philips N.V.,Philips,2017-12-05,,1
PRK340,Defibrillator,12,1,0,3,1,1,83.24,0,2,39.7,Netherlands,HeartStart XL #143,Koninklijke Philips N.V.,HeartStart,2012-01-02,32,3
PRK312,Defibrillator,8,1,0,3,1,1,0.0,0,2,0.0,USA,Lifepak 20e #777,Physio-Control Inc,Lifepak,2015-02-25,,1
PRK333,Infusion Pump,11,1,1,2,1,1,0.0,0,2,0.0,Ireland,Alaris GP #766,Medtronic,Alaris,2006-11-08,,1
PRK330,Infusion Pump,6,1,0,2,1,1,7.38,1,2,0.0,Germany,Infusomat Space #95,B. Braun Melsungen AG,Infusomat,2017-12-03,35,2
PRK340,Infusion Pump,8,1,0,2,1,1,0.0,1,2,0.0,Ireland,Alaris GP #405,Medtronic,Alaris,2010-06-02,,1
PRK311,Physiologic Monitoring System,30,1,0,1,1,1,434.69,1,1,57.91,USA,CARESCAPE #612,GE Healthcare,GE,2018-04-17,2,3
PRK311,Sphygmomanometers,10,1,0,1,1,1,0.0,1,2,0.0,USA,DS66 #908,Welch Allyn Inc,Welch Allyn,2012-08-17,,1
PRK333,Infusion Pump,21,1,0,2,2,1,2.96,0,2,0.73,Ireland,Alaris GP #514,Medtronic,Alaris,1999-11-12,19,2
PRK319,Physiologic Monitoring System,20,0,1,1,1,1,12.99,0,2,3151.32,USA,CARESCAPE #994,GE Healthcare,GE,2008-06-22,12,2
PRK341,Infusion Pump,3,1,0,2,1,1,0.0,0,2,0.0,Germany,Infusomat Space #756,B. Braun Melsungen AG,Infusomat,1993-01-09,,1
PRK326,Infusion Pump,20,1,0,2,1,1,280.49,0,2,5063.91,USA,Sigma Spectrum #882,Baxter Healthcare Corp,Sigma,2011-05-24,21,3
PRK319,Infusion Pump,8,1,0,2,1,1,63.81,0,2,610.97,Ireland,Alaris GP #971,Medtronic,Alaris,2019-11-20,29,3
PRK341,Infusion Pump,6,0,0,2,1,1,876.68,0,2,121.98,USA,Sigma Spectrum #648,Baxter Healthcare Corp,Sigma,2016-09-21,46,2
PRK326,Sphygmomanometers,4,0,0,1,1,1,32.32,0,2,42.69,Malaysia,MV-BP100 #695,Med-Vantage Sdn Bhd,MedVantage,1997-10-25,24,2
PRK312,Infusion Pump,3,0,0,2,1,1,0.0,0,2,0.0,USA,Sigma Spectrum #558,Baxter Healthcare Corp,Sigma,2015-09-03,,1
PRK350,Ventilator,12,1,1,3,1,1,14.51,0,2,99.92,USA,Carestation 650 #848,Datex-Ohmeda Inc,Carestation,2016-12-05,38,2
PRK330,Physiologic Monitoring System,3,0,0,1,1,1,10.61,1,2,14.17,USA,CARESCAPE #736,GE Healthcare,GE,2013-02-12,49,2
PRK358,Infusion Pump,12,1,1,2,1,1,362.5,0,2,7238.98,Germany,Infusomat Space #402,B. Braun Melsungen AG,Infusomat,2015-07-28,51,2
PRK312,Infusion Pump,1,1,0,2,1,1,1738.5,0,2,287.08,Germany,Infusomat Space #9,B. Braun Melsungen AG,Infusomat,2015-01-21,2,2
PRK358,Ventilator,4,1,0,3,1,1,131.97,1,2,982.82,Germany,Evita V500 #902,Drager Medical AG & Co KGaA,Evita,2011-03-13,33,3
PRK358,Infusion Pump,7,1,0,2,1,1,15.57,1,2,0.27,Ireland,Alaris GP #117,Medtronic,Alaris,2009-04-05,40,2
PRK310,Defibrillator,9,1,0,3,1,1,0.0,0,1,0.0,Netherlands,HeartStart XL #819,Koninklijke Philips N.V.,HeartStart,2008-06-30,,1
PRK333,Infusion Pump,4,1,0,2,1,1,0.0,1,2,0.0,USA,Sigma Spectrum #42,Baxter Healthcare Corp,Sigma,2011-02-02,,1
PRK341,Physiologic Monitoring System,3,1,0,1,2,1,38.05,0,2,47902.48,Japan,Life Scope #695,Nihon Kohden Corp,Nihon Kohden,2015-05-09,41,2
PRK333,Ventilator,7,0,0,3,1,1,0.0,0,2,0.0,Germany,Evita V500 #811,Drager Medical AG & Co KGaA,Evita,2001-10-31,,1
PRK326,Infusion Pump,5,0,0,2,1,1,129.76,0,2,0.63,Germany,Infusomat Space #236,B. Braun Melsungen AG,Infusomat,2007-07-26,47,2
PRK358,Infusion Pump,6,0,0,2,1,1,0.0,0,1,0.0,USA,Sigma Spectrum #150,Baxter Healthcare Corp,Sigma,2011-05-25,,1
PRK342,Sphygmomanometers,13,1,0,1,1,1,238.78,0,1,676.36,Malaysia,MV-BP100 #689,Med-Vantage Sdn Bhd,MedVantage,2004-09-17,18,3
PRK360,Infusion Pump,18,1,0,2,1,1,207.55,0,2,13702.65,Germany,Infusomat Space #918,B. Braun Melsungen AG,Infusomat,2005-06-12,17,2
PRK358,Infusion Pump,6,0,1,2,1,1,20.1,0,2,594.62,Ireland,Alaris GP #240,Medtronic,Alaris,2013-04-12,26,2
PRK358,Infusion Pump,13,0,0,2,1,1,0.0,0,1,0.0,Ireland,Alaris GP #601,Medtronic,Alaris,2002-05-02,,1
PRK342,Infusion Pump,5,1,1,2,1,1,6.48,0,2,469.72,USA,Sigma Spectrum #994,Baxter Healthcare Corp,Sigma,2004-11-01,49,3
PRK341,Ventilator,5,0,0,3,1,1,6270.35,0,2,583869.65,USA,Smartvent 7900 #995,Datex-Ohmeda Inc,Smartvent,2014-05-05,22,2
PRK358,Physiologic Monitoring System,6,0,0,1,1,1,0.0,0,2,0.0,Netherlands,IntelliVue #638,Koninklijke Philips N.V.,Philips,2007-05-23,,1
PRK341,Infusion Pump,16,1,0,2,1,1,0.0,0,2,0.0,Germany,Infusomat Space #723,B. Braun Melsungen AG,Infusomat,2003-02-09,,1
PRK300,Ventilator,2,0,0,3,1,1,512.04,1,2,0.0,UK,Blease 8200p #474,Blease Medical Equipment Ltd,Blease,2015-04-27,38,2
PRK341,Infusion Pump,2,0,0,2,1,1,0.0,1,2,0.0,Ireland,Alaris GP #88,Medtronic,Alaris,2004-07-23,,1
PRK310,Infusion Pump,24,1,0,2,1,1,8.5,0,2,108.07,USA,Sigma Spectrum #618,Baxter Healthcare Corp,Sigma,2010-12-08,5,2
PRK360,Physiologic Monitoring System,4,1,0,1,1,1,0.0,0,1,0.0,Japan,Life Scope #487,Nihon Kohden Corp,Nihon Kohden,2002-05-30,,1
PRK341,Radiographic System,7,1,0,1,1,1,8.67,0,2,9.13,Japan,Aquilion #241,Canon Inc (Toshiba Medical),Canon,2014-05-04,43,2
PRK340,Infusion Pump,6,0,0,2,1,1,54.11,1,2,7230.89,USA,Sigma Spectrum #172,Baxter Healthcare Corp,Sigma,2007-02-09,24,3
PRK312,Infusion Pump,21,1,0,2,1,1,0.0,0,2,0.0,Ireland,Alaris GP #839,Medtronic,Alaris,2016-02-07,,1
PRK333,Infusion Pump,16,1,0,2,1,1,0.0,0,2,0.0,Ireland,Alaris GP #81,Medtronic,Alaris,2014-03-20,,1
PRK320,Ventilator,3,1,0,3,1,1,60.34,0,2,165.37,Germany,Evita V500 #752,Drager Medical AG & Co KGaA,Evita,2012-02-04,24,2
PRK342,Infusion Pump,9,1,0,2,1,1,4.42,0,2,1469.24,Germany,Infusomat Space #597,B. Braun Melsungen AG,Infusomat,2002-01-17,30,2
PRK341,Infusion Pump,10,1,0,2,1,1,1166.81,0,2,69497.92,USA,Sigma Spectrum #196,Baxter Healthcare Corp,Sigma,2015-04-28,25,3
PRK333,Physiologic Monitoring System,12,0,0,1,1,1,0.0,0,2,0.0,Netherlands,IntelliVue #357,Koninklijke Philips N.V.,Philips,2011-11-16,,1
PRK319,Infusion Pump,1,0,0,2,1,1,27.54,0,2,204.04,Ireland,Alaris GP #98,Medtronic,Alaris,2003-04-01,53,2
PRK333,Infusion Pump,2,0,0,2,1,1,82.7,0,2,30.17,Ireland,Alaris GP #451,Medtronic,Alaris,2000-09-27,35,2
PRK330,Infusion Pump,13,1,0,2,1,1,0.0,0,2,0.0,Germany,Infusomat Space #596,B. Braun Melsungen AG,Infusomat,2005-07-06,,1
PRK358,Infusion Pump,3,1,0,2,1,1,49.18,0,2,6.23,Ireland,Alaris GP #451,Medtronic,Alaris,2016-05-10,33,2
PRK358,Infusion Pump,10,1,0,2,1,1,37.49,1,2,23346.1,USA,Sigma Spectrum #552,Baxter Healthcare Corp,Sigma,1998-03-03,10,2
PRK342,Defibrillator,3,0,0,3,1,1,40.12,0,2,132.29,Netherlands,HeartStart XL #109,Koninklijke Philips N.V.,HeartStart,2012-03-26,9,2
PRK319,Physiologic Monitoring System,2,1,0,1,1,1,491.14,1,2,64.16,Japan,Life Scope #429,Nihon Kohden Corp,Nihon Kohden,2011-06-22,28,2
PRK300,Physiologic Monitoring System,4,0,0,1,1,1,5.75,0,2,417.31,USA,CARESCAPE #6,GE Healthcare,GE,2004-11-28,55,2
PRK358,Radiographic System,8,0,0,1,2,2,50.92,0,2,3211.4,Netherlands,DigitalDiagnost #758,Koninklijke Philips N.V.,Philips,2012-05-09,44,3
PRK360,Infusion Pump,10,1,0,2,2,1,18.01,1,2,353.16,USA,Sigma Spectrum #918,Baxter Healthcare Corp,Sigma,2011-01-06,30,2
PRK311,Infusion Pump,11,1,2,2,1,1,0.0,1,2,0.0,Ireland,Alaris GP #28,Medtronic,Alaris,2017-03-07,,1
PRK342,Defibrillator,14,1,0,3,1,1,244.01,1,2,214.65,USA,Lifepak 20e #352,Physio-Control Inc,Lifepak,2014-07-26,26,2
PRK330,Infusion Pump,4,0,0,2,1,1,43.31,0,2,94.15,Germany,Infusomat Space #470,B. Braun Melsungen AG,Infusomat,2014-06-07,26,3
PRK311,Physiologic Monitoring System,14,1,1,1,1,1,0.0,0,2,565.46,Netherlands,IntelliVue #67,Koninklijke Philips N.V.,Philips,2009-05-30,11,2
PRK360,Physiologic Monitoring System,8,0,2,1,1,1,0.0,0,2,0.0,Netherlands,IntelliVue #790,Koninklijke Philips N.V.,Philips,2016-03-15,,1
PRK358,Infusion Pump,9,1,0,2,1,1,224.12,0,2,6373.86,Germany,Infusomat Space #371,B. Braun Melsungen AG,Infusomat,2001-04-11,7,3
PRK360,Infusion Pump,30,1,0,2,1,1,2.94,1,2,0.0,USA,Sigma Spectrum #626,Baxter Healthcare Corp,Sigma,2012-02-09,5,2
PRK311,Infusion Pump,12,1,0,2,1,1,23.4,0,2,0.0,Germany,Infusomat Space #678,B. Braun Melsungen AG,Infusomat,2019-06-22,17,2
PRK333,Infusion Pump,7,0,0,2,1,1,11.69,0,2,13.64,Germany,Infusomat Space #471,B. Braun Melsungen AG,Infusomat,2008-02-07,15,2
PRK358,Infusion Pump,6,1,0,2,1,1,0.9,1,2,2817.69,USA,Sigma Spectrum #554,Baxter Healthcare Corp,Sigma,2014-04-11,19,2
PRK342,Infusion Pump,8,1,0,2,1,1,70.12,0,2,0.0,Germany,Infusomat Space #50,B. Braun Melsungen AG,Infusomat,2018-08-15,3,3
PRK330,Ventilator,2,0,0,3,1,1,25.55,0,2,0.0,Germany,Evita V500 #287,Drager Medical AG & Co KGaA,Evita,2021-02-28,39,2
PRK333,Defibrillator,10,1,0,3,1,1,137.57,0,2,2261.19,USA,Lifepak 20e #331,Physio-Control Inc,Lifepak,2011-03-21,42,2
PRK300,Ventilator,8,1,0,3,1,1,0.0,1,2,0.0,Germany,Evita V500 #272,Drager Medical AG & Co KGaA,Evita,2011-11-09,,1
PRK341,Infusion Pump,9,1,0,2,1,1,165.22,1,2,147228.79,USA,Sigma Spectrum #556,Baxter Healthcare Corp,Sigma,2019-09-27,34,2
PRK358,Infusion Pump,8,1,0,2,1,1,136.0,0,2,1837.47,Ireland,Alaris GP #629,Medtronic,Alaris,2014-08-09,35,3
PRK300,Infusion Pump,2,0,0,2,1,1,132.61,0,2,4.91,Ireland,Alaris GP #603,Medtronic,Alaris,2017-11-04,30,2
PRK312,Infusion Pump,12,1,0,2,2,1,0.0,0,2,41.42,Ireland,Alaris GP #383,Medtronic,Alaris,2004-04-02,16,3
PRK333,Sphygmomanometers,5,0,1,1,1,1,0.0,0,2,0.0,Malaysia,MV-BP100 #320,Med-Vantage Sdn Bhd,MedVantage,2008-05-27,,1
PRK340,Infusion Pump,15,1,1,2,1,1,80.33,0,2,274.65,Germany,Infusomat Space #604,B. Braun Melsungen AG,Infusomat,2000-10-11,9,2
PRK320,Infusion Pump,13,0,0,2,1,1,40.41,1,2,876.17,Ireland,Alaris GP #866,Medtronic,Alaris,2013-07-11,25,2
PRK300,Ventilator,23,1,2,3,1,1,0.0,0,2,0.0,USA,Carestation 650 #241,Datex-Ohmeda Inc,Carestation,2009-06-23,,1
PRK342,Infusion Pump,8,1,0,2,1,1,139.17,0,2,34.95,Germany,Infusomat Space #109,B. Braun Melsungen AG,Infusomat,2003-08-18,30,2
PRK319,Infusion Pump,14,1,0,2,1,1,132.06,0,2,2912.61,USA,Sigma Spectrum #350,Baxter Healthcare Corp,Sigma,2011-03-29,6,2
PRK341,Infusion Pump,25,1,2,2,1,1,0.0,0,2,0.0,USA,Sigma Spectrum #243,Baxter Healthcare Corp,Sigma,2008-10-19,,1
PRK340,Physiologic Monitoring System,5,0,0,1,1,1,0.0,0,2,0.0,Japan,Life Scope #831,Nihon Kohden Corp,Nihon Kohden,2020-06-05,,1
PRK330,Ventilator,16,1,0,3,2,1,859.51,0,2,57955.68,USA,Carestation 650 #846,Datex-Ohmeda Inc,Carestation,2001-06-29,17,2
PRK341,Infusion Pump,12,1,0,2,1,1,0.0,0,2,0.0,Ireland,Alaris GP #554,Medtronic,Alaris,2007-05-02,,1
PRK342,Defibrillator,3,0,0,3,1,1,53.77,1,2,957.64,USA,Lifepak 20e #398,Physio-Control Inc,Lifepak,2012-09-09,21,2
PRK340,Ventilator,7,0,0,3,1,1,991.75,0,2,248.46,USA,Smartvent 7900 #393,Datex-Ohmeda Inc,Smartvent,2018-05-15,14,3
PRK340,Ventilator,30,1,0,3,1,1,11.07,0,2,55.75,UK,Blease 8200p #264,Blease Medical Equipment Ltd,Blease,1999-09-26,9,2
PRK330,Infusion Pump,16,1,0,2,1,1,5.9,1,2,893.6,USA,Sigma Spectrum #209,Baxter Healthcare Corp,Sigma,2006-08-28,20,2
PRK330,Infusion Pump,11,0,0,2,1,1,6744.26,0,2,100.22,Germany,Infusomat Space #540,B. Braun Melsungen AG,Infusomat,2006-08-25,35,2
PRK333,Defibrillator,5,1,0,3,1,1,0.0,0,2,0.0,Netherlands,HeartStart XL #605,Koninklijke Philips N.V.,HeartStart,2018-04-15,,1
PRK330,Infusion Pump,1,1,0,2,1,1,1.44,0,1,3181.4,Ireland,Alaris GP #577,Medtronic,Alaris,2013-02-02,46,2
PRK330,Physiologic Monitoring System,3,1,0,1,1,1,12.41,0,2,40937.28,Netherlands,IntelliVue #404,Koninklijke Philips N.V.,Philips,2005-10-23,56,2
PRK319,Physiologic Monitoring System,8,1,0,1,1,1,25.23,0,2,4429.3,Japan,Life Scope #790,Nihon Kohden Corp,Nihon Kohden,2015-08-20,39,2
PRK342,Infusion Pump,8,1,0,2,2,1,0.0,0,1,0.0,Germany,Infusomat Space #322,B. Braun Melsungen AG,Infusomat,2009-08-16,,1
PRK311,Ventilator,19,1,0,3,1,1,57.92,0,2,5.36,USA,Carestation 650 #718,Datex-Ohmeda Inc,Carestation,2017-10-13,19,2
PRK358,Sphygmomanometers,4,0,0,1,1,1,4.3,0,2,6043.13,Japan,HEM-907 #640,Omron Healthcare Co Ltd,Omron,2016-11-25,50,2
PRK341,Physiologic Monitoring System,3,0,0,1,1,1,0.28,0,2,4333.24,Japan,Life Scope #361,Nihon Kohden Corp,Nihon Kohden,2012-12-30,31,2
PRK300,Infusion Pump,12,0,0,2,1,1,0.0,0,2,0.0,USA,Sigma Spectrum #588,Baxter Healthcare Corp,Sigma,2015-11-27,,1
PRK341,Defibrillator,6,1,0,3,1,1,60.74,0,1,49777.23,Netherlands,HeartStart XL #215,Koninklijke Philips N.V.,HeartStart,1997-07-27,51,2
PRK320,Infusion Pump,6,0,0,2,1,1,477.41,1,2,6283.08,Germany,Infusomat Space #213,B. Braun Melsungen AG,Infusomat,2005-02-17,41,3
PRK358,Physiologic Monitoring System,18,0,0,1,1,1,17.31,0,2,1128.78,Japan,Life Scope #372,Nihon Kohden Corp,Nihon Kohden,2004-05-29,20,2
PRK358,Ventilator,3,0,0,3,1,1,33.34,0,2,4074.8,UK,Blease 8200p #766,Blease Medical Equipment Ltd,Blease,2011-02-05,56,2
PRK358,Physiologic Monitoring System,16,1,0,1,1,1,20.5,0,2,2076.64,Japan,Life Scope #779,Nihon Kohden Corp,Nihon Kohden,2013-05-10,5,2
PRK340,Infusion Pump,11,1,0,2,1,1,17.95,0,2,1064.96,Germany,Infusomat Space #776,B. Braun Melsungen AG,Infusomat,2009-04-03,32,2
PRK358,Infusion Pump,5,1,0,2,1,1,107.88,0,2,422.66,USA,Sigma Spectrum #386,Baxter Healthcare Corp,Sigma,2002-09-07,21,3
PRK341,Infusion Pump,8,1,0,2,1,1,0.0,0,2,0.0,USA,Sigma Spectrum #609,Baxter Healthcare Corp,Sigma,2017-11-15,,1
PRK358,Infusion Pump,4,1,0,2,1,1,0.0,0,2,0.0,Germany,Infusomat Space #977,B. Braun Melsungen AG,Infusomat,2004-06-25,,1
PRK312,Infusion Pump,7,1,0,2,1,1,573.59,0,2,1083.99,USA,Sigma Spectrum #608,Baxter Healthcare Corp,Sigma,2012-01-31,48,2
PRK358,Physiologic Monitoring System,24,1,0,1,1,1,80.29,1,2,22662.06,USA,CARESCAPE #774,GE Healthcare,GE,2008-07-15,13,2
PRK341,Infusion Pump,5,0,0,2,1,1,176.66,0,1,0.0,Ireland,Alaris GP #292,Medtronic,Alaris,2010-09-06,43,2
PRK319,Ventilator,2,1,0,3,1,1,0.0,0,2,0.0,Germany,Evita V500 #628,Drager Medical AG & Co KGaA,Evita,2003-06-18,,1
PRK360,Defibrillator,8,0,0,3,1,1,0.0,0,2,0.0,USA,Lifepak 20e #398,Physio-Control Inc,Lifepak,2020-12-28,,1
PRK342,Infusion Pump,21,1,0,2,1,1,0.0,0,2,0.0,USA,Sigma Spectrum #886,Baxter Healthcare Corp,Sigma,2006-10-01,,1
PRK358,Physiologic Monitoring System,9,1,0,1,1,1,7.75,0,2,5805.43,Netherlands,IntelliVue #857,Koninklijke Philips N.V.,Philips,2009-06-26,25,2
PRK300,Physiologic Monitoring System,7,1,0,1,1,1,253.03,0,2,0.0,USA,CARESCAPE #805,GE Healthcare,GE,2020-03-28,44,2
PRK340,Infusion Pump,6,0,0,2,1,1,3.3,0,2,179.15,Ireland,Alaris GP #836,Medtronic,Alaris,2012-05-24,11,2
PRK342,Infusion Pump,16,1,0,2,1,1,77.56,0,2,2467.34,Ireland,Alaris GP #539,Medtronic,Alaris,2012-10-09,8,2
PRK300,Ventilator,10,1,0,3,1,1,0.0,0,1,0.0,Germany,Evita V500 #860,Drager Medical AG & Co KGaA,Evita,1996-03-02,,1
PRK342,Sphygmomanometers,12,1,0,1,1,1,5.04,0,2,277.7,USA,DS66 #42,Welch Allyn Inc,Welch Allyn,2010-12-10,23,2
PRK341,Physiologic Monitoring System,9,1,0,1,1,1,0.0,0,2,0.0,USA,CARESCAPE #854,GE Healthcare,GE,2015-08-24,,1
PRK319,Defibrillator,14,1,0,3,1,1,1.53,1,2,377.14,Netherlands,HeartStart XL #589,Koninklijke Philips N.V.,HeartStart,2011-11-14,29,2
PRK342,Radiographic System,24,1,0,1,1,1,4.99,0,2,0.0,Netherlands,DigitalDiagnost #840,Koninklijke Philips N.V.,Philips,2010-08-11,16,2
PRK311,Infusion Pump,8,1,0,2,1,1,51.32,0,2,280.0,Ireland,Alaris GP #731,Medtronic,Alaris,2005-12-18,25,2
PRK358,Physiologic Monitoring System,10,1,0,1,1,1,197.0,0,2,453.79,USA,CARESCAPE #474,GE Healthcare,GE,2002-06-25,31,2
PRK358,Infusion Pump,23,1,2,2,1,1,4.65,0,2,136.42,Germany,Infusomat Space #805,B. Braun Melsungen AG,Infusomat,2010-08-02,8,3
PRK333,Radiographic System,9,1,0,1,1,1,0.0,0,2,0.0,Japan,Aquilion #349,Canon Inc (Toshiba Medical),Canon,2016-09-24,,1
PRK333,Infusion Pump,16,1,1,2,1,1,237.88,0,2,43.59,Germany,Infusomat Space #460,B. Braun Melsungen AG,Infusomat,2009-01-04,32,2
PRK330,Infusion Pump,4,0,0,2,2,1,26.8,0,2,317.97,Ireland,Alaris GP #957,Medtronic,Alaris,2008-10-30,39,2
PRK320,Defibrillator,4,0,0,3,1,1,0.0,0,2,0.0,Netherlands,HeartStart XL #553,Koninklijke Philips N.V.,HeartStart,2011-10-19,,1
PRK358,Infusion Pump,27,1,1,2,1,1,446.68,1,2,78.02,Ireland,Alaris GP #761,Medtronic,Alaris,2011-05-30,7,2
PRK319,Ventilator,14,1,0,3,1,1,851.58,1,2,51.31,Germany,Evita V500 #419,Drager Medical AG & Co KGaA,Evita,2016-03-03,37,3
PRK330,Infusion Pump,7,0,0,2,1,1,21.56,0,2,0.0,Germany,Infusomat Space #15,B. Braun Melsungen AG,Infusomat,2009-01-23,11,2
PRK319,Sphygmomanometers,5,0,0,1,1,1,0.0,1,2,0.0,Japan,HEM-907 #992,Omron Healthcare Co Ltd,Omron,2010-08-02,,1
PRK341,Defibrillator,6,0,0,3,1,1,40.96,1,2,192.51,USA,Lifepak 20e #157,Physio-Control Inc,Lifepak,2005-11-17,51,2
PRK350,Infusion Pump,3,1,0,2,1,1,7.8,0,2,0.0,Ireland,Alaris GP #569,Medtronic,Alaris,2018-03-29,15,2
PRK312,Physiologic Monitoring System,13,1,0,1,1,1,0.0,0,2,0.0,Japan,Life Scope #683,Nihon Kohden Corp,Nihon Kohden,2012-08-18,,1
PRK319,Infusion Pump,12,1,2,2,1,1,131.6,0,1,504.65,USA,Sigma Spectrum #853,Baxter Healthcare Corp,Sigma,2005-11-10,16,2
PRK310,Physiologic Monitoring System,12,1,0,1,1,1,54.2,0,2,0.0,Netherlands,IntelliVue #763,Koninklijke Philips N.V.,Philips,2013-05-09,34,2
PRK312,Physiologic Monitoring System,20,1,0,1,1,1,408.56,0,2,502.63,Netherlands,IntelliVue #813,Koninklijke Philips N.V.,Philips,2004-02-23,20,2
PRK330,Ventilator,9,1,0,3,2,1,219.63,0,2,23208.5,Germany,Evita V500 #110,Drager Medical AG & Co KGaA,Evita,2020-01-24,45,2
PRK342,Infusion Pump,11,1,0,2,1,1,0.0,1,2,0.0,Ireland,Alaris GP #347,Medtronic,Alaris,2008-08-20,,1
PRK340,Infusion Pump,2,0,0,2,2,1,148.26,0,1,0.0,Germany,Infusomat Space #562,B. Braun Melsungen AG,Infusomat,2012-06-15,46,2
PRK300,Physiologic Monitoring System,14,1,0,1,1,1,697.6,1,2,142.89,Japan,Life Scope #834,Nihon Kohden Corp,Nihon Kohden,2009-10-29,26,2
PRK341,Physiologic Monitoring System,12,1,0,1,1,1,4.63,0,2,1375.24,Japan,Life Scope #564,Nihon Kohden Corp,Nihon Kohden,2012-09-27,18,2
PRK350,Infusion Pump,3,0,0,2,1,1,139.8,0,2,129.99,Germany,Infusomat Space #931,B. Braun Melsungen AG,Infusomat,2009-11-06,8,2
PRK326,Infusion Pump,7,1,2,2,1,1,923.61,0,2,62.67,Germany,Infusomat Space #407,B. Braun Melsungen AG,Infusomat,2018-03-20,10,2
PRK319,Infusion Pump,18,1,0,2,1,1,0.0,0,2,0.0,USA,Sigma Spectrum #370,Baxter Healthcare Corp,Sigma,2014-11-30,,1
PRK342,Defibrillator,11,1,1,3,1,1,19.5,0,2,234.77,USA,Lifepak 20e #549,Physio-Control Inc,Lifepak,2002-07-28,17,3
PRK300,Infusion Pump,5,1,0,2,1,1,28.1,0,1,82.89,USA,Sigma Spectrum #112,Baxter Healthcare Corp,Sigma,2010-07-27,9,2
PRK350,Infusion Pump,12,1,1,2,1,1,0.0,0,2,0.0,USA,Sigma Spectrum #52,Baxter Healthcare Corp,Sigma,2019-03-21,,1
PRK350,Sphygmomanometers,26,1,0,1,1,1,382.02,0,2,29504.88,Malaysia,MV-BP100 #299,Med-Vantage Sdn Bhd,MedVantage,2017-08-03,9,2
PRK358,Infusion Pump,2,1,0,2,1,1,55.18,0,2,44.44,Ireland,Alaris GP #412,Medtronic,Alaris,2012-09-19,47,2
PRK310,Physiologic Monitoring System,13,0,0,1,1,1,0.0,0,2,0.0,Japan,Life Scope #383,Nihon Kohden Corp,Nihon Kohden,2002-11-02,,1
PRK310,Infusion Pump,10,1,0,2,2,1,130.27,0,2,441.8,Germany,Infusomat Space #172,B. Braun Melsungen AG,Infusomat,2005-06-27,43,3
PRK358,Defibrillator,3,1,0,3,1,1,0.0,0,2,0.0,Netherlands,HeartStart XL #841,Koninklijke Philips N.V.,HeartStart,2015-12-19,,1
PRK333,Physiologic Monitoring System,11,0,0,1,1,1,0.0,1,2,0.0,Netherlands,IntelliVue #614,Koninklijke Philips N.V.,Philips,2012-06-02,,1
PRK326,Defibrillator,5,0,0,3,1,1,35.25,0,2,88.61,Netherlands,HeartStart XL #443,Koninklijke Philips N.V.,HeartStart,2016-04-08,30,2
PRK340,Infusion Pump,7,1,0,2,1,1,4.99,1,2,0.0,Germany,Infusomat Space #551,B. Braun Melsungen AG,Infusomat,2012-04-26,44,3
PRK300,Infusion Pump,12,1,1,2,2,1,0.69,0,2,184586.49,Ireland,Alaris GP #667,Medtronic,Alaris,2007-03-03,46,3
PRK341,Ventilator,12,1,0,3,1,1,0.0,0,2,0.0,Germany,Evita V500 #4,Drager Medical AG & Co KGaA,Evita,2018-01-24,,1
PRK360,Infusion Pump,12,1,0,2,1,1,0.0,1,2,0.0,Ireland,Alaris GP #910,Medtronic,Alaris,2015-11-17,,1
PRK342,Infusion Pump,30,1,1,2,2,1,46.09,1,2,187037.66,Ireland,Alaris GP #959,Medtronic,Alaris,2014-03-15,11,2
PRK330,Infusion Pump,7,1,0,2,1,1,179.49,0,2,269.35,Ireland,Alaris GP #128,Medtronic,Alaris,2014-07-13,26,2
PRK360,Sphygmomanometers,3,1,0,1,1,1,0.0,0,2,0.0,Malaysia,MV-BP100 #401,Med-Vantage Sdn Bhd,MedVantage,2012-05-12,,1
PRK342,Physiologic Monitoring System,13,1,0,1,1,1,0.0,0,2,0.0,Japan,Life Scope #837,Nihon Kohden Corp,Nihon Kohden,2007-07-31,,1
PRK300,Physiologic Monitoring System,10,1,0,1,1,1,25.43,0,2,0.0,Japan,Life Scope #222,Nihon Kohden Corp,Nihon Kohden,2010-04-23,19,3
PRK341,Physiologic Monitoring System,6,0,0,1,1,1,139.56,1,2,1173.26,Japan,Life Scope #521,Nihon Kohden Corp,Nihon Kohden,2014-10-10,51,2
PRK300,Infusion Pump,5,1,0,2,1,1,517.25,0,2,6077.85,USA,Sigma Spectrum #496,Baxter Healthcare Corp,Sigma,1995-03-30,19,2
PRK319,Infusion Pump,21,1,0,2,1,1,134.8,0,2,26.81,Ireland,Alaris GP #718,Medtronic,Alaris,2015-02-13,12,2
PRK341,Infusion Pump,1,0,0,2,2,1,52.1,0,2,0.0,USA,Sigma Spectrum #610,Baxter Healthcare Corp,Sigma,1999-05-28,12,2
PRK319,Physiologic Monitoring System,10,1,0,1,3,1,122.18,0,2,8104.41,Netherlands,IntelliVue #66,Koninklijke Philips N.V.,Philips,2018-05-27,37,3
PRK300,Infusion Pump,5,0,0,2,1,1,1450.57,0,2,3.37,Ireland,Alaris GP #947,Medtronic,Alaris,2005-10-08,37,2
PRK341,Defibrillator,11,1,0,3,1,1,55.09,0,2,32.2,USA,Lifepak 20e #838,Physio-Control Inc,Lifepak,2011-05-12,9,3
PRK319,Ventilator,4,0,0,3,1,1,3.61,1,2,3384.35,UK,Blease 8200p #946,Blease Medical Equipment Ltd,Blease,2013-07-06,18,2
PRK333,Infusion Pump,11,1,0,2,1,1,22.55,0,2,804.62,Germany,Infusomat Space #61,B. Braun Melsungen AG,Infusomat,2016-12-23,26,2
PRK319,Physiologic Monitoring System,17,1,0,1,1,1,13.69,0,2,150.21,Netherlands,IntelliVue #720,Koninklijke Philips N.V.,Philips,2019-08-31,19,2
PRK342,Infusion Pump,6,0,0,2,1,1,6.46,0,2,1370.44,Germany,Infusomat Space #468,B. Braun Melsungen AG,Infusomat,2016-04-05,43,3
PRK358,Sphygmomanometers,6,0,0,1,1,1,0.0,0,2,0.0,Japan,HEM-907 #751,Omron Healthcare Co Ltd,Omron,2009-03-09,,1
PRK300,Defibrillator,11,1,0,3,1,1,7522.03,0,2,86.08,USA,Lifepak 20e #375,Physio-Control Inc,Lifepak,2009-09-16,15,2
PRK350,Defibrillator,14,1,0,3,1,1,0.0,0,1,0.0,Netherlands,HeartStart XL #353,Koninklijke Philips N.V.,HeartStart,1995-02-02,,1
PRK311,Infusion Pump,30,1,0,2,1,1,0.0,1,2,0.0,Germany,Infusomat Space #452,B. Braun Melsungen AG,Infusomat,2008-12-29,,1
PRK320,Infusion Pump,6,1,0,2,2,1,0.0,1,2,0.0,USA,Sigma Spectrum #322,Baxter Healthcare Corp,Sigma,2005-02-05,,1
PRK320,Infusion Pump,6,0,0,2,1,1,144.97,1,2,18.37,Ireland,Alaris GP #917,Medtronic,Alaris,2008-12-25,48,2
PRK319,Infusion Pump,4,0,0,2,1,1,95.72,1,2,494.12,USA,Sigma Spectrum #357,Baxter Healthcare Corp,Sigma,2007-09-05,29,3
PRK300,Infusion Pump,1,1,0,2,1,1,0.0,0,2,0.0,Ireland,Alaris GP #296,Medtronic,Alaris,2015-10-06,,1
PRK342,Infusion Pump,17,1,0,2,1,1,72.04,0,2,66372.8,Ireland,Alaris GP #380,Medtronic,Alaris,2010-03-02,27,3
PRK350,Radiographic System,8,1,0,1,1,1,22.1,0,2,427.27,Netherlands,DigitalDiagnost #286,Koninklijke Philips N.V.,Philips,2011-07-16,16,3
PRK360,Infusion Pump,3,0,0,2,1,1,91.12,1,2,371730.94,Germany,Infusomat Space #596,B. Braun Melsungen AG,Infusomat,2005-12-28,7,2
PRK358,Infusion Pump,16,1,0,2,1,1,137.03,0,2,48.73,Germany,Infusomat Space #32,B. Braun Melsungen AG,Infusomat,2020-01-05,6,3
PRK330,Ventilator,13,1,1,3,1,1,2.43,0,2,0.0,Germany,Evita V500 #518,Drager Medical AG & Co KGaA,Evita,2011-03-09,18,2
PRK311,Physiologic Monitoring System,6,1,0,1,1,1,22.35,0,2,133.34,Japan,Life Scope #750,Nihon Kohden Corp,Nihon Kohden,2005-11-29,49,2
PRK300,Ventilator,11,1,0,3,1,1,0.0,0,2,28873.39,USA,Carestation 650 #353,Datex-Ohmeda Inc,Carestation,2012-10-25,7,2
PRK333,Physiologic Monitoring System,4,0,0,1,1,1,10.06,0,2,542.46,Netherlands,IntelliVue #298,Koninklijke Philips N.V.,Philips,2019-08-30,31,2
PRK358,Defibrillator,14,1,0,3,1,1,0.0,0,2,0.0,USA,Lifepak 20e #766,Physio-Control Inc,Lifepak,1993-11-01,,1
PRK319,Physiologic Monitoring System,5,0,0,1,1,1,23.39,0,2,11516.97,Netherlands,IntelliVue #189,Koninklijke Philips N.V.,Philips,2007-03-14,6,2
PRK312,Infusion Pump,19,1,0,2,1,1,0.0,0,2,0.0,Germany,Infusomat Space #979,B. Braun Melsungen AG,Infusomat,2002-04-30,,1
PRK330,Physiologic Monitoring System,12,1,2,1,1,1,0.38,1,1,33.51,USA,CARESCAPE #905,GE Healthcare,GE,2006-02-26,38,2
PRK358,Infusion Pump,3,0,0,2,1,1,0.0,0,2,0.0,Germany,Infusomat Space #540,B. Braun Melsungen AG,Infusomat,2005-10-20,,1
PRK330,Infusion Pump,17,1,1,2,1,1,6.26,0,2,6774.58,Germany,Infusomat Space #30,B. Braun Melsungen AG,Infusomat,1996-01-04,23,3
PRK342,Infusion Pump,16,1,0,2,1,1,2.31,0,1,471.96,USA,Sigma Spectrum #352,Baxter Healthcare Corp,Sigma,2015-04-16,27,2
PRK330,Infusion Pump,15,1,0,2,1,1,71.47,0,2,269.54,USA,Sigma Spectrum #748,Baxter Healthcare Corp,Sigma,2008-04-09,34,2
PRK326,Ventilator,15,1,0,3,1,1,59.0,1,2,660.3,USA,Carestation 650 #752,Datex-Ohmeda Inc,Carestation,2006-05-17,14,2
PRK330,Infusion Pump,9,0,0,2,1,1,230.8,0,2,2.63,USA,Sigma Spectrum #28,Baxter Healthcare Corp,Sigma,2007-10-17,37,3
PRK342,Infusion Pump,10,1,0,2,1,1,537.09,1,2,478121.42,Ireland,Alaris GP #189,Medtronic,Alaris,2008-06-01,7,3
PRK342,Infusion Pump,7,0,0,2,2,1,645.94,0,2,584.52,Ireland,Alaris GP #628,Medtronic,Alaris,2016-02-19,44,2
PRK330,Ventilator,2,0,0,3,2,1,103.19,0,2,6100.4,Germany,Evita V500 #598,Drager Medical AG & Co KGaA,Evita,2002-02-08,45,2
PRK319,Infusion Pump,12,1,0,2,1,1,76.88,1,2,20694.0,Ireland,Alaris GP #80,Medtronic,Alaris,2005-06-08,36,2
PRK311,Physiologic Monitoring System,2,0,0,1,1,1,90.63,0,2,55.79,USA,CARESCAPE #282,GE Healthcare,GE,2003-08-16,28,2
PRK300,Defibrillator,3,0,0,3,1,1,0.0,1,2,0.0,Netherlands,HeartStart XL #410,Koninklijke Philips N.V.,HeartStart,1994-10-14,,1
PRK311,Infusion Pump,5,1,0,2,1,1,88.93,0,2,25823.19,Germany,Infusomat Space #189,B. Braun Melsungen AG,Infusomat,2013-09-01,44,2
PRK312,Physiologic Monitoring System,9,1,0,1,1,1,0.0,0,2,0.0,Japan,Life Scope #579,Nihon Kohden Corp,Nihon Kohden,2012-02-05,,1
PRK342,Infusion Pump,27,1,1,2,1,1,5.97,0,2,0.0,Ireland,Alaris GP #532,Medtronic,Alaris,2013-11-10,6,3
PRK358,Infusion Pump,5,0,0,2,1,1,2.15,0,2,114.45,Ireland,Alaris GP #650,Medtronic,Alaris,2016-08-15,10,3
PRK342,Physiologic Monitoring System,28,1,0,1,1,1,0.7,1,2,0.66,Japan,Life Scope #119,Nihon Kohden Corp,Nihon Kohden,2005-05-26,11,3
PRK342,Defibrillator,16,1,0,3,1,1,0.0,0,2,0.0,USA,Lifepak 20e #596,Physio-Control Inc,Lifepak,2017-11-05,,1
PRK360,Infusion Pump,11,1,0,2,1,1,0.0,0,2,0.0,USA,Sigma Spectrum #540,Baxter Healthcare Corp,Sigma,2004-02-18,,1
PRK360,Physiologic Monitoring System,5,0,0,1,2,1,14.11,0,2,7693.27,Japan,Life Scope #644,Nihon Kohden Corp,Nihon Kohden,2015-04-12,18,2
PRK319,Infusion Pump,9,1,0,2,1,1,0.0,0,2,0.0,USA,Sigma Spectrum #863,Baxter Healthcare Corp,Sigma,2005-08-16,,1
PRK311,Physiologic Monitoring System,10,1,0,1,1,1,0.0,0,2,0.0,USA,CARESCAPE #848,GE Healthcare,GE,2013-11-05,,1
PRK311,Physiologic Monitoring System,14,1,0,1,2,1,0.0,1,2,0.0,Japan,Life Scope #736,Nihon Kohden Corp,Nihon Kohden,2014-05-20,,1
PRK358,Physiologic Monitoring System,5,1,0,1,1,1,0.0,0,2,0.0,Netherlands,IntelliVue #268,Koninklijke Philips N.V.,Philips,2011-09-20,,1
PRK310,Physiologic Monitoring System,16,1,0,1,1,1,0.0,0,2,0.0,Japan,Life Scope #634,Nihon Kohden Corp,Nihon Kohden,2002-08-31,,1
PRK320,Infusion Pump,8,1,0,2,1,1,22.65,0,2,6.76,Ireland,Alaris GP #132,Medtronic,Alaris,2000-12-24,11,2
PRK333,Physiologic Monitoring System,12,1,1,1,1,1,387.17,0,2,0.0,Japan,Life Scope #73,Nihon Kohden Corp,Nihon Kohden,2009-06-05,27,2
PRK341,Physiologic Monitoring System,8,0,0,1,1,1,0.0,0,2,0.0,USA,CARESCAPE #464,GE Healthcare,GE,1997-07-12,,1
PRK341,Physiologic Monitoring System,20,1,0,1,1,1,1.69,0,2,138.02,Japan,Life Scope #88,Nihon Kohden Corp,Nihon Kohden,2009-04-16,9,2
PRK350,Infusion Pump,4,1,0,2,1,1,633.65,0,2,301.11,Ireland,Alaris GP #606,Medtronic,Alaris,2015-07-09,49,2
PRK340,Infusion Pump,11,0,0,2,1,1,1.38,1,2,583.13,USA,Sigma Spectrum #821,Baxter Healthcare Corp,Sigma,2010-02-15,28,2
PRK358,Infusion Pump,3,0,0,2,2,1,19.91,0,2,88.13,USA,Sigma Spectrum #226,Baxter Healthcare Corp,Sigma,2011-04-04,8,2
PRK300,Infusion Pump,13,0,1,2,1,1,223.61,0,2,164.05,Germany,Infusomat Space #786,B. Braun Melsungen AG,Infusomat,2010-05-30,37,3
PRK358,Infusion Pump,3,0,0,2,1,1,0.0,1,2,479.53,Germany,Infusomat Space #139,B. Braun Melsungen AG,Infusomat,2008-07-26,7,2
PRK341,Infusion Pump,7,0,0,2,1,1,40.75,1,2,24.06,Germany,Infusomat Space #144,B. Braun Melsungen AG,Infusomat,2009-06-04,18,3
PRK319,Physiologic Monitoring System,6,0,0,1,1,1,0.0,1,2,0.0,Netherlands,IntelliVue #145,Koninklijke Philips N.V.,Philips,2011-04-09,,1
PRK360,Infusion Pump,30,1,2,2,1,1,0.0,0,2,0.0,USA,Sigma Spectrum #479,Baxter Healthcare Corp,Sigma,2009-02-11,,1
PRK358,Ventilator,5,1,0,3,1,1,285.56,1,2,5.01,UK,Blease 8200p #404,Blease Medical Equipment Ltd,Blease,2017-11-02,39,3
PRK358,Physiologic Monitoring System,16,1,0,1,1,1,378.64,1,2,5073.49,Japan,Life Scope #962,Nihon Kohden Corp,Nihon Kohden,2010-01-22,20,2
PRK358,Physiologic Monitoring System,1,1,0,1,1,1,128.22,1,2,253.51,Japan,Life Scope #599,Nihon Kohden Corp,Nihon Kohden,2020-01-10,10,2
PRK326,Infusion Pump,9,0,0,2,1,1,161.91,0,2,1682.38,Germany,Infusomat Space #801,B. Braun Melsungen AG,Infusomat,2008-02-12,37,2
PRK319,Infusion Pump,21,0,0,2,1,1,86.75,1,2,632.83,Germany,Infusomat Space #164,B. Braun Melsungen AG,Infusomat,2018-04-09,12,3
PRK312,Physiologic Monitoring System,2,0,0,1,1,1,0.0,0,2,0.0,Japan,Life Scope #445,Nihon Kohden Corp,Nihon Kohden,2008-09-08,,1
PRK358,Sphygmomanometers,16,1,0,1,1,1,0.0,0,2,0.0,Malaysia,MV-BP100 #52,Med-Vantage Sdn Bhd,MedVantage,2013-08-02,,1
PRK358,Infusion Pump,8,1,0,2,1,1,0.0,0,2,0.0,Ireland,Alaris GP #422,Medtronic,Alaris,2011-09-11,,1
PRK360,Infusion Pump,1,0,0,2,1,1,184.57,0,2,8688.54,Germany,Infusomat Space #461,B. Braun Melsungen AG,Infusomat,2005-03-20,45,2
PRK358,Physiologic Monitoring System,18,1,0,1,1,1,474.3,1,2,111.42,Japan,Life Scope #480,Nihon Kohden Corp,Nihon Kohden,2008-12-03,27,2
PRK341,Physiologic Monitoring System,13,1,0,1,1,1,75.41,0,2,1873.39,Japan,Life Scope #978,Nihon Kohden Corp,Nihon Kohden,2009-05-09,26,3
PRK311,Infusion Pump,4,0,0,2,1,1,0.0,0,2,0.0,Germany,Infusomat Space #32,B. Braun Melsungen AG,Infusomat,2005-03-28,,1
PRK312,Infusion Pump,14,0,0,2,1,1,0.0,0,2,0.0,Germany,Infusomat Space #655,B. Braun Melsungen AG,Infusomat,1996-10-01,,1
PRK333,Infusion Pump,2,1,0,2,2,1,0.0,0,2,0.0,USA,Sigma Spectrum #643,Baxter Healthcare Corp,Sigma,2004-05-11,,1
PRK342,Defibrillator,5,1,0,3,1,1,1.77,0,2,323.91,Netherlands,HeartStart XL #894,Koninklijke Philips N.V.,HeartStart,2017-02-19,38,3
PRK312,Infusion Pump,9,0,0,2,2,1,813.2,1,2,37.68,Germany,Infusomat Space #431,B. Braun Melsungen AG,Infusomat,2006-06-19,17,2
PRK358,Infusion Pump,8,1,0,2,1,1,0.0,1,2,0.0,Ireland,Alaris GP #911,Medtronic,Alaris,2008-07-08,,1
PRK342,Sphygmomanometers,12,1,0,1,1,1,8.06,0,2,77.92,Japan,HEM-907 #111,Omron Healthcare Co Ltd,Omron,2014-02-16,14,2
PRK319,Infusion Pump,30,1,1,2,1,1,0.0,0,2,3.5,Germany,Infusomat Space #882,B. Braun Melsungen AG,Infusomat,2008-09-09,6,2
PRK358,Infusion Pump,10,1,0,2,1,1,29.94,0,1,71.42,USA,Sigma Spectrum #14,Baxter Healthcare Corp,Sigma,2017-05-22,58,3
PRK341,Infusion Pump,10,1,0,2,1,1,0.0,1,2,0.0,USA,Sigma Spectrum #112,Baxter Healthcare Corp,Sigma,2012-08-08,,1
PRK342,Infusion Pump,19,1,0,2,1,1,0.0,0,2,0.0,USA,Sigma Spectrum #613,Baxter Healthcare Corp,Sigma,2001-09-20,,1
PRK326,Infusion Pump,8,1,0,2,2,1,0.0,1,2,0.0,Germany,Infusomat Space #472,B. Braun Melsungen AG,Infusomat,2012-12-19,,1
PRK326,Infusion Pump,1,1,0,2,1,1,44.0,1,2,572.79,Germany,Infusomat Space #594,B. Braun Melsungen AG,Infusomat,2001-08-13,36,2
PRK300,Physiologic Monitoring System,9,1,0,1,1,1,8.29,0,2,1475.93,Netherlands,IntelliVue #397,Koninklijke Philips N.V.,Philips,2007-10-31,20,3
PRK340,Physiologic Monitoring System,1,0,0,1,1,1,0.0,0,1,0.0,Japan,Life Scope #769,Nihon Kohden Corp,Nihon Kohden,2011-07-22,,1
PRK342,Infusion Pump,18,1,0,2,1,1,45.86,0,2,949.81,Germany,Infusomat Space #720,B. Braun Melsungen AG,Infusomat,2012-01-02,24,2
PRK360,Physiologic Monitoring System,9,1,0,1,1,1,6.38,0,2,1004.27,Japan,Life Scope #122,Nihon Kohden Corp,Nihon Kohden,2002-07-05,48,2
PRK358,Infusion Pump,12,1,0,2,1,1,0.0,0,2,0.0,USA,Sigma Spectrum #665,Baxter Healthcare Corp,Sigma,2018-12-01,,1
PRK310,Sphygmomanometers,4,0,0,1,1,1,0.0,0,2,0.0,Japan,HEM-907 #64,Omron Healthcare Co Ltd,Omron,2002-05-17,,1
PRK360,Infusion Pump,4,0,0,2,1,1,0.0,0,2,0.0,Ireland,Alaris GP #896,Medtronic,Alaris,2007-12-05,,1
PRK311,Physiologic Monitoring System,13,1,0,1,1,1,2.77,0,2,49.75,Netherlands,IntelliVue #837,Koninklijke Philips N.V.,Philips,2013-11-16,35,2
PRK300,Infusion Pump,7,0,0,2,1,1,6.53,0,2,3.41,Ireland,Alaris GP #189,Medtronic,Alaris,2013-11-21,19,3
PRK342,Physiologic Monitoring System,5,0,0,1,1,1,0.0,0,2,0.0,Japan,Life Scope #116,Nihon Kohden Corp,Nihon Kohden,2008-02-27,,1
PRK358,Infusion Pump,21,0,0,2,1,1,0.0,0,1,0.0,Ireland,Alaris GP #17,Medtronic,Alaris,2017-11-14,,1
PRK360,Physiologic Monitoring System,10,1,0,1,1,1,20.82,0,2,838.09,USA,CARESCAPE #121,GE Healthcare,GE,2012-03-29,38,2
PRK358,Infusion Pump,5,1,0,2,1,1,62.35,1,2,755.74,Germany,Infusomat Space #800,B. Braun Melsungen AG,Infusomat,2019-03-08,35,2
PRK319,Defibrillator,10,1,0,3,2,1,0.0,0,2,0.0,Netherlands,HeartStart XL #938,Koninklijke Philips N.V.,HeartStart,2019-07-10,,1
PRK311,Infusion Pump,6,1,0,2,1,1,0.0,0,1,0.0,Germany,Infusomat Space #582,B. Braun Melsungen AG,Infusomat,2017-05-13,,1
PRK300,Physiologic Monitoring System,12,1,0,1,1,1,0.0,1,2,0.0,Japan,Life Scope #123,Nihon Kohden Corp,Nihon Kohden,2009-06-12,,1
PRK341,Ventilator,4,0,0,3,1,1,0.0,1,2,0.0,UK,Blease 8200p #510,Blease Medical Equipment Ltd,Blease,2000-07-22,,1
PRK333,Radiographic System,18,1,0,1,1,1,77.64,0,2,69.7,Netherlands,DigitalDiagnost #459,Koninklijke Philips N.V.,Philips,2015-07-13,15,3
PRK311,Infusion Pump,6,1,0,2,1,1,24.06,1,2,232.35,USA,Sigma Spectrum #831,Baxter Healthcare Corp,Sigma,2013-08-30,25,2
PRK330,Infusion Pump,3,1,0,2,1,1,0.0,0,2,3042.82,USA,Sigma Spectrum #884,Baxter Healthcare Corp,Sigma,2008-05-24,13,2
PRK340,Infusion Pump,3,1,0,2,1,1,230.58,1,2,21.42,Germany,Infusomat Space #662,B. Braun Melsungen AG,Infusomat,2003-06-03,21,2
PRK342,Infusion Pump,7,0,0,2,2,1,0.4,0,2,2682.27,USA,Sigma Spectrum #261,Baxter Healthcare Corp,Sigma,1996-11-23,39,2
PRK330,Physiologic Monitoring System,5,1,0,1,1,1,24.39,0,2,163.97,Netherlands,IntelliVue #884,Koninklijke Philips N.V.,Philips,2010-01-04,48,3
PRK319,Radiographic System,2,0,0,1,1,1,0.0,0,2,0.0,Germany,Somatom #448,Siemens Healthineers,Siemens,2011-10-26,,1
PRK341,Radiographic System,2,0,0,1,1,1,14.75,0,2,1086.85,Netherlands,DigitalDiagnost #543,Koninklijke Philips N.V.,Philips,2007-10-03,52,2
PRK342,Infusion Pump,9,1,0,2,1,1,43.4,0,2,0.0,Ireland,Alaris GP #977,Medtronic,Alaris,2017-03-21,5,3
PRK319,Physiologic Monitoring System,10,0,0,1,1,1,5.59,0,2,4676.71,USA,CARESCAPE #675,GE Healthcare,GE,2016-02-01,32,2
PRK300,Defibrillator,9,1,0,3,1,1,143.1,0,2,7016.63,USA,Lifepak 20e #294,Physio-Control Inc,Lifepak,2008-06-11,10,2
PRK360,Sphygmomanometers,20,1,2,1,1,1,10136.68,0,2,0.0,Malaysia,MV-BP100 #634,Med-Vantage Sdn Bhd,MedVantage,2000-03-16,19,2
PRK342,Infusion Pump,11,1,1,2,1,1,0.0,0,2,0.0,Ireland,Alaris GP #765,Medtronic,Alaris,2015-01-05,,1
PRK312,Infusion Pump,5,1,0,2,1,1,111.73,0,2,3178.61,USA,Sigma Spectrum #289,Baxter Healthcare Corp,Sigma,1994-05-11,23,2
PRK340,Ventilator,30,0,2,3,1,1,0.0,0,2,0.0,Germany,Evita V500 #635,Drager Medical AG & Co KGaA,Evita,2010-01-24,,1
PRK341,Infusion Pump,4,0,0,2,1,1,0.0,1,2,0.0,Germany,Infusomat Space #993,B. Braun Melsungen AG,Infusomat,2004-04-01,,1
PRK311,Infusion Pump,2,0,0,2,1,1,23.23,0,2,468.57,Ireland,Alaris GP #720,Medtronic,Alaris,2013-07-29,31,2
PRK312,Radiographic System,14,1,0,1,1,1,54.87,0,2,10043.33,Netherlands,DigitalDiagnost #357,Koninklijke Philips N.V.,Philips,2002-11-13,28,2
PRK360,Radiographic System,27,0,2,1,2,1,79.11,0,2,444.83,Netherlands,DigitalDiagnost #374,Koninklijke Philips N.V.,Philips,2017-07-14,7,3
PRK333,Defibrillator,16,0,0,3,1,1,229.12,0,2,91.67,USA,Lifepak 20e #249,Physio-Control Inc,Lifepak,2013-09-01,28,2
PRK312,Ventilator,7,0,0,3,1,1,201.98,0,2,2386.09,USA,Smartvent 7900 #715,Datex-Ohmeda Inc,Smartvent,1995-01-17,7,3
PRK350,Infusion Pump,4,0,0,2,1,1,0.0,0,2,0.0,Germany,Infusomat Space #952,B. Braun Melsungen AG,Infusomat,2014-07-03,,1
PRK333,Infusion Pump,13,1,1,2,1,1,0.0,0,2,0.0,Germany,Infusomat Space #576,B. Braun Melsungen AG,Infusomat,2003-02-04,,1
PRK341,Physiologic Monitoring System,7,0,0,1,1,1,75.54,0,2,780.49,Netherlands,IntelliVue #200,Koninklijke Philips N.V.,Philips,1996-09-05,49,2
PRK319,Physiologic Monitoring System,7,0,0,1,1,1,0.0,1,2,0.0,Japan,Life Scope #870,Nihon Kohden Corp,Nihon Kohden,2008-05-16,,1
PRK300,Infusion Pump,22,0,1,2,2,1,253.42,0,2,7913.94,Ireland,Alaris GP #33,Medtronic,Alaris,2004-09-11,15,3
PRK312,Physiologic Monitoring System,1,0,0,1,2,1,0.0,0,2,13.15,USA,CARESCAPE #283,GE Healthcare,GE,1996-05-06,24,2
PRK360,Infusion Pump,11,1,0,2,1,1,389.96,0,2,74.04,Ireland,Alaris GP #491,Medtronic,Alaris,2009-08-06,34,3
PRK341,Physiologic Monitoring System,5,0,0,1,1,1,0.0,0,2,0.0,Netherlands,IntelliVue #83,Koninklijke Philips N.V.,Philips,2006-02-09,,1
PRK358,Infusion Pump,9,1,0,2,1,1,472.97,0,2,429373.64,USA,Sigma Spectrum #882,Baxter Healthcare Corp,Sigma,2016-07-29,23,3
PRK300,Infusion Pump,4,1,0,2,1,1,59.34,0,2,0.0,Germany,Infusomat Space #326,B. Braun Melsungen AG,Infusomat,2017-03-25,33,2
PRK342,Infusion Pump,7,0,0,2,1,1,39.35,0,2,438.34,Ireland,Alaris GP #277,Medtronic,Alaris,2008-11-04,12,3
PRK333,Infusion Pump,30,1,1,2,1,1,16.6,0,2,2.6,USA,Sigma Spectrum #746,Baxter Healthcare Corp,Sigma,2006-08-16,3,2
PRK341,Ventilator,15,1,0,3,1,1,26.21,1,2,418.58,USA,Carestation 650 #755,Datex-Ohmeda Inc,Carestation,2015-12-10,22,2
PRK320,Infusion Pump,13,1,0,2,1,1,1.41,0,2,130.66,Germany,Infusomat Space #514,B. Braun Melsungen AG,Infusomat,2010-01-26,12,2
PRK341,Infusion Pump,9,1,0,2,1,1,40.62,1,2,0.0,Germany,Infusomat Space #486,B. Braun Melsungen AG,Infusomat,2010-04-24,46,3
PRK300,Physiologic Monitoring System,8,0,0,1,1,1,0.0,0,2,0.0,Netherlands,IntelliVue #533,Koninklijke Philips N.V.,Philips,1999-08-08,,1
PRK300,Physiologic Monitoring System,9,1,0,1,2,1,64.12,1,2,4297.28,Netherlands,IntelliVue #546,Koninklijke Philips N.V.,Philips,2018-12-22,41,2
PRK350,Infusion Pump,12,1,0,2,1,1,0.0,0,2,0.0,USA,Sigma Spectrum #150,Baxter Healthcare Corp,Sigma,2018-01-23,,1
PRK311,Infusion Pump,15,1,0,2,1,1,102.0,0,2,3007.49,Germany,Infusomat Space #107,B. Braun Melsungen AG,Infusomat,2001-12-22,26,2
PRK300,Infusion Pump,29,1,1,2,1,1,42.63,1,1,0.0,Germany,Infusomat Space #156,B. Braun Melsungen AG,Infusomat,2006-10-26,15,2
PRK358,Physiologic Monitoring System,7,0,0,1,1,1,0.0,0,2,0.0,Netherlands,IntelliVue #349,Koninklijke Philips N.V.,Philips,2012-12-19,,1
PRK319,Infusion Pump,21,1,1,2,1,1,0.0,0,2,0.0,Ireland,Alaris GP #152,Medtronic,Alaris,1997-03-18,,1
PRK341,Infusion Pump,29,1,2,2,1,1,0.0,1,2,0.0,USA,Sigma Spectrum #867,Baxter Healthcare Corp,Sigma,2016-08-17,,1
PRK358,Infusion Pump,16,1,1,2,1,1,0.0,0,2,0.0,USA,Sigma Spectrum #450,Baxter Healthcare Corp,Sigma,2000-07-07,,1
PRK342,Physiologic Monitoring System,8,0,0,1,1,1,0.0,0,2,0.0,Netherlands,IntelliVue #949,Koninklijke Philips N.V.,Philips,2014-06-07,,1
PRK300,Infusion Pump,16,1,0,2,2,1,0.0,0,2,0.0,Ireland,Alaris GP #535,Medtronic,Alaris,2017-10-14,,1
PRK340,Ventilator,2,0,0,3,1,1,385.92,0,2,10.16,Germany,Evita V500 #728,Drager Medical AG & Co KGaA,Evita,2007-01-15,38,2
PRK340,Infusion Pump,26,1,2,2,1,1,114.08,1,2,967.94,Ireland,Alaris GP #943,Medtronic,Alaris,2013-03-09,14,2
PRK320,Physiologic Monitoring System,17,1,0,1,1,1,0.0,0,2,0.0,Japan,Life Scope #29,Nihon Kohden Corp,Nihon Kohden,2020-07-01,,1
PRK342,Infusion Pump,8,0,0,2,1,1,0.0,0,2,0.0,Ireland,Alaris GP #312,Medtronic,Alaris,2020-06-02,,1
PRK360,Infusion Pump,7,0,0,2,1,1,0.0,0,2,0.0,Germany,Infusomat Space #590,B. Braun Melsungen AG,Infusomat,2015-12-23,,1
PRK311,Infusion Pump,3,1,0,2,1,1,0.0,1,2,0.0,Ireland,Alaris GP #102,Medtronic,Alaris,1994-09-17,,1
PRK311,Ventilator,18,1,0,3,1,1,0.0,1,2,0.0,USA,Carestation 650 #5,Datex-Ohmeda Inc,Carestation,2016-01-18,,1
PRK342,Defibrillator,7,0,0,3,1,1,0.0,0,2,0.0,Netherlands,HeartStart XL #458,Koninklijke Philips N.V.,HeartStart,2013-05-25,,1
PRK330,Infusion Pump,28,1,0,2,1,1,0.0,1,2,0.0,Germany,Infusomat Space #172,B. Braun Melsungen AG,Infusomat,2006-01-14,,1
PRK350,Infusion Pump,2,1,0,2,2,1,0.0,0,2,4222.63,Germany,Infusomat Space #531,B. Braun Melsungen AG,Infusomat,2007-08-26,28,2
PRK311,Defibrillator,4,0,0,3,1,1,0.0,1,1,0.0,USA,Lifepak 20e #448,Physio-Control Inc,Lifepak,2013-04-19,,1
PRK300,Physiologic Monitoring System,4,1,0,1,1,1,7.23,0,2,896.51,Netherlands,IntelliVue #594,Koninklijke Philips N.V.,Philips,2007-08-21,31,2
PRK342,Infusion Pump,1,1,0,2,1,1,688.85,0,2,2265.83,Ireland,Alaris GP #570,Medtronic,Alaris,2005-12-17,56,2
PRK360,Infusion Pump,14,1,0,2,2,1,0.0,0,2,0.0,Germany,Infusomat Space #875,B. Braun Melsungen AG,Infusomat,2007-05-13,,1
PRK310,Physiologic Monitoring System,3,1,0,1,1,1,14.26,1,2,443.1,Netherlands,IntelliVue #223,Koninklijke Philips N.V.,Philips,2017-02-25,18,2
PRK358,Physiologic Monitoring System,4,1,0,1,1,1,0.0,1,2,106.35,Japan,Life Scope #432,Nihon Kohden Corp,Nihon Kohden,2016-06-30,31,2
PRK326,Physiologic Monitoring System,3,0,0,1,1,1,0.0,0,2,0.0,Japan,Life Scope #828,Nihon Kohden Corp,Nihon Kohden,2006-08-10,,1
PRK300,Sphygmomanometers,6,0,0,1,1,1,52.76,0,2,492.42,Japan,HEM-907 #49,Omron Healthcare Co Ltd,Omron,2001-05-30,23,2
PRK333,Infusion Pump,24,0,2,2,2,1,691.62,0,2,90.15,USA,Sigma Spectrum #485,Baxter Healthcare Corp,Sigma,1994-11-30,5,2
PRK319,Infusion Pump,12,1,2,2,2,1,43.91,0,2,0.0,Germany,Infusomat Space #891,B. Braun Melsungen AG,Infusomat,2010-11-27,9,3
PRK342,Infusion Pump,10,1,0,2,1,1,0.0,0,2,19528.8,Ireland,Alaris GP #946,Medtronic,Alaris,2009-12-19,20,3
PRK319,Infusion Pump,9,0,0,2,1,1,0.0,0,1,0.0,Ireland,Alaris GP #401,Medtronic,Alaris,2003-10-24,,1
PRK333,Infusion Pump,6,0,0,2,1,1,11.37,0,2,294.55,Germany,Infusomat Space #758,B. Braun Melsungen AG,Infusomat,2019-03-01,11,3
PRK312,Infusion Pump,6,0,0,2,1,1,0.0,0,2,0.0,USA,Sigma Spectrum #23,Baxter Healthcare Corp,Sigma,2014-05-02,,1
PRK358,Infusion Pump,10,1,0,2,1,1,36.94,1,2,430.69,Ireland,Alaris GP #16,Medtronic,Alaris,2019-10-18,2,2
PRK358,Physiologic Monitoring System,22,1,1,1,1,1,107.31,0,2,279.25,Netherlands,IntelliVue #287,Koninklijke Philips N.V.,Philips,2008-12-15,10,2
PRK330,Infusion Pump,5,0,0,2,1,1,0.0,0,1,0.0,Ireland,Alaris GP #185,Medtronic,Alaris,2006-05-16,,1
PRK330,Infusion Pump,17,1,0,2,1,1,20.57,0,2,119.4,Germany,Infusomat Space #455,B. Braun Melsungen AG,Infusomat,2017-01-18,10,2
PRK360,Physiologic Monitoring System,3,0,0,1,1,1,468.25,0,2,306.4,USA,CARESCAPE #538,GE Healthcare,GE,2010-11-15,14,2
PRK311,Physiologic Monitoring System,14,1,0,1,1,1,0.0,0,1,0.0,Japan,Life Scope #936,Nihon Kohden Corp,Nihon Kohden,2015-03-29,,1
PRK350,Ventilator,22,1,1,3,1,1,14.4,1,2,1425.31,USA,Carestation 650 #11,Datex-Ohmeda Inc,Carestation,2006-08-15,3,2
PRK340,Ventilator,8,1,0,3,1,1,57.51,0,2,1592.59,Germany,Evita V500 #44,Drager Medical AG & Co KGaA,Evita,2015-07-19,5,3
PRK358,Physiologic Monitoring System,6,1,0,1,1,1,0.0,0,1,0.0,USA,CARESCAPE #43,GE Healthcare,GE,2008-06-16,,1
PRK319,Infusion Pump,14,1,0,2,1,1,0.0,1,2,0.0,Ireland,Alaris GP #872,Medtronic,Alaris,2009-03-18,,1
PRK319,Infusion Pump,26,1,1,2,1,1,0.0,0,2,0.0,Ireland,Alaris GP #239,Medtronic,Alaris,2017-07-27,,1
PRK320,Physiologic Monitoring System,16,1,0,1,1,1,0.0,0,2,0.0,Japan,Life Scope #91,Nihon Kohden Corp,Nihon Kohden,2019-05-25,,1
PRK300,Infusion Pump,28,1,1,2,1,1,0.0,0,1,0.0,Ireland,Alaris GP #298,Medtronic,Alaris,2017-03-13,,1
PRK312,Infusion Pump,9,1,0,2,2,1,40.67,0,2,2690.75,Germany,Infusomat Space #654,B. Braun Melsungen AG,Infusomat,2005-05-18,25,2
PRK360,Infusion Pump,8,1,0,2,1,1,49.68,0,2,10.52,USA,Sigma Spectrum #313,Baxter Healthcare Corp,Sigma,2012-06-03,46,2
PRK319,Infusion Pump,2,1,0,2,1,1,18.38,1,2,65.97,USA,Sigma Spectrum #151,Baxter Healthcare Corp,Sigma,2020-05-27,40,2
PRK300,Infusion Pump,5,1,0,2,1,1,0.0,1,2,0.0,Ireland,Alaris GP #428,Medtronic,Alaris,2005-11-03,,1
PRK319,Infusion Pump,8,1,0,2,1,1,0.0,0,2,1806.89,USA,Sigma Spectrum #341,Baxter Healthcare Corp,Sigma,2016-04-16,43,2
PRK330,Ventilator,8,1,0,3,2,1,290.63,0,2,0.0,Germany,Evita V500 #241,Drager Medical AG & Co KGaA,Evita,2004-01-03,21,2
PRK340,Sphygmomanometers,13,1,0,1,2,1,56.54,0,2,0.0,Japan,HEM-907 #859,Omron Healthcare Co Ltd,Omron,2002-04-03,31,2
PRK300,Infusion Pump,6,0,0,2,1,1,342.52,0,2,300.59,Ireland,Alaris GP #490,Medtronic,Alaris,2004-10-29,7,2
PRK350,Sphygmomanometers,6,1,0,1,1,1,40.98,0,2,850.78,Japan,HEM-907 #595,Omron Healthcare Co Ltd,Omron,2008-01-04,47,2
PRK358,Infusion Pump,30,0,1,2,1,1,52.39,0,2,39120.81,Ireland,Alaris GP #245,Medtronic,Alaris,2020-03-13,12,3
PRK319,Defibrillator,1,0,0,3,1,1,0.0,0,2,0.0,USA,Lifepak 20e #838,Physio-Control Inc,Lifepak,2013-05-10,,1
PRK350,Sphygmomanometers,1,0,0,1,2,1,0.0,0,2,0.0,Japan,HEM-907 #894,Omron Healthcare Co Ltd,Omron,2000-02-07,,1
PRK320,Infusion Pump,4,0,0,2,1,1,0.0,0,2,0.0,Germany,Infusomat Space #252,B. Braun Melsungen AG,Infusomat,2016-08-16,,1
PRK330,Physiologic Monitoring System,1,0,0,1,1,1,31.34,0,2,10111.23,Japan,Life Scope #690,Nihon Kohden Corp,Nihon Kohden,2006-12-30,59,2
PRK358,Sphygmomanometers,1,0,0,1,1,1,305.85,0,2,9189.07,Malaysia,MV-BP100 #480,Med-Vantage Sdn Bhd,MedVantage,2005-12-02,48,2
PRK358,Defibrillator,6,0,0,3,1,1,657.64,1,2,313.08,USA,Lifepak 20e #640,Physio-Control Inc,Lifepak,2012-12-06,30,2
PRK326,Sphygmomanometers,11,1,0,1,1,1,0.0,0,2,0.0,Japan,HEM-907 #205,Omron Healthcare Co Ltd,Omron,2006-07-01,,1
PRK333,Physiologic Monitoring System,6,0,0,1,1,1,873.81,0,2,3789.42,USA,CARESCAPE #963,GE Healthcare,GE,2014-11-01,31,3
PRK319,Infusion Pump,11,1,1,2,1,1,6.91,1,1,921.46,USA,Sigma Spectrum #851,Baxter Healthcare Corp,Sigma,2013-07-04,42,2
PRK333,Ventilator,15,0,0,3,1,1,0.0,0,2,0.0,UK,Blease 8200p #454,Blease Medical Equipment Ltd,Blease,2003-12-31,,1
PRK342,Physiologic Monitoring System,10,1,0,1,1,1,63.84,0,1,177.72,Japan,Life Scope #553,Nihon Kohden Corp,Nihon Kohden,2017-01-19,17,2
PRK310,Physiologic Monitoring System,11,1,0,1,1,1,0.0,0,2,0.0,Japan,Life Scope #475,Nihon Kohden Corp,Nihon Kohden,2005-02-25,,1
PRK358,Infusion Pump,7,0,0,2,1,1,14.94,0,2,192.95,Germany,Infusomat Space #529,B. Braun Melsungen AG,Infusomat,2005-07-16,40,3
PRK342,Physiologic Monitoring System,6,0,0,1,1,1,27.68,0,2,406.67,Japan,Life Scope #319,Nihon Kohden Corp,Nihon Kohden,2006-09-17,47,2
PRK310,Infusion Pump,1,1,0,2,1,1,1.03,1,1,55.19,Germany,Infusomat Space #285,B. Braun Melsungen AG,Infusomat,2000-02-17,29,2
PRK358,Physiologic Monitoring System,15,1,0,1,1,1,148.52,0,2,102.56,Japan,Life Scope #147,Nihon Kohden Corp,Nihon Kohden,2020-01-27,12,2
PRK342,Infusion Pump,10,1,1,2,1,1,0.0,0,2,0.0,Ireland,Alaris GP #106,Medtronic,Alaris,2006-05-18,,1
PRK319,Physiologic Monitoring System,11,1,0,1,1,1,21.47,0,2,17.98,Japan,Life Scope #959,Nihon Kohden Corp,Nihon Kohden,2010-08-24,26,2
PRK333,Ventilator,2,0,0,3,2,1,603.77,1,2,76.47,USA,Carestation 650 #526,Datex-Ohmeda Inc,Carestation,2017-10-14,25,2
PRK358,Infusion Pump,4,0,0,2,1,1,0.0,0,2,0.0,Ireland,Alaris GP #553,Medtronic,Alaris,2006-11-08,,1
PRK360,Infusion Pump,7,0,0,2,1,1,10.34,0,2,0.0,Germany,Infusomat Space #153,B. Braun Melsungen AG,Infusomat,2005-09-04,45,2
PRK319,Infusion Pump,3,1,0,2,1,1,52.87,0,2,4522.71,Ireland,Alaris GP #557,Medtronic,Alaris,2013-07-09,52,2
PRK341,Sphygmomanometers,10,1,0,1,1,1,0.0,0,1,0.0,Malaysia,MV-BP100 #73,Med-Vantage Sdn Bhd,MedVantage,2003-09-29,,1
PRK358,Physiologic Monitoring System,9,1,0,1,1,1,0.0,0,2,0.0,Japan,Life Scope #599,Nihon Kohden Corp,Nihon Kohden,2017-09-08,,1
PRK360,Infusion Pump,9,1,0,2,1,1,0.0,0,2,0.0,Ireland,Alaris GP #714,Medtronic,Alaris,2014-10-14,,1
PRK300,Infusion Pump,15,1,0,2,1,1,14.9,0,2,633.54,USA,Sigma Spectrum #644,Baxter Healthcare Corp,Sigma,2009-12-19,14,3
PRK333,Infusion Pump,10,1,0,2,1,1,132.96,1,2,482.53,Germany,Infusomat Space #711,B. Braun Melsungen AG,Infusomat,2016-02-04,27,2
PRK358,Infusion Pump,20,0,1,2,1,1,79.1,0,2,54.06,Germany,Infusomat Space #186,B. Braun Melsungen AG,Infusomat,2010-01-30,26,3
PRK300,Sphygmomanometers,10,1,0,1,2,1,54.74,1,2,283.53,Malaysia,MV-BP100 #40,Med-Vantage Sdn Bhd,MedVantage,2017-08-06,35,2
PRK330,Physiologic Monitoring System,5,0,0,1,1,1,0.0,0,2,0.0,Japan,Life Scope #669,Nihon Kohden Corp,Nihon Kohden,2012-04-04,,1
PRK341,Infusion Pump,8,1,0,2,2,1,0.0,0,2,0.0,Ireland,Alaris GP #818,Medtronic,Alaris,2007-12-26,,1
PRK333,Defibrillator,0,0,0,3,1,1,0.0,1,2,9.7,USA,Lifepak 20e #64,Physio-Control Inc,Lifepak,1992-02-04,20,2
PRK342,Infusion Pump,11,1,0,2,1,1,0.0,1,2,0.0,Germany,Infusomat Space #912,B. Braun Melsungen AG,Infusomat,2005-08-18,,1
PRK300,Ventilator,4,0,0,3,1,1,3.31,0,2,102.78,UK,Blease 8200p #649,Blease Medical Equipment Ltd,Blease,2018-07-21,36,2
PRK350,Infusion Pump,9,1,0,2,1,1,3.5,0,2,3632.43,Germany,Infusomat Space #870,B. Braun Melsungen AG,Infusomat,2005-04-09,31,3
PRK319,Physiologic Monitoring System,5,1,0,1,1,1,0.0,1,2,305.15,USA,CARESCAPE #506,GE Healthcare,GE,2014-11-29,38,2
PRK358,Sphygmomanometers,3,1,0,1,1,1,22.0,1,2,59.48,Japan,HEM-907 #214,Omron Healthcare Co Ltd,Omron,2002-07-04,3,2
PRK330,Infusion Pump,25,1,1,2,1,1,8.15,0,2,918.44,Ireland,Alaris GP #515,Medtronic,Alaris,1998-12-08,7,3
PRK300,Physiologic Monitoring System,5,0,0,1,1,1,0.0,0,2,0.0,Netherlands,IntelliVue #761,Koninklijke Philips N.V.,Philips,2004-10-15,,1
PRK360,Radiographic System,4,0,0,1,1,1,33.33,0,2,608.83,Netherlands,DigitalDiagnost #910,Koninklijke Philips N.V.,Philips,2020-01-27,49,2
PRK350,Infusion Pump,14,1,0,2,1,1,269.19,0,2,54.9,Ireland,Alaris GP #681,Medtronic,Alaris,2010-04-29,13,2
PRK320,Infusion Pump,6,0,0,2,1,1,3.81,0,2,10586.54,Ireland,Alaris GP #423,Medtronic,Alaris,2010-08-05,14,2
PRK319,Physiologic Monitoring System,4,1,0,1,1,1,0.0,0,2,0.0,Netherlands,IntelliVue #668,Koninklijke Philips N.V.,Philips,2006-10-22,,1
PRK341,Infusion Pump,14,1,0,2,1,1,0.0,0,2,0.0,Ireland,Alaris GP #395,Medtronic,Alaris,2003-09-30,,1
PRK360,Infusion Pump,8,1,1,2,1,1,110.86,0,2,12.72,Germany,Infusomat Space #90,B. Braun Melsungen AG,Infusomat,2007-01-01,20,3
PRK319,Infusion Pump,15,1,0,2,1,1,24.26,0,2,4829.73,Germany,Infusomat Space #338,B. Braun Melsungen AG,Infusomat,2014-02-10,10,3
PRK360,Physiologic Monitoring System,21,1,0,1,1,1,32.39,0,2,2087.78,USA,CARESCAPE #426,GE Healthcare,GE,1999-04-25,7,2
PRK320,Infusion Pump,6,1,0,2,1,1,0.0,0,2,0.0,Ireland,Alaris GP #415,Medtronic,Alaris,2020-01-04,,1
PRK342,Infusion Pump,13,1,0,2,1,1,59.91,0,2,14.38,USA,Sigma Spectrum #7,Baxter Healthcare Corp,Sigma,2013-12-31,17,2
PRK326,Ventilator,22,1,1,3,1,1,386.19,1,2,751.19,Germany,Evita V500 #266,Drager Medical AG & Co KGaA,Evita,2017-01-03,20,2
PRK300,Infusion Pump,26,1,0,2,1,1,9.93,0,2,9.31,Ireland,Alaris GP #979,Medtronic,Alaris,2013-08-05,59,2
PRK358,Ventilator,5,0,0,3,1,1,305.64,0,2,229.57,Germany,Evita V500 #994,Drager Medical AG & Co KGaA,Evita,2016-01-31,21,3
PRK312,Infusion Pump,17,1,0,2,1,1,92.0,0,2,4011.06,Ireland,Alaris GP #240,Medtronic,Alaris,2017-08-29,6,2
PRK360,Sphygmomanometers,1,1,0,1,1,1,0.0,0,2,0.0,USA,DS66 #345,Welch Allyn Inc,Welch Allyn,2009-07-14,,1
PRK310,Physiologic Monitoring System,10,0,0,1,1,1,39.05,0,2,413.31,USA,CARESCAPE #959,GE Healthcare,GE,2012-03-20,28,2
PRK319,Infusion Pump,2,0,0,2,1,1,0.0,0,2,0.0,Ireland,Alaris GP #197,Medtronic,Alaris,2003-10-18,,1
PRK358,Defibrillator,6,0,0,3,1,1,0.0,0,2,0.0,USA,Lifepak 20e #769,Physio-Control Inc,Lifepak,2014-10-11,,1
PRK341,Infusion Pump,30,1,2,2,1,1,6.83,0,1,33699.2,Germany,Infusomat Space #538,B. Braun Melsungen AG,Infusomat,1999-11-27,4,2
PRK312,Infusion Pump,16,1,0,2,1,1,0.0,0,2,0.0,USA,Sigma Spectrum #211,Baxter Healthcare Corp,Sigma,2007-10-06,,1
PRK341,Infusion Pump,2,1,0,2,1,1,15.65,0,2,6797.36,Ireland,Alaris GP #853,Medtronic,Alaris,2008-07-06,48,2
PRK312,Physiologic Monitoring System,3,1,0,1,1,1,91.71,0,1,461.54,Japan,Life Scope #428,Nihon Kohden Corp,Nihon Kohden,2011-10-18,36,2
PRK358,Infusion Pump,18,0,0,2,2,1,1647.86,0,2,0.0,Ireland,Alaris GP #301,Medtronic,Alaris,2012-06-15,6,3
PRK300,Infusion Pump,18,1,0,2,1,1,62.21,0,2,97.72,Ireland,Alaris GP #597,Medtronic,Alaris,2001-03-12,20,2
PRK333,Infusion Pump,18,1,0,2,1,1,77.39,0,2,1160.1,USA,Sigma Spectrum #514,Baxter Healthcare Corp,Sigma,2016-08-28,15,2
PRK300,Infusion Pump,10,1,0,2,1,1,931.87,0,2,1348.93,Germany,Infusomat Space #43,B. Braun Melsungen AG,Infusomat,2004-09-08,39,2
PRK342,Infusion Pump,16,1,0,2,1,1,0.0,0,2,0.0,USA,Sigma Spectrum #176,Baxter Healthcare Corp,Sigma,2012-08-03,,1
PRK358,Infusion Pump,7,0,0,2,1,1,0.0,0,2,0.0,Ireland,Alaris GP #554,Medtronic,Alaris,2010-10-11,,1
PRK358,Infusion Pump,6,1,0,2,1,1,33.18,0,2,6941.74,Ireland,Alaris GP #751,Medtronic,Alaris,2001-06-12,28,2
PRK320,Infusion Pump,10,0,0,2,1,1,48.77,0,2,1328.12,Ireland,Alaris GP #349,Medtronic,Alaris,2004-01-01,51,2
PRK319,Physiologic Monitoring System,4,1,0,1,1,1,16.18,0,2,1803.18,USA,CARESCAPE #919,GE Healthcare,GE,2013-01-01,55,3
PRK311,Infusion Pump,4,1,0,2,1,1,0.0,0,2,0.0,Germany,Infusomat Space #82,B. Braun Melsungen AG,Infusomat,2016-08-16,,1
PRK358,Physiologic Monitoring System,13,1,0,1,1,1,0.0,0,2,0.0,Netherlands,IntelliVue #415,Koninklijke Philips N.V.,Philips,2007-07-12,,1
PRK300,Infusion Pump,13,1,0,2,1,1,194.74,0,2,3126.58,USA,Sigma Spectrum #694,Baxter Healthcare Corp,Sigma,2009-04-06,25,3
PRK341,Infusion Pump,4,0,0,2,2,1,0.0,0,2,3859.37,Ireland,Alaris GP #148,Medtronic,Alaris,2003-09-01,40,2
PRK320,Infusion Pump,5,0,0,2,1,1,0.0,1,2,0.0,Germany,Infusomat Space #566,B. Braun Melsungen AG,Infusomat,2013-07-09,,1
PRK360,Infusion Pump,11,0,0,2,1,1,0.0,1,2,0.0,Ireland,Alaris GP #996,Medtronic,Alaris,2020-08-13,,1
PRK333,Infusion Pump,11,0,0,2,3,1,0.0,1,2,0.0,USA,Sigma Spectrum #811,Baxter Healthcare Corp,Sigma,2014-12-25,,1
PRK340,Ventilator,10,0,0,3,1,1,0.0,0,2,0.0,USA,Smartvent 7900 #373,Datex-Ohmeda Inc,Smartvent,2016-12-29,,1
PRK358,Infusion Pump,4,1,0,2,1,1,4.95,0,1,116.97,Germany,Infusomat Space #900,B. Braun Melsungen AG,Infusomat,2005-09-23,20,2
PRK360,Infusion Pump,30,0,1,2,1,1,0.0,0,1,0.0,Ireland,Alaris GP #797,Medtronic,Alaris,2013-03-18,,1
PRK341,Physiologic Monitoring System,6,0,0,1,1,1,83.77,1,2,20.83,Japan,Life Scope #196,Nihon Kohden Corp,Nihon Kohden,2005-08-17,43,2
PRK350,Infusion Pump,12,1,1,2,1,1,11.51,0,2,0.0,Ireland,Alaris GP #665,Medtronic,Alaris,2002-08-25,29,2
PRK341,Infusion Pump,3,0,0,2,1,1,0.0,0,2,0.0,Germany,Infusomat Space #655,B. Braun Melsungen AG,Infusomat,2002-09-25,,1
PRK330,Infusion Pump,8,1,0,2,1,1,20.98,0,1,45.17,Germany,Infusomat Space #332,B. Braun Melsungen AG,Infusomat,2019-06-17,44,3
PRK300,Infusion Pump,4,1,0,2,1,1,111.17,1,2,2132.5,Ireland,Alaris GP #320,Medtronic,Alaris,2004-05-19,20,3
PRK342,Infusion Pump,6,0,0,2,1,1,947.37,1,2,0.0,USA,Sigma Spectrum #233,Baxter Healthcare Corp,Sigma,2008-04-24,42,3
PRK342,Ventilator,10,1,1,3,1,1,0.0,0,2,0.0,Germany,Evita V500 #560,Drager Medical AG & Co KGaA,Evita,2010-01-15,,1
PRK311,Sphygmomanometers,20,1,0,1,1,1,344.24,0,2,3109.08,Japan,HEM-907 #121,Omron Healthcare Co Ltd,Omron,1996-09-09,14,2
PRK319,Infusion Pump,5,0,0,2,1,1,318.29,1,2,50.62,Ireland,Alaris GP #153,Medtronic,Alaris,2014-04-11,16,2
PRK342,Physiologic Monitoring System,10,1,0,1,1,1,88.18,1,2,147.2,Japan,Life Scope #815,Nihon Kohden Corp,Nihon Kohden,2009-09-25,13,2
PRK311,Physiologic Monitoring System,12,1,0,1,1,1,0.0,1,1,0.0,Japan,Life Scope #249,Nihon Kohden Corp,Nihon Kohden,2009-11-03,25,2
PRK342,Infusion Pump,14,1,0,2,1,1,214.92,0,2,2063.44,Ireland,Alaris GP #616,Medtronic,Alaris,2012-03-13,16,2
PRK342,Ventilator,1,0,0,3,1,1,0.0,0,1,0.0,USA,Carestation 650 #811,Datex-Ohmeda Inc,Carestation,2013-07-18,,1
PRK320,Physiologic Monitoring System,15,1,1,1,1,1,40.83,1,2,4110.44,Japan,Life Scope #18,Nihon Kohden Corp,Nihon Kohden,2020-08-07,46,2
PRK319,Sphygmomanometers,12,1,0,1,1,1,2.1,0,2,456.27,Japan,HEM-907 #209,Omron Healthcare Co Ltd,Omron,2007-12-06,20,3
PRK326,Sphygmomanometers,10,1,0,1,1,1,0.0,0,2,19.26,Malaysia,MV-BP100 #41,Med-Vantage Sdn Bhd,MedVantage,2015-02-22,31,2
PRK320,Infusion Pump,5,1,0,2,1,1,672.49,0,2,50.76,Germany,Infusomat Space #389,B. Braun Melsungen AG,Infusomat,2017-07-19,22,3
PRK341,Infusion Pump,11,0,0,2,1,1,0.0,0,2,0.0,Ireland,Alaris GP #292,Medtronic,Alaris,2018-05-31,,1
PRK342,Physiologic Monitoring System,30,0,0,1,1,1,11.09,1,2,90.07,Netherlands,IntelliVue #854,Koninklijke Philips N.V.,Philips,2013-03-22,12,2
PRK358,Infusion Pump,19,1,0,2,1,1,23.4,0,2,169.45,Germany,Infusomat Space #828,B. Braun Melsungen AG,Infusomat,2012-06-30,23,2
PRK300,Infusion Pump,6,1,0,2,1,1,32.96,0,1,0.0,Ireland,Alaris GP #264,Medtronic,Alaris,2015-12-23,30,2
PRK342,Radiographic System,10,1,0,1,1,1,0.0,0,2,0.0,Netherlands,DigitalDiagnost #315,Koninklijke Philips N.V.,Philips,2013-08-03,,1
PRK319,Infusion Pump,10,1,0,2,1,1,0.0,1,2,0.0,USA,Sigma Spectrum #526,Baxter Healthcare Corp,Sigma,1998-08-20,,1
PRK358,Infusion Pump,7,1,0,2,3,1,1974.6,1,2,4218.01,USA,Sigma Spectrum #547,Baxter Healthcare Corp,Sigma,2010-12-18,47,2
PRK300,Ventilator,3,1,0,3,1,1,0.0,0,2,0.0,USA,Carestation 650 #177,Datex-Ohmeda Inc,Carestation,2018-02-12,,1
PRK340,Infusion Pump,6,1,0,2,1,1,0.0,0,2,0.0,USA,Sigma Spectrum #684,Baxter Healthcare Corp,Sigma,2016-04-25,,1
PRK340,Infusion Pump,12,1,2,2,1,1,72.59,0,2,182.5,Germany,Infusomat Space #201,B. Braun Melsungen AG,Infusomat,2018-03-28,21,3
PRK320,Sphygmomanometers,6,0,0,1,1,1,7.22,1,2,194.72,USA,DS66 #903,Welch Allyn Inc,Welch Allyn,2017-01-12,14,3
PRK360,Infusion Pump,8,0,0,2,2,1,37.1,0,2,277.67,Germany,Infusomat Space #237,B. Braun Melsungen AG,Infusomat,2011-07-24,8,2
PRK310,Infusion Pump,20,1,1,2,1,1,145.17,0,2,1799.51,USA,Sigma Spectrum #970,Baxter Healthcare Corp,Sigma,2005-10-13,25,2
PRK311,Infusion Pump,8,0,0,2,1,1,176.2,1,2,449.7,Germany,Infusomat Space #279,B. Braun Melsungen AG,Infusomat,2003-11-29,46,2
PRK341,Sphygmomanometers,9,1,0,1,1,1,148.0,0,2,1236.4,Japan,HEM-907 #317,Omron Healthcare Co Ltd,Omron,2014-12-21,36,2
PRK333,Infusion Pump,9,1,0,2,1,1,23.3,0,2,779.3,Germany,Infusomat Space #109,B. Braun Melsungen AG,Infusomat,2005-06-15,11,3
PRK319,Infusion Pump,6,0,0,2,1,1,68.7,0,1,0.0,USA,Sigma Spectrum #19,Baxter Healthcare Corp,Sigma,2013-08-15,20,2
PRK319,Infusion Pump,16,1,0,2,1,1,0.0,0,2,0.0,Germany,Infusomat Space #584,B. Braun Melsungen AG,Infusomat,2005-11-26,,1
PRK311,Infusion Pump,3,1,0,2,2,1,263.51,0,2,15296.29,USA,Sigma Spectrum #823,Baxter Healthcare Corp,Sigma,2001-04-18,10,2
PRK358,Sphygmomanometers,6,1,0,1,1,1,114.85,0,2,2683.21,Malaysia,MV-BP100 #440,Med-Vantage Sdn Bhd,MedVantage,2007-07-18,10,2
PRK340,Infusion Pump,10,1,1,2,1,1,0.0,0,2,12493.23,USA,Sigma Spectrum #83,Baxter Healthcare Corp,Sigma,1998-02-08,16,2
PRK319,Sphygmomanometers,7,0,0,1,1,1,97.96,1,2,206.41,Malaysia,MV-BP100 #20,Med-Vantage Sdn Bhd,MedVantage,2010-10-24,31,3
PRK326,Infusion Pump,24,1,1,2,1,1,11.65,0,2,1418.23,Germany,Infusomat Space #668,B. Braun Melsungen AG,Infusomat,2004-07-05,4,2
PRK358,Infusion Pump,9,1,0,2,1,1,6.15,0,2,160.21,Germany,Infusomat Space #35,B. Braun Melsungen AG,Infusomat,2005-08-25,46,2
PRK358,Defibrillator,8,0,0,3,1,1,72.35,0,2,2981.52,Netherlands,HeartStart XL #28,Koninklijke Philips N.V.,HeartStart,2019-07-19,25,2
PRK300,Infusion Pump,4,1,0,2,1,1,0.82,1,2,24383.08,USA,Sigma Spectrum #749,Baxter Healthcare Corp,Sigma,2007-12-11,20,2
PRK341,Infusion Pump,7,0,0,2,1,1,26.15,0,2,21648.9,Ireland,Alaris GP #686,Medtronic,Alaris,2006-07-11,54,2
PRK311,Defibrillator,15,1,0,3,1,1,18.97,0,2,718.94,Netherlands,HeartStart XL #827,Koninklijke Philips N.V.,HeartStart,2006-03-05,29,3
PRK319,Infusion Pump,5,1,0,2,1,1,12.8,1,2,3602.77,Ireland,Alaris GP #490,Medtronic,Alaris,2018-07-25,22,3
PRK358,Infusion Pump,2,1,0,2,1,1,69.74,0,1,2175.91,USA,Sigma Spectrum #982,Baxter Healthcare Corp,Sigma,2016-02-02,11,2
PRK358,Sphygmomanometers,8,0,0,1,1,1,8.39,0,1,911.69,USA,DS66 #49,Welch Allyn Inc,Welch Allyn,2011-03-06,9,2
PRK300,Infusion Pump,9,1,0,2,2,1,0.0,1,2,0.0,Germany,Infusomat Space #56,B. Braun Melsungen AG,Infusomat,2012-08-08,,1
PRK358,Infusion Pump,6,1,0,2,2,1,130.62,0,1,112.39,USA,Sigma Spectrum #448,Baxter Healthcare Corp,Sigma,2015-08-17,45,2
PRK342,Infusion Pump,21,1,0,2,1,1,27.93,0,2,19.34,USA,Sigma Spectrum #493,Baxter Healthcare Corp,Sigma,2015-06-20,3,2
PRK342,Infusion Pump,30,1,1,2,1,1,98.67,0,1,0.0,Germany,Infusomat Space #927,B. Braun Melsungen AG,Infusomat,2009-10-24,8,3
PRK350,Infusion Pump,10,1,0,2,1,1,73.88,1,2,53.34,USA,Sigma Spectrum #89,Baxter Healthcare Corp,Sigma,1998-10-31,21,2
PRK333,Physiologic Monitoring System,7,1,0,1,1,1,140.15,1,2,94.55,USA,CARESCAPE #891,GE Healthcare,GE,2015-02-11,40,3
PRK360,Infusion Pump,12,1,0,2,1,1,79.24,0,2,240.97,Germany,Infusomat Space #560,B. Braun Melsungen AG,Infusomat,2017-04-12,8,2
PRK312,Physiologic Monitoring System,21,1,2,1,1,1,153.93,0,2,21123.25,Netherlands,IntelliVue #715,Koninklijke Philips N.V.,Philips,2011-06-22,22,2
PRK333,Infusion Pump,5,1,0,2,1,1,1139.69,0,2,568.82,USA,Sigma Spectrum #640,Baxter Healthcare Corp,Sigma,2001-12-13,40,3
PRK319,Infusion Pump,15,1,0,2,1,1,0.0,0,2,0.0,Ireland,Alaris GP #671,Medtronic,Alaris,2003-12-21,,1
PRK358,Infusion Pump,8,1,0,2,1,1,147.86,0,1,38.97,Germany,Infusomat Space #534,B. Braun Melsungen AG,Infusomat,2004-05-14,5,3
PRK300,Physiologic Monitoring System,18,1,0,1,1,1,66.03,0,2,441.56,Japan,Life Scope #589,Nihon Kohden Corp,Nihon Kohden,2004-07-12,9,3
PRK330,Infusion Pump,4,1,0,2,1,1,1.79,0,2,404.59,USA,Sigma Spectrum #228,Baxter Healthcare Corp,Sigma,2011-08-03,54,3
PRK342,Infusion Pump,22,1,0,2,1,1,0.0,0,2,0.0,USA,Sigma Spectrum #611,Baxter Healthcare Corp,Sigma,2015-09-19,,1
PRK319,Ventilator,10,1,2,3,1,1,608.32,0,2,903.63,UK,Blease 8200p #448,Blease Medical Equipment Ltd,Blease,2005-04-10,18,3
PRK319,Physiologic Monitoring System,12,1,0,1,1,1,0.0,0,2,0.0,USA,CARESCAPE #824,GE Healthcare,GE,2005-02-26,,1
PRK319,Infusion Pump,3,0,0,2,1,1,0.0,0,2,0.0,Ireland,Alaris GP #459,Medtronic,Alaris,2013-02-16,,1
PRK342,Defibrillator,3,0,0,3,1,1,0.0,0,2,0.0,USA,Lifepak 20e #256,Physio-Control Inc,Lifepak,2010-08-16,,1
PRK319,Infusion Pump,11,1,1,2,2,1,0.0,0,2,0.0,USA,Sigma Spectrum #919,Baxter Healthcare Corp,Sigma,2008-10-13,,1
PRK330,Infusion Pump,13,1,0,2,1,1,188.32,0,2,486.33,Ireland,Alaris GP #462,Medtronic,Alaris,2019-03-23,22,2
PRK340,Infusion Pump,7,1,0,2,1,1,22.66,0,1,1602.53,Ireland,Alaris GP #247,Medtronic,Alaris,2001-05-09,23,3
PRK358,Infusion Pump,14,1,0,2,1,1,73.95,0,1,43455.83,Ireland,Alaris GP #345,Medtronic,Alaris,2008-04-30,13,2
PRK350,Infusion Pump,3,1,0,2,1,1,8.7,1,2,0.0,Ireland,Alaris GP #500,Medtronic,Alaris,2011-01-03,28,2
PRK312,Physiologic Monitoring System,2,1,0,1,1,1,80.26,1,2,2953.13,Netherlands,IntelliVue #392,Koninklijke Philips N.V.,Philips,2008-01-12,16,2
PRK358,Infusion Pump,9,1,0,2,1,1,0.72,1,2,55.55,USA,Sigma Spectrum #875,Baxter Healthcare Corp,Sigma,2010-05-16,7,3
PRK358,Ventilator,3,0,0,3,1,1,25.0,0,2,73.08,USA,Smartvent 7900 #213,Datex-Ohmeda Inc,Smartvent,2013-07-09,22,2
PRK342,Sphygmomanometers,2,0,0,1,2,1,13.72,1,2,219.83,USA,DS66 #381,Welch Allyn Inc,Welch Allyn,2010-05-07,26,2
PRK333,Physiologic Monitoring System,4,0,0,1,1,1,14.63,0,2,179309.97,Japan,Life Scope #92,Nihon Kohden Corp,Nihon Kohden,1992-01-02,27,3
PRK300,Physiologic Monitoring System,12,0,0,1,1,1,0.0,0,2,0.0,Netherlands,IntelliVue #414,Koninklijke Philips N.V.,Philips,2016-08-30,,1
PRK342,Physiologic Monitoring System,10,1,0,1,1,1,15.69,0,2,580.01,Netherlands,IntelliVue #562,Koninklijke Philips N.V.,Philips,2004-02-19,5,2
PRK333,Radiographic System,21,0,1,1,1,1,86.79,0,2,1015.63,Germany,Somatom #236,Siemens Healthineers,Siemens,2010-03-11,7,2
PRK319,Infusion Pump,11,1,1,2,1,1,0.0,0,2,0.0,Ireland,Alaris GP #575,Medtronic,Alaris,2001-05-30,,1
PRK300,Infusion Pump,3,1,0,2,1,1,0.0,0,2,0.0,Ireland,Alaris GP #630,Medtronic,Alaris,2012-01-18,,1
PRK319,Infusion Pump,13,0,0,2,1,1,0.0,1,2,780.41,USA,Sigma Spectrum #785,Baxter Healthcare Corp,Sigma,2016-05-03,6,2
PRK341,Infusion Pump,5,0,0,2,1,1,91.75,0,2,388.81,USA,Sigma Spectrum #393,Baxter Healthcare Corp,Sigma,2004-10-09,13,3
PRK311,Infusion Pump,7,0,0,2,1,1,107.92,0,2,124.44,Ireland,Alaris GP #374,Medtronic,Alaris,2004-06-16,28,2
PRK341,Physiologic Monitoring System,5,0,0,1,1,1,87.28,1,2,369.83,Japan,Life Scope #787,Nihon Kohden Corp,Nihon Kohden,2016-01-18,20,3
PRK358,Infusion Pump,3,1,0,2,1,1,0.0,0,2,0.0,Ireland,Alaris GP #455,Medtronic,Alaris,2009-06-14,,1
PRK319,Sphygmomanometers,30,1,0,1,1,1,0.0,0,2,0.0,USA,DS66 #617,Welch Allyn Inc,Welch Allyn,2009-12-26,,1
PRK300,Infusion Pump,4,1,0,2,1,1,11.47,0,2,16286.56,Germany,Infusomat Space #926,B. Braun Melsungen AG,Infusomat,2011-04-22,31,3
PRK311,Infusion Pump,2,1,0,2,1,1,12.03,0,2,156.33,USA,Sigma Spectrum #583,Baxter Healthcare Corp,Sigma,2008-09-06,10,2
PRK320,Infusion Pump,14,1,0,2,1,1,180.18,1,2,1127.34,Germany,Infusomat Space #889,B. Braun Melsungen AG,Infusomat,2015-09-27,16,2
PRK350,Infusion Pump,1,1,0,2,1,1,0.0,0,2,0.0,Ireland,Alaris GP #699,Medtronic,Alaris,2011-07-26,,1
PRK341,Infusion Pump,8,0,0,2,1,1,0.0,0,2,0.0,USA,Sigma Spectrum #280,Baxter Healthcare Corp,Sigma,2016-10-04,,1
PRK358,Infusion Pump,15,1,0,2,1,1,24.74,0,2,19.03,Ireland,Alaris GP #46,Medtronic,Alaris,2001-09-03,26,2
PRK360,Infusion Pump,3,1,0,2,1,1,73.36,0,2,1956.39,Germany,Infusomat Space #981,B. Braun Melsungen AG,Infusomat,2006-02-28,29,2
PRK312,Infusion Pump,9,1,0,2,1,1,0.0,0,2,0.0,Ireland,Alaris GP #237,Medtronic,Alaris,2018-03-20,,1
PRK342,Infusion Pump,7,1,0,2,1,1,164.13,0,2,0.0,Germany,Infusomat Space #904,B. Braun Melsungen AG,Infusomat,2020-05-07,30,3
PRK333,Infusion Pump,4,0,0,2,1,1,0.0,0,2,0.0,USA,Sigma Spectrum #365,Baxter Healthcare Corp,Sigma,2008-11-05,,1
PRK333,Infusion Pump,21,1,2,2,1,1,99.41,0,2,6170.97,USA,Sigma Spectrum #105,Baxter Healthcare Corp,Sigma,1994-03-21,7,2
PRK320,Infusion Pump,7,0,0,2,1,1,49.06,0,2,21.56,USA,Sigma Spectrum #802,Baxter Healthcare Corp,Sigma,2002-07-07,27,2
PRK320,Infusion Pump,14,1,0,2,1,1,72.86,1,2,0.0,Germany,Infusomat Space #643,B. Braun Melsungen AG,Infusomat,2004-11-14,32,2
PRK342,Infusion Pump,16,1,0,2,2,1,29.06,0,2,226786.77,Germany,Infusomat Space #67,B. Braun Melsungen AG,Infusomat,1998-10-15,20,2
PRK341,Infusion Pump,7,0,0,2,1,1,0.0,0,2,0.0,Germany,Infusomat Space #262,B. Braun Melsungen AG,Infusomat,2020-06-18,,1
PRK319,Physiologic Monitoring System,4,0,0,1,1,1,303.85,1,2,354.74,Netherlands,IntelliVue #324,Koninklijke Philips N.V.,Philips,2012-02-29,37,2
PRK311,Radiographic System,17,1,2,1,1,1,36.93,0,2,303.06,Netherlands,DigitalDiagnost #645,Koninklijke Philips N.V.,Philips,2006-07-13,25,2
PRK341,Sphygmomanometers,8,1,0,1,1,1,0.0,0,2,0.0,USA,DS66 #697,Welch Allyn Inc,Welch Allyn,2012-12-08,,1
PRK342,Infusion Pump,8,1,0,2,1,1,0.0,1,2,0.0,Germany,Infusomat Space #638,B. Braun Melsungen AG,Infusomat,2008-05-16,,1
PRK340,Infusion Pump,6,0,0,2,1,1,52.67,1,1,216.1,USA,Sigma Spectrum #614,Baxter Healthcare Corp,Sigma,2008-06-26,22,2
PRK300,Infusion Pump,16,1,0,2,1,1,15.31,0,2,453.37,Ireland,Alaris GP #933,Medtronic,Alaris,2016-06-11,22,3
PRK319,Ventilator,3,0,0,3,1,1,0.0,0,2,0.0,USA,Carestation 650 #796,Datex-Ohmeda Inc,Carestation,2014-11-19,,1
PRK342,Physiologic Monitoring System,8,1,0,1,1,1,281.76,1,2,3482.68,Netherlands,IntelliVue #755,Koninklijke Philips N.V.,Philips,2016-07-10,16,2
PRK342,Ventilator,4,0,0,3,1,1,42.46,1,2,7620.08,USA,Smartvent 7900 #411,Datex-Ohmeda Inc,Smartvent,2004-01-05,51,2
PRK300,Defibrillator,6,0,0,3,1,1,0.0,0,2,0.0,USA,Lifepak 20e #501,Physio-Control Inc,Lifepak,2001-09-20,,1
PRK333,Infusion Pump,18,1,0,2,1,1,1004.63,0,2,285.84,USA,Sigma Spectrum #244,Baxter Healthcare Corp,Sigma,2012-05-14,16,2
PRK330,Physiologic Monitoring System,18,1,1,1,1,1,6.22,0,2,1466.89,Japan,Life Scope #583,Nihon Kohden Corp,Nihon Kohden,2010-04-06,26,3
PRK341,Ventilator,7,1,0,3,1,1,10.06,1,2,1642.61,USA,Carestation 650 #463,Datex-Ohmeda Inc,Carestation,2002-08-31,36,3
PRK311,Infusion Pump,11,0,0,2,1,1,93.51,1,2,321.2,Germany,Infusomat Space #902,B. Braun Melsungen AG,Infusomat,2012-08-30,27,2
PRK341,Sphygmomanometers,10,1,0,1,2,1,2.49,0,2,9035.25,Japan,HEM-907 #345,Omron Healthcare Co Ltd,Omron,2011-09-20,15,2
PRK360,Infusion Pump,4,1,0,2,1,1,136.7,0,2,0.0,Ireland,Alaris GP #337,Medtronic,Alaris,2012-12-09,43,2
PRK320,Radiographic System,13,1,0,1,1,1,12.88,0,2,6424.61,Japan,Aquilion #354,Canon Inc (Toshiba Medical),Canon,2013-08-29,16,2
PRK320,Physiologic Monitoring System,4,1,0,1,1,1,24.14,0,2,1363.43,Netherlands,IntelliVue #352,Koninklijke Philips N.V.,Philips,2012-12-20,19,2
PRK300,Infusion Pump,6,0,0,2,1,1,0.0,0,2,0.0,Ireland,Alaris GP #532,Medtronic,Alaris,2017-02-21,,1
PRK300,Physiologic Monitoring System,2,0,0,1,1,1,5.67,0,2,3.84,Netherlands,IntelliVue #72,Koninklijke Philips N.V.,Philips,2008-12-15,55,2
PRK358,Infusion Pump,14,1,0,2,1,1,1.51,0,2,0.0,USA,Sigma Spectrum #351,Baxter Healthcare Corp,Sigma,2000-09-07,21,2
PRK360,Physiologic Monitoring System,16,1,0,1,1,1,1.2,1,2,91.7,USA,CARESCAPE #850,GE Healthcare,GE,2010-09-27,33,2
PRK300,Ventilator,11,1,0,3,1,1,90.61,0,2,550.47,USA,Smartvent 7900 #132,Datex-Ohmeda Inc,Smartvent,2008-11-12,35,2
PRK358,Physiologic Monitoring System,9,1,0,1,1,1,247.04,0,2,44.9,USA,CARESCAPE #860,GE Healthcare,GE,2002-10-25,25,3
PRK312,Defibrillator,6,0,0,3,1,1,7.87,1,2,45.66,Netherlands,HeartStart XL #38,Koninklijke Philips N.V.,HeartStart,2012-07-19,11,2
PRK340,Infusion Pump,14,0,0,2,1,1,368.25,0,2,5.86,USA,Sigma Spectrum #749,Baxter Healthcare Corp,Sigma,2015-12-26,28,3
PRK342,Infusion Pump,24,0,1,2,2,1,48.1,0,2,26.44,Ireland,Alaris GP #530,Medtronic,Alaris,2016-06-29,6,2
PRK320,Infusion Pump,4,1,0,2,1,1,57.9,0,2,0.0,Germany,Infusomat Space #967,B. Braun Melsungen AG,Infusomat,2020-08-18,15,2
PRK333,Infusion Pump,7,1,0,2,1,1,284.18,1,2,162.7,USA,Sigma Spectrum #289,Baxter Healthcare Corp,Sigma,2019-10-27,32,2
PRK341,Infusion Pump,3,0,0,2,1,1,0.0,0,2,0.0,Germany,Infusomat Space #862,B. Braun Melsungen AG,Infusomat,2015-11-20,,1
PRK312,Infusion Pump,9,1,0,2,1,1,0.0,0,1,0.0,Ireland,Alaris GP #766,Medtronic,Alaris,2004-04-15,,1
PRK360,Infusion Pump,6,1,0,2,1,1,1.93,0,2,0.0,Germany,Infusomat Space #23,B. Braun Melsungen AG,Infusomat,2016-10-05,20,2
PRK319,Infusion Pump,8,1,0,2,1,1,2.84,0,2,329.56,Germany,Infusomat Space #611,B. Braun Melsungen AG,Infusomat,2015-05-22,15,3
PRK300,Defibrillator,14,1,0,3,1,1,3.78,0,2,0.0,Netherlands,HeartStart XL #85,Koninklijke Philips N.V.,HeartStart,2016-06-23,10,3
PRK358,Infusion Pump,17,1,0,2,1,1,0.0,0,2,0.0,Germany,Infusomat Space #801,B. Braun Melsungen AG,Infusomat,2005-12-26,,1
PRK330,Defibrillator,3,0,0,3,1,1,166.43,0,2,10419.87,USA,Lifepak 20e #457,Physio-Control Inc,Lifepak,2003-11-13,9,2
PRK326,Infusion Pump,10,0,1,2,1,1,244.32,0,2,1684.08,Germany,Infusomat Space #314,B. Braun Melsungen AG,Infusomat,2014-04-15,41,2
PRK319,Infusion Pump,21,0,0,2,2,1,46.15,0,2,15917.57,Ireland,Alaris GP #401,Medtronic,Alaris,1999-05-08,22,2
PRK300,Infusion Pump,12,1,0,2,1,1,0.0,0,1,0.0,Ireland,Alaris GP #599,Medtronic,Alaris,2008-12-08,,1
PRK319,Infusion Pump,4,0,0,2,1,1,120.67,1,2,237.69,Germany,Infusomat Space #17,B. Braun Melsungen AG,Infusomat,2018-03-14,8,2
PRK326,Infusion Pump,17,1,0,2,2,1,37.39,0,2,552.84,Ireland,Alaris GP #959,Medtronic,Alaris,2007-09-29,30,2
PRK333,Infusion Pump,13,1,1,2,1,1,70.43,0,2,209.83,Germany,Infusomat Space #453,B. Braun Melsungen AG,Infusomat,2000-09-15,12,3
PRK330,Infusion Pump,12,1,0,2,1,1,0.0,0,2,0.0,Germany,Infusomat Space #239,B. Braun Melsungen AG,Infusomat,2012-01-11,,1
PRK358,Infusion Pump,7,1,0,2,1,1,43.65,0,1,106.1,USA,Sigma Spectrum #936,Baxter Healthcare Corp,Sigma,2000-08-04,42,3
PRK358,Physiologic Monitoring System,11,1,2,1,1,1,1874.58,0,2,1391.52,Netherlands,IntelliVue #947,Koninklijke Philips N.V.,Philips,2016-11-12,7,3
PRK319,Infusion Pump,30,1,1,2,1,1,245.66,1,1,8952.96,USA,Sigma Spectrum #205,Baxter Healthcare Corp,Sigma,2008-02-17,3,2
PRK360,Ventilator,1,0,0,3,1,1,114.31,0,2,1082.01,UK,Blease 8200p #179,Blease Medical Equipment Ltd,Blease,2010-10-25,14,2
PRK358,Infusion Pump,6,1,0,2,1,1,24.23,0,2,767.96,Ireland,Alaris GP #209,Medtronic,Alaris,2004-06-15,39,2
PRK358,Sphygmomanometers,6,0,0,1,1,1,53.91,0,2,1688.0,USA,DS66 #152,Welch Allyn Inc,Welch Allyn,2014-01-28,35,2
PRK342,Ventilator,1,0,0,3,1,1,282.56,0,2,133.29,UK,Blease 8200p #294,Blease Medical Equipment Ltd,Blease,2005-09-02,11,2
PRK312,Sphygmomanometers,30,1,0,1,1,1,67.11,1,2,4.37,Japan,HEM-907 #734,Omron Healthcare Co Ltd,Omron,2003-08-10,4,2
PRK312,Ventilator,3,0,0,3,1,1,0.0,1,2,0.0,USA,Carestation 650 #828,Datex-Ohmeda Inc,Carestation,2017-07-27,,1
PRK358,Infusion Pump,3,1,0,2,1,1,0.0,0,2,0.0,USA,Sigma Spectrum #979,Baxter Healthcare Corp,Sigma,2008-08-05,,1
PRK333,Infusion Pump,2,0,0,2,2,1,24.92,0,2,1410.54,Ireland,Alaris GP #981,Medtronic,Alaris,2016-05-07,13,2
PRK358,Infusion Pump,6,0,0,2,2,1,0.0,0,2,0.0,USA,Sigma Spectrum #811,Baxter Healthcare Corp,Sigma,2005-07-02,,1
PRK342,Ventilator,12,1,0,3,1,1,0.0,0,2,109.85,UK,Blease 8200p #71,Blease Medical Equipment Ltd,Blease,2012-12-09,25,2
PRK319,Physiologic Monitoring System,8,1,0,1,1,1,675.48,1,2,3696.4,USA,CARESCAPE #62,GE Healthcare,GE,2011-07-17,16,3
PRK326,Infusion Pump,4,0,0,2,1,1,75.39,1,2,1609.7,USA,Sigma Spectrum #457,Baxter Healthcare Corp,Sigma,2014-11-17,36,2
PRK360,Sphygmomanometers,11,1,0,1,1,1,603.34,0,2,10416.5,Japan,HEM-907 #179,Omron Healthcare Co Ltd,Omron,2013-09-20,31,3
PRK300,Infusion Pump,8,1,0,2,1,1,41.88,0,2,515.47,Ireland,Alaris GP #299,Medtronic,Alaris,2016-04-18,41,3
PRK342,Physiologic Monitoring System,19,0,0,1,1,1,0.92,0,1,19.43,USA,CARESCAPE #692,GE Healthcare,GE,2014-08-10,16,2
PRK360,Physiologic Monitoring System,5,0,0,1,1,1,0.0,0,2,0.0,Japan,Life Scope #754,Nihon Kohden Corp,Nihon Kohden,2012-04-20,,1
PRK310,Infusion Pump,5,0,0,2,1,1,14.45,0,1,2665.24,Ireland,Alaris GP #862,Medtronic,Alaris,2010-12-06,8,2
PRK319,Physiologic Monitoring System,15,1,0,1,1,1,10.16,0,2,169.73,Netherlands,IntelliVue #197,Koninklijke Philips N.V.,Philips,2013-05-13,13,3
PRK340,Ventilator,3,0,0,3,2,1,112.26,1,2,4813.96,USA,Carestation 650 #452,Datex-Ohmeda Inc,Carestation,2007-07-11,49,2
PRK358,Infusion Pump,2,0,0,2,1,1,0.0,1,2,0.0,Germany,Infusomat Space #985,B. Braun Melsungen AG,Infusomat,2012-03-21,,1
PRK333,Infusion Pump,8,1,0,2,1,1,3.52,0,2,10919.62,USA,Sigma Spectrum #660,Baxter Healthcare Corp,Sigma,2010-03-27,5,2
PRK300,Infusion Pump,12,1,0,2,2,1,15.0,0,2,1126.68,USA,Sigma Spectrum #910,Baxter Healthcare Corp,Sigma,2001-10-23,27,2
PRK311,Physiologic Monitoring System,2,0,0,1,1,1,208.55,0,2,251.17,Japan,Life Scope #430,Nihon Kohden Corp,Nihon Kohden,2011-09-08,31,2
PRK326,Infusion Pump,16,1,0,2,1,1,0.0,0,2,0.0,Ireland,Alaris GP #417,Medtronic,Alaris,2006-12-15,,1
PRK320,Sphygmomanometers,2,0,0,1,1,1,9.06,0,2,6162.56,Japan,HEM-907 #476,Omron Healthcare Co Ltd,Omron,2008-05-29,17,2
PRK319,Defibrillator,5,0,0,3,1,1,22.12,1,2,107.24,USA,Lifepak 20e #857,Physio-Control Inc,Lifepak,2015-12-23,49,2
PRK358,Infusion Pump,8,1,0,2,1,1,326.67,0,2,747.5,Germany,Infusomat Space #844,B. Braun Melsungen AG,Infusomat,2014-04-21,38,3
PRK300,Infusion Pump,21,1,0,2,1,1,0.0,0,2,0.0,Ireland,Alaris GP #173,Medtronic,Alaris,2014-04-24,,1
PRK358,Physiologic Monitoring System,21,1,0,1,1,1,0.0,0,2,0.0,Japan,Life Scope #805,Nihon Kohden Corp,Nihon Kohden,2007-03-30,,1
PRK358,Physiologic Monitoring System,9,1,2,1,1,1,0.0,0,1,0.0,Netherlands,IntelliVue #844,Koninklijke Philips N.V.,Philips,2006-08-16,,1
PRK341,Infusion Pump,6,1,0,2,1,1,2.32,1,2,2843.34,USA,Sigma Spectrum #588,Baxter Healthcare Corp,Sigma,1996-08-26,51,2
PRK341,Infusion Pump,6,1,0,2,1,1,36.35,0,2,6709.33,Ireland,Alaris GP #460,Medtronic,Alaris,2004-07-02,45,3
PRK311,Infusion Pump,28,1,2,2,1,1,276.93,0,2,143.74,USA,Sigma Spectrum #208,Baxter Healthcare Corp,Sigma,2002-03-23,5,3
PRK340,Radiographic System,18,1,0,1,1,1,0.0,0,2,0.0,Germany,Somatom #343,Siemens Healthineers,Siemens,2005-11-01,,1
PRK326,Infusion Pump,11,1,0,2,1,1,1.36,0,2,1123.91,USA,Sigma Spectrum #448,Baxter Healthcare Corp,Sigma,2018-01-27,15,2
PRK319,Defibrillator,10,1,1,3,1,1,0.0,0,2,150.17,Netherlands,HeartStart XL #783,Koninklijke Philips N.V.,HeartStart,2005-07-18,10,2
PRK341,Infusion Pump,9,0,0,2,1,1,0.0,0,2,0.0,Ireland,Alaris GP #697,Medtronic,Alaris,2005-10-03,,1
PRK300,Defibrillator,1,0,0,3,1,1,48.11,0,2,22324.86,Netherlands,HeartStart XL #194,Koninklijke Philips N.V.,HeartStart,2009-04-11,56,2
PRK319,Infusion Pump,0,1,0,2,1,1,0.0,0,2,0.0,Germany,Infusomat Space #42,B. Braun Melsungen AG,Infusomat,2001-02-20,,1
PRK341,Infusion Pump,7,1,0,2,1,1,0.0,1,2,250.72,Germany,Infusomat Space #684,B. Braun Melsungen AG,Infusomat,2020-06-01,30,3
PRK330,Sphygmomanometers,3,0,0,1,2,1,2485.46,0,2,370.32,Japan,HEM-907 #608,Omron Healthcare Co Ltd,Omron,1996-07-01,30,2
PRK311,Sphygmomanometers,10,1,0,1,1,1,0.0,0,2,0.0,Malaysia,MV-BP100 #425,Med-Vantage Sdn Bhd,MedVantage,2013-06-04,,1
PRK300,Infusion Pump,9,0,0,2,1,1,3.54,1,2,222.49,USA,Sigma Spectrum #621,Baxter Healthcare Corp,Sigma,2006-01-03,45,2
PRK319,Infusion Pump,2,1,0,2,1,1,20.67,0,2,109.94,USA,Sigma Spectrum #609,Baxter Healthcare Corp,Sigma,2009-09-11,39,2
PRK340,Infusion Pump,10,1,0,2,1,1,118.97,0,2,944.9,USA,Sigma Spectrum #590,Baxter Healthcare Corp,Sigma,2014-11-18,41,3
PRK340,Infusion Pump,10,0,0,2,1,1,0.0,0,2,0.0,Germany,Infusomat Space #407,B. Braun Melsungen AG,Infusomat,2020-01-19,,1
PRK311,Infusion Pump,10,0,1,2,2,1,168.91,0,2,1902.04,Ireland,Alaris GP #494,Medtronic,Alaris,2015-05-21,44,2
PRK341,Defibrillator,5,1,0,3,1,1,0.0,0,2,0.0,Netherlands,HeartStart XL #37,Koninklijke Philips N.V.,HeartStart,2014-01-29,,1
PRK360,Infusion Pump,12,0,0,2,1,1,80.85,0,2,53.94,USA,Sigma Spectrum #443,Baxter Healthcare Corp,Sigma,2011-11-14,8,3
PRK341,Physiologic Monitoring System,12,1,1,1,2,1,4544.83,0,2,71.88,USA,CARESCAPE #109,GE Healthcare,GE,2012-10-26,18,2
PRK333,Infusion Pump,11,1,0,2,1,1,21.84,0,2,1418.69,Germany,Infusomat Space #661,B. Braun Melsungen AG,Infusomat,2013-07-21,33,2
PRK341,Infusion Pump,7,0,0,2,1,1,0.0,0,2,0.0,Ireland,Alaris GP #1,Medtronic,Alaris,2009-01-18,,1
PRK358,Physiologic Monitoring System,22,1,0,1,1,1,0.0,0,2,0.0,USA,CARESCAPE #360,GE Healthcare,GE,2015-10-31,,1
PRK360,Infusion Pump,19,1,0,2,1,1,4027.91,0,2,189.17,Germany,Infusomat Space #452,B. Braun Melsungen AG,Infusomat,2000-07-28,24,2
PRK300,Physiologic Monitoring System,9,1,0,1,1,1,209.8,0,2,41.34,USA,CARESCAPE #902,GE Healthcare,GE,2012-04-16,12,2
PRK319,Infusion Pump,5,1,0,2,1,1,54.27,0,2,567.96,Ireland,Alaris GP #388,Medtronic,Alaris,2013-10-10,22,2
PRK311,Sphygmomanometers,4,0,0,1,1,1,19.6,0,2,3217.6,Japan,HEM-907 #42,Omron Healthcare Co Ltd,Omron,2006-03-25,34,2
PRK342,Physiologic Monitoring System,12,0,0,1,1,1,507.39,0,2,140.48,Netherlands,IntelliVue #599,Koninklijke Philips N.V.,Philips,2011-12-21,33,2
PRK300,Defibrillator,3,1,0,3,2,1,0.0,0,2,0.0,Netherlands,HeartStart XL #900,Koninklijke Philips N.V.,HeartStart,2006-06-01,,1
PRK358,Infusion Pump,13,1,0,2,1,1,0.0,0,1,0.0,Germany,Infusomat Space #442,B. Braun Melsungen AG,Infusomat,2018-10-27,,1
PRK300,Infusion Pump,2,1,0,2,1,1,28.01,0,2,107.09,Ireland,Alaris GP #895,Medtronic,Alaris,2013-04-03,14,2
PRK341,Infusion Pump,8,1,0,2,1,1,15.35,0,2,462.93,USA,Sigma Spectrum #468,Baxter Healthcare Corp,Sigma,2019-04-29,31,3
PRK319,Infusion Pump,12,1,0,2,2,1,3.26,0,2,949.76,USA,Sigma Spectrum #686,Baxter Healthcare Corp,Sigma,2010-03-04,16,2
PRK333,Infusion Pump,4,0,0,2,1,1,0.0,0,2,0.0,Germany,Infusomat Space #556,B. Braun Melsungen AG,Infusomat,2015-02-12,,1
PRK330,Infusion Pump,16,1,0,2,1,1,0.0,1,2,0.0,Germany,Infusomat Space #814,B. Braun Melsungen AG,Infusomat,2004-04-18,,1
PRK342,Infusion Pump,6,0,0,2,1,1,428.34,0,2,1110.77,Germany,Infusomat Space #312,B. Braun Melsungen AG,Infusomat,2017-05-07,4,2
PRK333,Infusion Pump,8,1,0,2,1,1,0.0,1,2,0.0,USA,Sigma Spectrum #456,Baxter Healthcare Corp,Sigma,2013-05-11,,1
PRK330,Infusion Pump,1,1,0,2,1,1,0.0,1,2,0.0,Germany,Infusomat Space #655,B. Braun Melsungen AG,Infusomat,2016-08-21,,1
PRK342,Infusion Pump,2,1,0,2,1,1,0.0,0,2,0.0,USA,Sigma Spectrum #243,Baxter Healthcare Corp,Sigma,1998-04-10,,1
PRK358,Infusion Pump,1,0,0,2,1,1,250.49,0,2,1671.19,Germany,Infusomat Space #993,B. Braun Melsungen AG,Infusomat,2002-06-02,43,2
PRK350,Physiologic Monitoring System,14,0,0,1,1,1,36.27,0,2,11.11,USA,CARESCAPE #433,GE Healthcare,GE,1999-08-12,13,2
PRK342,Infusion Pump,6,0,0,2,1,1,0.0,1,2,0.0,Ireland,Alaris GP #939,Medtronic,Alaris,2011-10-11,,1
PRK333,Infusion Pump,17,1,0,2,1,1,79.81,0,2,5230.8,Germany,Infusomat Space #840,B. Braun Melsungen AG,Infusomat,2012-09-30,30,2
PRK358,Infusion Pump,1,0,0,2,1,1,153.72,1,2,192.04,Germany,Infusomat Space #489,B. Braun Melsungen AG,Infusomat,2008-06-28,25,2
PRK333,Physiologic Monitoring System,11,0,0,1,1,1,0.0,0,2,0.0,Japan,Life Scope #586,Nihon Kohden Corp,Nihon Kohden,2017-08-03,,1
PRK358,Infusion Pump,1,0,0,2,2,1,12.63,0,2,1818.38,Germany,Infusomat Space #546,B. Braun Melsungen AG,Infusomat,2018-09-08,51,2
PRK350,Physiologic Monitoring System,4,0,0,1,1,1,59.39,0,2,492.14,Japan,Life Scope #860,Nihon Kohden Corp,Nihon Kohden,2015-06-22,11,3
PRK311,Sphygmomanometers,7,0,0,1,1,1,0.0,0,2,0.0,Japan,HEM-907 #696,Omron Healthcare Co Ltd,Omron,2005-07-13,,1
PRK300,Infusion Pump,6,0,0,2,1,1,527.82,0,2,254.24,Germany,Infusomat Space #779,B. Braun Melsungen AG,Infusomat,2018-09-23,45,2
PRK342,Defibrillator,10,0,0,3,1,1,0.0,1,1,0.0,Netherlands,HeartStart XL #389,Koninklijke Philips N.V.,HeartStart,2005-07-20,,1
PRK342,Ventilator,5,0,0,3,1,1,49.73,0,2,0.0,UK,Blease 8200p #191,Blease Medical Equipment Ltd,Blease,2007-05-06,9,3
PRK341,Infusion Pump,7,0,0,2,1,1,25.12,1,2,0.0,USA,Sigma Spectrum #967,Baxter Healthcare Corp,Sigma,2016-05-24,38,2
PRK360,Infusion Pump,3,1,0,2,1,1,13.26,1,2,810.67,Ireland,Alaris GP #818,Medtronic,Alaris,2002-05-22,24,2
PRK340,Physiologic Monitoring System,13,1,0,1,1,1,175.02,0,2,0.0,Japan,Life Scope #715,Nihon Kohden Corp,Nihon Kohden,2010-05-18,18,2
PRK320,Radiographic System,9,1,0,1,1,1,0.0,0,2,0.0,Germany,Somatom #8,Siemens Healthineers,Siemens,2005-07-31,,1
PRK340,Infusion Pump,11,1,0,2,1,1,16.63,0,2,851.85,USA,Sigma Spectrum #178,Baxter Healthcare Corp,Sigma,2013-02-07,6,3
PRK300,Infusion Pump,8,1,0,2,1,1,1020.38,0,2,0.0,Germany,Infusomat Space #974,B. Braun Melsungen AG,Infusomat,2004-10-13,35,3
PRK341,Physiologic Monitoring System,14,1,0,1,1,1,0.0,1,1,0.0,USA,CARESCAPE #88,GE Healthcare,GE,2004-11-14,,1
PRK358,Infusion Pump,5,0,0,2,1,1,0.0,1,2,0.0,Germany,Infusomat Space #262,B. Braun Melsungen AG,Infusomat,2014-11-13,,1
PRK300,Physiologic Monitoring System,9,1,0,1,1,1,1.57,1,2,1164.14,Japan,Life Scope #333,Nihon Kohden Corp,Nihon Kohden,2000-04-09,13,3
PRK358,Infusion Pump,30,1,0,2,1,1,14.55,0,2,4.19,Ireland,Alaris GP #295,Medtronic,Alaris,2018-07-31,9,3
PRK350,Physiologic Monitoring System,3,1,0,1,2,1,259.55,0,2,1063.58,USA,CARESCAPE #926,GE Healthcare,GE,2007-07-04,43,2
PRK310,Defibrillator,18,0,0,3,2,1,0.0,0,2,0.0,Netherlands,HeartStart XL #327,Koninklijke Philips N.V.,HeartStart,2009-10-19,,1
PRK358,Physiologic Monitoring System,30,1,1,1,1,1,0.0,1,2,0.0,USA,CARESCAPE #973,GE Healthcare,GE,2014-10-10,,1
PRK342,Physiologic Monitoring System,12,1,0,1,1,1,7.11,0,2,129.45,Japan,Life Scope #942,Nihon Kohden Corp,Nihon Kohden,2007-08-14,35,2
PRK333,Physiologic Monitoring System,0,0,0,1,1,1,0.0,0,2,0.0,Netherlands,IntelliVue #43,Koninklijke Philips N.V.,Philips,2016-07-29,,1
PRK319,Ventilator,3,1,0,3,1,1,0.0,0,2,0.0,Germany,Evita V500 #659,Drager Medical AG & Co KGaA,Evita,2021-01-24,,1
PRK319,Defibrillator,10,1,0,3,1,1,0.0,0,2,0.0,USA,Lifepak 20e #781,Physio-Control Inc,Lifepak,2011-04-02,,1
PRK341,Infusion Pump,8,1,0,2,1,1,1037.49,0,2,42.23,USA,Sigma Spectrum #288,Baxter Healthcare Corp,Sigma,2016-12-13,36,2
PRK319,Physiologic Monitoring System,23,1,2,1,1,1,148.04,0,2,93.04,Japan,Life Scope #956,Nihon Kohden Corp,Nihon Kohden,2013-03-21,8,2
PRK320,Infusion Pump,24,1,1,2,2,1,142.71,1,2,29.21,Germany,Infusomat Space #314,B. Braun Melsungen AG,Infusomat,2016-01-20,15,3
PRK358,Defibrillator,8,1,0,3,1,1,0.0,1,2,0.0,USA,Lifepak 20e #947,Physio-Control Inc,Lifepak,2012-05-30,,1
PRK342,Physiologic Monitoring System,8,1,0,1,1,1,215.14,0,2,1.85,USA,CARESCAPE #831,GE Healthcare,GE,2006-07-14,40,3
PRK342,Infusion Pump,5,0,0,2,1,1,125.43,1,2,80144.68,Germany,Infusomat Space #599,B. Braun Melsungen AG,Infusomat,2002-06-27,11,2
PRK360,Infusion Pump,11,1,0,2,1,1,1.75,0,2,124.45,USA,Sigma Spectrum #81,Baxter Healthcare Corp,Sigma,2002-01-25,10,3
PRK300,Infusion Pump,4,1,0,2,2,1,1568.08,1,2,1275.62,USA,Sigma Spectrum #331,Baxter Healthcare Corp,Sigma,2019-06-10,50,2
PRK319,Physiologic Monitoring System,7,1,0,1,1,1,1165.63,0,2,8865.5,Japan,Life Scope #793,Nihon Kohden Corp,Nihon Kohden,1997-02-13,13,2
PRK341,Infusion Pump,4,1,0,2,1,1,21.97,0,2,938.38,Ireland,Alaris GP #663,Medtronic,Alaris,2017-07-27,36,3
PRK330,Infusion Pump,10,1,0,2,1,1,2.51,0,2,532.39,Germany,Infusomat Space #747,B. Braun Melsungen AG,Infusomat,2006-09-22,15,2
PRK311,Defibrillator,17,1,0,3,1,1,7.09,0,2,1516.54,USA,Lifepak 20e #324,Physio-Control Inc,Lifepak,2007-09-16,8,2
PRK350,Physiologic Monitoring System,2,1,0,1,1,1,7.52,0,2,73795.59,Japan,Life Scope #347,Nihon Kohden Corp,Nihon Kohden,2006-10-18,47,2
PRK300,Infusion Pump,7,0,0,2,1,1,86.46,1,2,0.0,Germany,Infusomat Space #88,B. Braun Melsungen AG,Infusomat,2006-02-23,13,2
PRK340,Infusion Pump,21,0,2,2,1,1,0.0,1,2,0.0,Ireland,Alaris GP #617,Medtronic,Alaris,2016-04-30,,1
PRK340,Sphygmomanometers,25,1,0,1,1,1,0.0,0,2,0.0,Japan,HEM-907 #246,Omron Healthcare Co Ltd,Omron,2011-02-13,,1
PRK341,Physiologic Monitoring System,5,0,0,1,1,1,0.0,0,2,74.98,USA,CARESCAPE #800,GE Healthcare,GE,2010-12-18,38,2
PRK319,Physiologic Monitoring System,4,0,0,1,1,1,41.9,1,2,418.82,Japan,Life Scope #465,Nihon Kohden Corp,Nihon Kohden,2017-04-10,41,3
PRK300,Infusion Pump,0,1,0,2,1,1,287.91,0,2,41.31,Germany,Infusomat Space #135,B. Braun Melsungen AG,Infusomat,1997-12-17,12,2
PRK358,Infusion Pump,18,1,0,2,1,1,46.99,0,2,167.57,Ireland,Alaris GP #643,Medtronic,Alaris,2007-05-25,8,2
PRK358,Infusion Pump,17,1,0,2,1,1,1095.24,0,2,449.02,Germany,Infusomat Space #948,B. Braun Melsungen AG,Infusomat,2014-12-03,26,2
PRK333,Physiologic Monitoring System,9,1,0,1,1,1,0.0,0,1,0.0,Netherlands,IntelliVue #864,Koninklijke Philips N.V.,Philips,2018-11-28,,1
PRK300,Infusion Pump,30,1,1,2,1,1,80.32,0,2,0.0,USA,Sigma Spectrum #232,Baxter Healthcare Corp,Sigma,1998-03-03,7,3
PRK341,Infusion Pump,8,1,0,2,3,1,29.63,0,2,2544.95,USA,Sigma Spectrum #948,Baxter Healthcare Corp,Sigma,2006-05-06,11,2
PRK319,Physiologic Monitoring System,19,1,0,1,1,1,46.68,0,2,1135.24,USA,CARESCAPE #653,GE Healthcare,GE,2012-11-25,28,2
PRK312,Sphygmomanometers,6,0,0,1,1,1,353.71,0,2,3189.81,Malaysia,MV-BP100 #611,Med-Vantage Sdn Bhd,MedVantage,2003-03-19,19,3
PRK312,Physiologic Monitoring System,7,1,0,1,1,1,252.59,1,2,2.69,Japan,Life Scope #668,Nihon Kohden Corp,Nihon Kohden,2018-04-03,7,3
PRK312,Infusion Pump,10,1,0,2,1,1,1.7,0,2,10.57,Ireland,Alaris GP #10,Medtronic,Alaris,2013-09-27,42,2
PRK320,Infusion Pump,4,0,0,2,1,1,142.92,0,2,19.27,Ireland,Alaris GP #207,Medtronic,Alaris,2005-04-03,4,2
PRK319,Infusion Pump,15,1,0,2,1,1,0.0,1,2,0.0,USA,Sigma Spectrum #471,Baxter Healthcare Corp,Sigma,2000-06-20,,1
PRK358,Infusion Pump,9,1,0,2,1,1,86.47,0,2,108.17,USA,Sigma Spectrum #113,Baxter Healthcare Corp,Sigma,2011-05-27,29,2
PRK333,Infusion Pump,1,0,0,2,2,1,52.32,0,2,43.75,USA,Sigma Spectrum #124,Baxter Healthcare Corp,Sigma,2010-11-15,60,2
PRK330,Infusion Pump,19,1,0,2,1,1,25.6,0,2,493.93,USA,Sigma Spectrum #764,Baxter Healthcare Corp,Sigma,2015-02-23,18,3
PRK311,Physiologic Monitoring System,4,1,0,1,1,1,2.61,0,2,74514.5,Netherlands,IntelliVue #93,Koninklijke Philips N.V.,Philips,2004-08-19,36,3
PRK358,Defibrillator,4,1,0,3,1,1,3.01,0,2,135.51,USA,Lifepak 20e #411,Physio-Control Inc,Lifepak,2019-10-16,26,3
PRK300,Radiographic System,7,0,0,1,1,1,0.0,0,2,0.0,Netherlands,DigitalDiagnost #650,Koninklijke Philips N.V.,Philips,2001-04-09,,1
PRK319,Infusion Pump,12,1,0,2,1,1,41.07,1,2,5892.47,Ireland,Alaris GP #667,Medtronic,Alaris,2002-11-14,10,2
PRK341,Infusion Pump,11,0,0,2,1,1,46.74,1,2,1132.49,Ireland,Alaris GP #849,Medtronic,Alaris,2002-03-06,27,3
PRK342,Infusion Pump,23,1,0,2,1,1,84.31,1,2,643.79,Germany,Infusomat Space #54,B. Braun Melsungen AG,Infusomat,2001-07-29,19,2
PRK350,Infusion Pump,10,1,0,2,1,1,0.0,0,2,0.0,Ireland,Alaris GP #193,Medtronic,Alaris,2019-11-28,,1
PRK330,Infusion Pump,2,1,2,2,1,1,4.25,1,1,1265.16,Germany,Infusomat Space #774,B. Braun Melsungen AG,Infusomat,2013-02-05,13,2
PRK320,Infusion Pump,3,0,0,2,1,1,0.0,1,2,0.0,Germany,Infusomat Space #64,B. Braun Melsungen AG,Infusomat,2014-09-01,,1
PRK319,Physiologic Monitoring System,2,1,0,1,1,1,144.02,0,2,1208.53,Japan,Life Scope #784,Nihon Kohden Corp,Nihon Kohden,2016-06-30,53,2
PRK340,Infusion Pump,2,1,0,2,1,1,14.87,0,2,35.96,USA,Sigma Spectrum #903,Baxter Healthcare Corp,Sigma,2012-10-17,29,2
PRK320,Defibrillator,6,0,0,3,1,1,0.0,0,2,0.0,USA,Lifepak 20e #441,Physio-Control Inc,Lifepak,2005-10-03,,1
PRK320,Infusion Pump,18,1,0,2,1,1,8.63,0,1,7133.04,USA,Sigma Spectrum #754,Baxter Healthcare Corp,Sigma,2015-11-18,17,3
PRK300,Infusion Pump,9,1,0,2,1,1,79.21,0,2,3731.77,Germany,Infusomat Space #269,B. Braun Melsungen AG,Infusomat,2010-05-12,13,2
PRK360,Infusion Pump,12,1,0,2,1,1,80.98,0,2,61560.04,USA,Sigma Spectrum #235,Baxter Healthcare Corp,Sigma,2014-05-31,27,2
PRK300,Infusion Pump,15,1,0,2,1,1,16.87,0,2,290588.01,Ireland,Alaris GP #47,Medtronic,Alaris,2007-06-16,10,3
PRK319,Infusion Pump,19,1,0,2,1,1,0.0,0,2,0.0,Ireland,Alaris GP #580,Medtronic,Alaris,2005-07-26,,1
PRK358,Radiographic System,4,0,1,1,1,1,5.12,0,1,704.16,Japan,Aquilion #281,Canon Inc (Toshiba Medical),Canon,2012-10-29,21,2
PRK342,Infusion Pump,17,1,1,2,2,1,50.53,0,2,3366.48,Ireland,Alaris GP #50,Medtronic,Alaris,2019-04-15,24,2
PRK341,Infusion Pump,16,1,0,2,1,1,0.0,1,2,0.0,Ireland,Alaris GP #398,Medtronic,Alaris,2007-07-04,,1
PRK341,Physiologic Monitoring System,6,1,0,1,1,1,7.27,1,2,2.67,USA,CARESCAPE #649,GE Healthcare,GE,2007-05-05,10,2
PRK310,Infusion Pump,4,0,0,2,2,1,166.93,0,2,336.78,Ireland,Alaris GP #242,Medtronic,Alaris,2003-10-25,29,2
PRK350,Physiologic Monitoring System,7,1,0,1,1,1,403.54,0,2,79.66,USA,CARESCAPE #208,GE Healthcare,GE,2017-03-14,32,3
PRK319,Infusion Pump,23,1,0,2,1,1,47.79,1,2,1628.29,USA,Sigma Spectrum #34,Baxter Healthcare Corp,Sigma,2017-09-30,5,2
PRK360,Ventilator,19,1,1,3,1,1,61.88,0,2,1777.01,Germany,Evita V500 #674,Drager Medical AG & Co KGaA,Evita,2004-10-20,11,2
PRK319,Infusion Pump,6,0,0,2,1,1,32.24,1,2,652.78,USA,Sigma Spectrum #116,Baxter Healthcare Corp,Sigma,1996-11-09,23,2
PRK341,Infusion Pump,17,1,0,2,1,1,0.0,0,2,0.0,USA,Sigma Spectrum #903,Baxter Healthcare Corp,Sigma,2001-09-27,,1
PRK340,Physiologic Monitoring System,14,1,0,1,1,1,0.0,0,2,0.0,USA,CARESCAPE #628,GE Healthcare,GE,2016-12-27,,1
PRK311,Defibrillator,12,1,0,3,1,1,53.93,0,2,43509.82,USA,Lifepak 20e #715,Physio-Control Inc,Lifepak,2019-03-14,29,2
PRK320,Infusion Pump,22,1,0,2,1,1,33.32,0,2,2.44,Ireland,Alaris GP #273,Medtronic,Alaris,2017-02-08,22,2
PRK350,Physiologic Monitoring System,11,1,0,1,1,1,1003.52,0,2,691906.72,USA,CARESCAPE #69,GE Healthcare,GE,2008-01-21,36,2
PRK319,Infusion Pump,9,1,0,2,2,1,0.0,0,2,0.0,Ireland,Alaris GP #839,Medtronic,Alaris,2004-12-23,,1
PRK360,Infusion Pump,1,0,0,2,1,1,9.4,1,2,436.13,Ireland,Alaris GP #222,Medtronic,Alaris,2014-10-04,18,2
PRK319,Infusion Pump,15,1,0,2,1,1,2.31,0,2,0.0,Germany,Infusomat Space #200,B. Braun Melsungen AG,Infusomat,2004-09-08,5,2
PRK341,Physiologic Monitoring System,4,0,0,1,1,1,317.05,0,2,492.84,Japan,Life Scope #910,Nihon Kohden Corp,Nihon Kohden,2013-04-11,10,3
PRK341,Infusion Pump,3,0,0,2,1,1,693.81,0,2,433.85,Germany,Infusomat Space #155,B. Braun Melsungen AG,Infusomat,2018-02-25,37,2
PRK333,Physiologic Monitoring System,9,1,0,1,1,1,6.27,0,2,224.7,Japan,Life Scope #104,Nihon Kohden Corp,Nihon Kohden,2010-10-14,13,2
PRK341,Infusion Pump,3,0,0,2,1,1,155.16,0,2,136.79,USA,Sigma Spectrum #388,Baxter Healthcare Corp,Sigma,2020-02-05,19,2
PRK342,Defibrillator,11,1,0,3,1,1,133.54,0,2,3273.5,USA,Lifepak 20e #125,Physio-Control Inc,Lifepak,2014-09-07,37,3
PRK341,Ventilator,10,1,0,3,1,1,52.87,0,2,87.16,UK,Blease 8200p #630,Blease Medical Equipment Ltd,Blease,2014-09-07,40,2
PRK340,Infusion Pump,9,1,0,2,1,1,0.0,1,2,0.0,USA,Sigma Spectrum #688,Baxter Healthcare Corp,Sigma,2009-02-06,,1
PRK341,Infusion Pump,7,0,0,2,1,1,127.99,0,1,253.03,Ireland,Alaris GP #858,Medtronic,Alaris,2007-03-24,43,3
PRK326,Infusion Pump,15,0,0,2,1,1,0.0,0,2,0.0,Ireland,Alaris GP #645,Medtronic,Alaris,2014-08-19,,1
PRK300,Defibrillator,11,1,0,3,1,1,647.62,1,2,7804.08,USA,Lifepak 20e #742,Physio-Control Inc,Lifepak,1994-02-25,15,3
PRK312,Infusion Pump,11,1,0,2,1,1,131.44,0,2,116.91,USA,Sigma Spectrum #683,Baxter Healthcare Corp,Sigma,2012-12-29,28,3
PRK341,Physiologic Monitoring System,4,1,2,1,1,1,0.0,0,2,0.0,USA,CARESCAPE #627,GE Healthcare,GE,2019-06-03,,1
PRK358,Infusion Pump,8,1,0,2,2,1,0.0,0,2,0.0,Germany,Infusomat Space #497,B. Braun Melsungen AG,Infusomat,2005-09-30,,1
PRK300,Ventilator,4,1,0,3,1,1,154.39,1,1,8348.76,USA,Carestation 650 #349,Datex-Ohmeda Inc,Carestation,2013-03-01,37,3
PRK340,Infusion Pump,8,1,0,2,1,1,158.47,0,1,5746.5,Germany,Infusomat Space #448,B. Braun Melsungen AG,Infusomat,2002-09-15,14,3
PRK319,Infusion Pump,5,1,0,2,1,1,28.97,0,2,23.65,Ireland,Alaris GP #989,Medtronic,Alaris,2012-06-17,33,2
PRK340,Radiographic System,8,1,0,1,1,1,0.0,0,2,2399.28,Japan,Aquilion #489,Canon Inc (Toshiba Medical),Canon,2009-12-26,28,2
PRK342,Infusion Pump,8,1,0,2,1,1,20.24,0,2,564.5,Germany,Infusomat Space #259,B. Braun Melsungen AG,Infusomat,1999-06-13,46,3
PRK342,Ventilator,8,0,0,3,1,1,3.2,1,2,56631.16,USA,Smartvent 7900 #318,Datex-Ohmeda Inc,Smartvent,2008-12-17,37,2
PRK342,Infusion Pump,15,1,1,2,1,1,158.67,0,2,76.3,Ireland,Alaris GP #218,Medtronic,Alaris,2013-06-03,26,3
PRK350,Infusion Pump,12,1,0,2,1,1,1577.44,0,2,3384.9,Ireland,Alaris GP #298,Medtronic,Alaris,1994-01-05,24,2
PRK300,Defibrillator,3,1,0,3,2,1,10.95,0,2,39.7,Netherlands,HeartStart XL #598,Koninklijke Philips N.V.,HeartStart,2019-05-05,43,2
PRK333,Physiologic Monitoring System,7,1,0,1,2,1,60.44,1,2,96135.87,Japan,Life Scope #29,Nihon Kohden Corp,Nihon Kohden,2014-03-07,39,2
PRK319,Physiologic Monitoring System,9,1,0,1,1,1,4.84,1,2,2461.86,USA,CARESCAPE #794,GE Healthcare,GE,1999-12-30,29,2
PRK358,Infusion Pump,5,0,0,2,1,1,0.0,0,2,0.0,USA,Sigma Spectrum #720,Baxter Healthcare Corp,Sigma,2016-07-04,,1
PRK350,Infusion Pump,10,1,0,2,1,1,0.0,0,2,0.0,Ireland,Alaris GP #974,Medtronic,Alaris,2006-05-22,,1
PRK310,Infusion Pump,5,1,0,2,1,1,41.15,0,2,38360.53,Ireland,Alaris GP #595,Medtronic,Alaris,2008-09-25,20,3
PRK319,Infusion Pump,8,0,0,2,1,1,316.64,0,2,1677.5,USA,Sigma Spectrum #386,Baxter Healthcare Corp,Sigma,2007-11-22,38,2
PRK330,Infusion Pump,4,0,0,2,1,1,0.0,0,2,0.0,Germany,Infusomat Space #702,B. Braun Melsungen AG,Infusomat,2014-12-25,,1
PRK360,Infusion Pump,8,1,0,2,1,1,43.09,0,2,44.95,USA,Sigma Spectrum #391,Baxter Healthcare Corp,Sigma,2014-11-20,36,2
PRK311,Infusion Pump,13,1,0,2,1,1,10.01,0,2,64.11,Germany,Infusomat Space #193,B. Braun Melsungen AG,Infusomat,2001-04-07,38,3
PRK340,Infusion Pump,14,1,0,2,1,1,0.0,0,2,0.0,Germany,Infusomat Space #817,B. Braun Melsungen AG,Infusomat,2011-07-12,,1
PRK320,Infusion Pump,8,0,0,2,1,1,7.23,0,2,8908.37,Ireland,Alaris GP #18,Medtronic,Alaris,2012-11-27,13,2
PRK341,Infusion Pump,29,1,2,2,1,1,587.43,0,2,9984.84,Ireland,Alaris GP #904,Medtronic,Alaris,2012-09-25,6,2
PRK341,Defibrillator,11,1,0,3,1,1,65.91,0,2,51.16,Netherlands,HeartStart XL #845,Koninklijke Philips N.V.,HeartStart,2009-11-08,40,3
PRK319,Physiologic Monitoring System,14,1,0,1,1,1,8.45,0,2,10929.22,Japan,Life Scope #578,Nihon Kohden Corp,Nihon Kohden,2017-08-20,22,2
PRK350,Infusion Pump,19,1,0,2,1,1,3.56,1,2,313.4,Ireland,Alaris GP #471,Medtronic,Alaris,2004-06-27,27,2
PRK310,Physiologic Monitoring System,5,1,0,1,2,1,30.03,0,2,164.09,Japan,Life Scope #8,Nihon Kohden Corp,Nihon Kohden,2009-06-04,3,2
PRK358,Ventilator,12,1,0,3,1,1,28.52,1,2,1859.55,UK,Blease 8200p #324,Blease Medical Equipment Ltd,Blease,2017-10-19,7,3
PRK319,Infusion Pump,10,1,0,2,2,1,0.0,0,2,0.0,Germany,Infusomat Space #507,B. Braun Melsungen AG,Infusomat,2008-11-15,,1
PRK341,Infusion Pump,13,1,0,2,1,1,0.0,0,1,0.0,Germany,Infusomat Space #914,B. Braun Melsungen AG,Infusomat,2019-03-01,,1
PRK320,Infusion Pump,16,1,0,2,1,1,224.78,1,2,272.61,Ireland,Alaris GP #396,Medtronic,Alaris,2013-09-26,28,2
PRK341,Infusion Pump,4,0,0,2,1,1,0.57,0,2,25.67,Ireland,Alaris GP #72,Medtronic,Alaris,2019-05-15,25,3
PRK319,Physiologic Monitoring System,29,1,0,1,1,1,63.26,0,1,11.1,Netherlands,IntelliVue #473,Koninklijke Philips N.V.,Philips,2017-05-31,17,2
PRK340,Radiographic System,9,1,0,1,1,1,0.0,0,2,0.0,Japan,Aquilion #262,Canon Inc (Toshiba Medical),Canon,2017-03-11,,1
PRK300,Infusion Pump,6,0,0,2,1,1,64.46,0,2,502.5,Ireland,Alaris GP #182,Medtronic,Alaris,2014-09-02,26,2
PRK326,Physiologic Monitoring System,1,1,0,1,1,1,477.22,1,2,27.14,Japan,Life Scope #386,Nihon Kohden Corp,Nihon Kohden,2020-09-02,30,2
PRK358,Infusion Pump,18,1,0,2,1,1,0.0,0,2,0.0,Ireland,Alaris GP #676,Medtronic,Alaris,2000-04-10,,1
PRK330,Physiologic Monitoring System,15,1,0,1,2,1,99.55,0,2,764.45,Japan,Life Scope #595,Nihon Kohden Corp,Nihon Kohden,2017-02-19,34,2
PRK333,Physiologic Monitoring System,7,0,0,1,3,1,0.0,0,2,0.0,USA,CARESCAPE #995,GE Healthcare,GE,2017-03-18,,1
PRK341,Infusion Pump,1,0,0,2,1,1,642.09,0,2,399.81,Ireland,Alaris GP #374,Medtronic,Alaris,2016-06-03,13,2
PRK330,Infusion Pump,9,1,2,2,1,1,866.34,1,2,3334.52,USA,Sigma Spectrum #660,Baxter Healthcare Corp,Sigma,2011-08-21,37,2
PRK358,Physiologic Monitoring System,2,1,0,1,1,1,18.27,0,2,4075.19,Japan,Life Scope #632,Nihon Kohden Corp,Nihon Kohden,2010-07-20,53,2
PRK330,Radiographic System,17,1,0,1,1,1,0.0,0,2,0.0,Japan,Aquilion #270,Canon Inc (Toshiba Medical),Canon,2019-11-28,,1
PRK358,Infusion Pump,7,0,0,2,1,1,216.96,0,2,36340.69,Ireland,Alaris GP #685,Medtronic,Alaris,2010-03-11,35,2
PRK358,Infusion Pump,4,0,0,2,1,1,55.42,0,2,10994.35,Ireland,Alaris GP #431,Medtronic,Alaris,2010-11-08,26,2
PRK330,Infusion Pump,10,1,0,2,1,1,350.53,0,2,324.67,Germany,Infusomat Space #978,B. Braun Melsungen AG,Infusomat,2002-03-02,13,3
PRK320,Physiologic Monitoring System,11,1,1,1,1,1,58.25,0,2,69.13,USA,CARESCAPE #631,GE Healthcare,GE,2006-01-05,31,2
PRK342,Physiologic Monitoring System,12,1,0,1,1,1,3.74,0,2,4609.78,USA,CARESCAPE #767,GE Healthcare,GE,2014-01-29,22,2
PRK342,Ventilator,4,0,0,3,1,1,536.52,0,2,130.48,USA,Smartvent 7900 #758,Datex-Ohmeda Inc,Smartvent,2017-06-26,15,2
PRK312,Physiologic Monitoring System,16,1,1,1,1,1,0.0,0,2,0.0,Netherlands,IntelliVue #551,Koninklijke Philips N.V.,Philips,2010-05-03,,1
PRK319,Defibrillator,7,0,0,3,1,1,2.32,1,2,289.7,Netherlands,HeartStart XL #874,Koninklijke Philips N.V.,HeartStart,2019-11-13,22,2
PRK311,Ventilator,1,1,0,3,1,1,0.0,0,1,0.0,USA,Smartvent 7900 #500,Datex-Ohmeda Inc,Smartvent,2003-03-31,,1
PRK342,Infusion Pump,8,1,0,2,1,1,7.79,0,2,19171.0,Germany,Infusomat Space #453,B. Braun Melsungen AG,Infusomat,2015-01-02,9,2
PRK342,Physiologic Monitoring System,8,1,0,1,2,1,0.0,0,2,0.0,Netherlands,IntelliVue #885,Koninklijke Philips N.V.,Philips,2016-12-04,,1
PRK312,Infusion Pump,8,1,0,2,1,1,0.0,0,2,0.0,Ireland,Alaris GP #930,Medtronic,Alaris,2014-02-15,,1
PRK340,Infusion Pump,10,1,0,2,1,1,25.47,1,2,453.46,Germany,Infusomat Space #311,B. Braun Melsungen AG,Infusomat,2007-01-18,17,2
PRK342,Sphygmomanometers,25,1,0,1,1,1,15.51,0,2,459.85,Japan,HEM-907 #916,Omron Healthcare Co Ltd,Omron,2006-02-11,5,3
PRK360,Physiologic Monitoring System,8,1,0,1,1,1,9.09,0,2,150.23,Japan,Life Scope #703,Nihon Kohden Corp,Nihon Kohden,2018-07-22,3,2
PRK312,Sphygmomanometers,9,1,0,1,1,1,260.09,0,2,139.51,USA,DS66 #737,Welch Allyn Inc,Welch Allyn,1998-12-15,14,2
PRK319,Infusion Pump,5,1,0,2,1,1,3256.19,0,2,242.95,Ireland,Alaris GP #910,Medtronic,Alaris,2005-11-10,50,3
PRK320,Infusion Pump,8,1,0,2,1,1,55.17,0,2,49680.52,Germany,Infusomat Space #883,B. Braun Melsungen AG,Infusomat,2019-10-14,42,2
PRK341,Infusion Pump,12,1,1,2,1,1,2.23,0,2,92.04,Germany,Infusomat Space #409,B. Braun Melsungen AG,Infusomat,2015-02-27,40,2
PRK311,Infusion Pump,12,1,0,2,1,1,8.32,0,1,0.0,Germany,Infusomat Space #580,B. Braun Melsungen AG,Infusomat,2011-11-28,37,2
PRK312,Infusion Pump,20,1,0,2,1,1,12.13,0,2,2663.39,Ireland,Alaris GP #584,Medtronic,Alaris,2006-08-07,9,3
PRK350,Infusion Pump,1,0,0,2,1,1,65.49,0,2,86925.84,USA,Sigma Spectrum #1,Baxter Healthcare Corp,Sigma,2005-11-28,20,2
PRK340,Infusion Pump,15,1,0,2,1,1,25.81,0,2,1324.61,Germany,Infusomat Space #82,B. Braun Melsungen AG,Infusomat,2015-03-11,15,2
PRK312,Sphygmomanometers,13,1,0,1,1,1,2460.44,0,2,350.35,USA,DS66 #496,Welch Allyn Inc,Welch Allyn,2018-01-13,21,2
PRK326,Infusion Pump,2,1,0,2,1,1,45.84,0,2,69.41,USA,Sigma Spectrum #549,Baxter Healthcare Corp,Sigma,2009-12-24,52,2
PRK311,Infusion Pump,20,1,1,2,1,1,233.33,0,2,0.0,Ireland,Alaris GP #493,Medtronic,Alaris,2017-08-21,20,2
PRK320,Physiologic Monitoring System,2,0,0,1,1,1,0.0,1,2,0.0,Netherlands,IntelliVue #940,Koninklijke Philips N.V.,Philips,2012-10-25,,1
PRK326,Infusion Pump,12,1,0,2,1,1,50.72,0,2,327.92,USA,Sigma Spectrum #73,Baxter Healthcare Corp,Sigma,2016-01-15,28,2
PRK311,Defibrillator,1,1,0,3,1,1,28.6,0,2,581.03,USA,Lifepak 20e #952,Physio-Control Inc,Lifepak,2005-07-29,54,2
PRK300,Physiologic Monitoring System,4,0,0,1,1,1,0.0,0,2,0.0,Japan,Life Scope #315,Nihon Kohden Corp,Nihon Kohden,2008-01-08,,1
PRK358,Infusion Pump,13,0,0,2,1,1,22.34,0,2,147.84,Germany,Infusomat Space #405,B. Braun Melsungen AG,Infusomat,2013-10-10,27,2
PRK358,Physiologic Monitoring System,13,0,0,1,1,1,58.37,0,2,1577.8,Netherlands,IntelliVue #394,Koninklijke Philips N.V.,Philips,2000-03-21,18,2
PRK300,Physiologic Monitoring System,7,0,0,1,1,1,0.0,0,1,0.0,Japan,Life Scope #193,Nihon Kohden Corp,Nihon Kohden,1997-05-21,,1
PRK341,Physiologic Monitoring System,21,1,2,1,1,1,3239.31,0,2,9.97,Japan,Life Scope #663,Nihon Kohden Corp,Nihon Kohden,2015-05-22,12,3
PRK310,Ventilator,13,1,0,3,1,1,110.77,0,2,997.81,USA,Smartvent 7900 #847,Datex-Ohmeda Inc,Smartvent,2008-03-28,15,2
PRK350,Physiologic Monitoring System,16,1,0,1,1,1,154.91,0,1,18090.9,Japan,Life Scope #512,Nihon Kohden Corp,Nihon Kohden,2007-09-11,7,2
PRK358,Physiologic Monitoring System,8,0,0,1,1,1,0.0,0,2,1753.59,Netherlands,IntelliVue #671,Koninklijke Philips N.V.,Philips,2013-12-28,4,3
PRK341,Infusion Pump,3,0,0,2,1,1,0.0,0,2,157.7,USA,Sigma Spectrum #19,Baxter Healthcare Corp,Sigma,2009-12-11,12,2
PRK341,Physiologic Monitoring System,3,1,0,1,1,1,4.81,0,2,2739.49,USA,CARESCAPE #145,GE Healthcare,GE,2017-01-20,43,2
PRK320,Sphygmomanometers,6,1,0,1,2,1,39.9,1,1,0.0,Malaysia,MV-BP100 #978,Med-Vantage Sdn Bhd,MedVantage,2013-07-01,31,3
PRK319,Physiologic Monitoring System,4,1,0,1,1,1,37.6,0,1,5084.28,Japan,Life Scope #864,Nihon Kohden Corp,Nihon Kohden,2016-03-11,45,2
PRK333,Physiologic Monitoring System,4,0,0,1,1,1,110.3,0,2,1966.46,Japan,Life Scope #331,Nihon Kohden Corp,Nihon Kohden,2007-08-17,53,2
PRK311,Infusion Pump,2,1,0,2,1,1,76.24,1,2,53622.0,Ireland,Alaris GP #666,Medtronic,Alaris,1997-05-11,37,2
PRK341,Physiologic Monitoring System,7,1,0,1,1,1,0.0,0,1,0.0,USA,CARESCAPE #414,GE Healthcare,GE,2012-07-01,,1
PRK333,Radiographic System,2,0,0,1,2,1,6444.76,0,1,1852.73,Germany,Somatom #463,Siemens Healthineers,Siemens,2005-01-26,31,2
PRK312,Infusion Pump,7,1,0,2,1,1,102.08,0,2,304.99,USA,Sigma Spectrum #600,Baxter Healthcare Corp,Sigma,2012-11-12,11,2
PRK341,Infusion Pump,1,0,0,2,1,1,24.66,0,2,853.43,Ireland,Alaris GP #897,Medtronic,Alaris,2008-07-27,49,2
PRK350,Infusion Pump,6,1,0,2,2,1,27.75,0,2,93.97,Germany,Infusomat Space #961,B. Braun Melsungen AG,Infusomat,2008-12-12,5,2
PRK341,Infusion Pump,12,1,0,2,1,1,0.0,0,2,0.0,USA,Sigma Spectrum #375,Baxter Healthcare Corp,Sigma,2019-06-18,,1
PRK333,Physiologic Monitoring System,4,0,0,1,1,1,36.45,1,2,1149.72,USA,CARESCAPE #357,GE Healthcare,GE,2012-05-24,41,2
PRK358,Infusion Pump,10,0,0,2,1,1,303.51,1,2,719.38,Ireland,Alaris GP #950,Medtronic,Alaris,2011-04-24,39,2
PRK300,Infusion Pump,10,1,0,2,1,1,0.0,0,2,0.0,USA,Sigma Spectrum #384,Baxter Healthcare Corp,Sigma,2014-11-22,,1
PRK341,Physiologic Monitoring System,5,1,0,1,1,1,27.28,0,2,22633.1,Japan,Life Scope #58,Nihon Kohden Corp,Nihon Kohden,2015-11-10,7,2
PRK330,Physiologic Monitoring System,1,1,0,1,1,1,4.1,0,2,0.0,USA,CARESCAPE #546,GE Healthcare,GE,2010-03-28,7,2
PRK312,Physiologic Monitoring System,15,1,0,1,1,1,354.35,0,2,95.55,Netherlands,IntelliVue #915,Koninklijke Philips N.V.,Philips,2019-07-21,20,2
PRK360,Physiologic Monitoring System,5,1,0,1,1,1,7.72,0,2,3318.25,Japan,Life Scope #219,Nihon Kohden Corp,Nihon Kohden,2020-12-26,12,2
PRK330,Physiologic Monitoring System,23,0,0,1,1,1,210.74,0,2,6019.15,Japan,Life Scope #56,Nihon Kohden Corp,Nihon Kohden,2009-10-07,3,2
PRK320,Ventilator,15,1,2,3,1,1,18.63,0,2,546.32,UK,Blease 8200p #121,Blease Medical Equipment Ltd,Blease,2020-08-03,11,3
PRK312,Physiologic Monitoring System,13,1,0,1,1,1,256.91,1,2,153.47,Netherlands,IntelliVue #419,Koninklijke Philips N.V.,Philips,2005-04-29,2,2
PRK360,Infusion Pump,2,1,0,2,2,1,0.0,0,2,0.0,Ireland,Alaris GP #512,Medtronic,Alaris,2003-01-19,,1
PRK358,Physiologic Monitoring System,13,1,0,1,1,1,14.07,0,1,81.97,USA,CARESCAPE #528,GE Healthcare,GE,2012-09-06,30,2
PRK300,Infusion Pump,18,1,0,2,1,1,0.0,0,2,0.0,Germany,Infusomat Space #956,B. Braun Melsungen AG,Infusomat,2017-07-07,,1
PRK340,Infusion Pump,9,1,0,2,1,1,0.0,0,2,0.0,Germany,Infusomat Space #868,B. Braun Melsungen AG,Infusomat,2018-11-21,,1
PRK311,Infusion Pump,10,1,0,2,1,1,0.0,0,2,745.83,USA,Sigma Spectrum #480,Baxter Healthcare Corp,Sigma,2019-02-26,24,2
PRK342,Defibrillator,12,1,0,3,2,1,200.45,0,2,18.97,Netherlands,HeartStart XL #424,Koninklijke Philips N.V.,HeartStart,2004-06-03,3,2
PRK333,Physiologic Monitoring System,19,1,0,1,1,1,0.0,0,2,61.87,Japan,Life Scope #387,Nihon Kohden Corp,Nihon Kohden,2019-07-27,9,3
PRK311,Infusion Pump,11,1,0,2,1,1,8.74,0,2,10.38,Ireland,Alaris GP #881,Medtronic,Alaris,2016-12-16,42,2
PRK340,Physiologic Monitoring System,12,1,0,1,1,1,79.93,1,2,0.0,Netherlands,IntelliVue #88,Koninklijke Philips N.V.,Philips,2004-01-24,40,2
PRK358,Infusion Pump,10,0,0,2,1,1,0.0,0,2,0.0,USA,Sigma Spectrum #814,Baxter Healthcare Corp,Sigma,2013-08-25,,1
PRK320,Physiologic Monitoring System,24,1,0,1,1,1,8.95,0,2,5076.81,Japan,Life Scope #563,Nihon Kohden Corp,Nihon Kohden,2002-01-04,9,3
PRK300,Ventilator,9,1,0,3,1,1,90.23,0,2,116.73,USA,Carestation 650 #59,Datex-Ohmeda Inc,Carestation,2002-08-20,39,2
PRK360,Physiologic Monitoring System,12,0,2,1,1,1,2.52,0,2,2.8,Japan,Life Scope #500,Nihon Kohden Corp,Nihon Kohden,2013-12-28,31,2
PRK311,Physiologic Monitoring System,20,1,1,1,2,1,94.28,1,2,0.0,USA,CARESCAPE #378,GE Healthcare,GE,2011-05-04,25,2
PRK333,Infusion Pump,6,0,0,2,2,1,10.79,0,2,251323.16,Ireland,Alaris GP #410,Medtronic,Alaris,2003-11-22,47,3
PRK340,Infusion Pump,27,1,0,2,1,1,0.0,0,2,0.0,Germany,Infusomat Space #66,B. Braun Melsungen AG,Infusomat,2006-03-02,,1
PRK319,Defibrillator,5,0,0,3,2,1,65.5,1,2,46247.07,Netherlands,HeartStart XL #752,Koninklijke Philips N.V.,HeartStart,2005-08-16,36,2
PRK312,Physiologic Monitoring System,4,1,0,1,1,1,141.22,0,2,61709.11,USA,CARESCAPE #694,GE Healthcare,GE,2010-10-01,8,2
PRK311,Infusion Pump,12,1,0,2,1,1,0.0,0,2,0.0,Germany,Infusomat Space #229,B. Braun Melsungen AG,Infusomat,2010-06-28,,1
PRK300,Infusion Pump,5,0,0,2,1,1,16.42,0,2,12.52,Germany,Infusomat Space #396,B. Braun Melsungen AG,Infusomat,2016-04-22,36,2
PRK333,Infusion Pump,23,1,2,2,2,1,0.0,0,2,0.0,Ireland,Alaris GP #814,Medtronic,Alaris,2015-09-10,,1
PRK358,Infusion Pump,30,1,0,2,2,1,0.0,0,2,0.0,USA,Sigma Spectrum #464,Baxter Healthcare Corp,Sigma,2002-08-23,,1
PRK311,Infusion Pump,4,1,0,2,1,1,0.0,1,2,0.0,Germany,Infusomat Space #790,B. Braun Melsungen AG,Infusomat,2013-03-18,,1
PRK342,Infusion Pump,4,0,0,2,1,1,0.0,0,2,0.0,Germany,Infusomat Space #595,B. Braun Melsungen AG,Infusomat,2018-07-26,,1
PRK330,Sphygmomanometers,3,0,0,1,1,1,0.0,0,2,0.0,USA,DS66 #86,Welch Allyn Inc,Welch Allyn,2013-06-10,23,2
PRK300,Infusion Pump,1,1,0,2,1,1,0.0,0,2,0.0,Germany,Infusomat Space #806,B. Braun Melsungen AG,Infusomat,2011-11-26,,1
PRK340,Infusion Pump,5,1,0,2,1,1,10.16,0,2,213.84,USA,Sigma Spectrum #970,Baxter Healthcare Corp,Sigma,2019-12-06,9,2
PRK319,Infusion Pump,17,1,0,2,1,1,273.84,0,2,437.84,Germany,Infusomat Space #667,B. Braun Melsungen AG,Infusomat,2008-08-06,21,2
PRK341,Infusion Pump,13,0,0,2,1,1,0.0,1,2,0.0,Ireland,Alaris GP #222,Medtronic,Alaris,2014-07-01,,1
PRK320,Ventilator,7,1,0,3,1,1,0.0,0,2,0.0,USA,Smartvent 7900 #48,Datex-Ohmeda Inc,Smartvent,2012-06-23,,1
PRK341,Infusion Pump,12,1,0,2,1,1,26.93,0,2,255.86,Ireland,Alaris GP #505,Medtronic,Alaris,2006-07-21,25,2
PRK358,Ventilator,3,1,0,3,1,1,18.55,0,2,0.0,UK,Blease 8200p #253,Blease Medical Equipment Ltd,Blease,2016-08-21,36,2
PRK319,Ventilator,9,1,0,3,3,1,5.46,0,2,2762.15,USA,Carestation 650 #361,Datex-Ohmeda Inc,Carestation,2002-11-11,22,2
PRK358,Infusion Pump,10,1,0,2,1,1,27.42,0,2,68.21,Germany,Infusomat Space #864,B. Braun Melsungen AG,Infusomat,2010-07-05,22,2
PRK319,Physiologic Monitoring System,10,1,2,1,1,1,69.15,1,2,26745.85,Netherlands,IntelliVue #593,Koninklijke Philips N.V.,Philips,2007-09-10,7,3
PRK300,Sphygmomanometers,5,1,0,1,1,1,805.56,0,2,0.0,Malaysia,MV-BP100 #217,Med-Vantage Sdn Bhd,MedVantage,2009-05-23,35,3
PRK312,Infusion Pump,5,1,0,2,2,1,137.27,1,1,1965.45,Germany,Infusomat Space #540,B. Braun Melsungen AG,Infusomat,2017-05-05,41,2
PRK350,Infusion Pump,13,1,0,2,1,1,32.41,1,2,361.78,USA,Sigma Spectrum #893,Baxter Healthcare Corp,Sigma,2017-08-24,36,2
PRK342,Defibrillator,13,1,0,3,1,1,28.37,0,2,672.23,USA,Lifepak 20e #989,Physio-Control Inc,Lifepak,2008-10-04,22,2
PRK360,Defibrillator,1,1,0,3,1,1,0.0,0,2,0.0,Netherlands,HeartStart XL #859,Koninklijke Philips N.V.,HeartStart,2014-06-25,,1
PRK342,Infusion Pump,1,1,0,2,1,1,0.0,0,2,0.0,Ireland,Alaris GP #919,Medtronic,Alaris,2009-09-04,,1
PRK330,Physiologic Monitoring System,30,1,0,1,1,1,0.0,1,2,0.0,USA,CARESCAPE #162,GE Healthcare,GE,2008-01-26,,1
PRK358,Infusion Pump,10,1,2,2,1,1,0.0,0,2,0.0,USA,Sigma Spectrum #263,Baxter Healthcare Corp,Sigma,2007-06-18,,1
PRK360,Ventilator,10,1,0,3,1,1,0.0,0,2,0.0,USA,Carestation 650 #422,Datex-Ohmeda Inc,Carestation,2003-02-13,,1
PRK350,Infusion Pump,4,1,0,2,1,1,0.0,0,2,0.0,Germany,Infusomat Space #349,B. Braun Melsungen AG,Infusomat,1997-08-31,,1
PRK340,Infusion Pump,6,1,0,2,3,1,4.47,0,2,206.98,Germany,Infusomat Space #822,B. Braun Melsungen AG,Infusomat,2013-09-13,28,2
PRK358,Physiologic Monitoring System,5,1,0,1,2,1,7.54,1,2,8374.77,USA,CARESCAPE #881,GE Healthcare,GE,2008-05-13,11,2
PRK312,Sphygmomanometers,17,1,0,1,1,1,14.86,1,2,100.21,Malaysia,MV-BP100 #832,Med-Vantage Sdn Bhd,MedVantage,2019-04-22,10,2
PRK358,Ventilator,17,1,0,3,1,1,0.23,0,2,88.27,Germany,Evita V500 #630,Drager Medical AG & Co KGaA,Evita,2017-05-11,14,2
PRK360,Infusion Pump,10,1,0,2,1,1,38.79,0,2,475.07,Germany,Infusomat Space #1,B. Braun Melsungen AG,Infusomat,2002-07-25,21,2
PRK341,Infusion Pump,9,1,0,2,2,1,46.43,1,2,331.9,USA,Sigma Spectrum #780,Baxter Healthcare Corp,Sigma,2009-12-03,21,2
PRK312,Sphygmomanometers,12,1,0,1,1,1,114.4,0,2,0.0,Malaysia,MV-BP100 #740,Med-Vantage Sdn Bhd,MedVantage,2003-09-06,19,2
PRK311,Sphygmomanometers,9,1,0,1,1,1,25.18,1,1,202.66,Japan,HEM-907 #573,Omron Healthcare Co Ltd,Omron,2015-04-09,37,2
PRK360,Infusion Pump,14,1,2,2,1,1,240.93,0,2,0.0,Ireland,Alaris GP #201,Medtronic,Alaris,2019-02-11,10,3
PRK358,Physiologic Monitoring System,21,1,1,1,1,1,1355.55,1,2,273.84,Japan,Life Scope #948,Nihon Kohden Corp,Nihon Kohden,2013-06-29,10,2
PRK342,Infusion Pump,8,1,1,2,1,1,4.33,0,2,607.69,USA,Sigma Spectrum #282,Baxter Healthcare Corp,Sigma,2019-05-02,13,2
PRK360,Infusion Pump,4,0,0,2,1,1,0.0,0,2,0.0,Ireland,Alaris GP #521,Medtronic,Alaris,2016-03-15,,1
PRK333,Infusion Pump,9,1,0,2,1,1,99.79,0,2,1269.01,Ireland,Alaris GP #594,Medtronic,Alaris,2012-01-11,19,3
PRK358,Infusion Pump,5,1,0,2,1,1,156.79,0,2,2048.76,USA,Sigma Spectrum #521,Baxter Healthcare Corp,Sigma,2012-03-23,39,2
PRK312,Infusion Pump,3,1,0,2,1,1,6.09,0,2,16778.58,USA,Sigma Spectrum #258,Baxter Healthcare Corp,Sigma,2003-12-10,10,2
PRK312,Ventilator,19,1,0,3,1,1,0.0,1,2,315.81,Germany,Evita V500 #179,Drager Medical AG & Co KGaA,Evita,2004-12-05,12,2
PRK333,Infusion Pump,9,1,0,2,1,1,10.01,0,2,0.0,Ireland,Alaris GP #605,Medtronic,Alaris,2016-12-26,7,3
PRK320,Infusion Pump,6,1,0,2,1,1,35.11,0,2,2853.65,USA,Sigma Spectrum #266,Baxter Healthcare Corp,Sigma,2011-02-25,50,3
PRK330,Physiologic Monitoring System,10,1,0,1,1,1,0.0,0,2,0.0,USA,CARESCAPE #411,GE Healthcare,GE,2012-10-16,,1
PRK350,Infusion Pump,6,1,0,2,1,1,0.0,1,2,0.0,Germany,Infusomat Space #953,B. Braun Melsungen AG,Infusomat,2016-03-11,,1
PRK300,Infusion Pump,20,1,0,2,1,1,9.1,0,1,3566.18,Germany,Infusomat Space #855,B. Braun Melsungen AG,Infusomat,2010-03-22,20,3
PRK342,Physiologic Monitoring System,30,1,0,1,1,1,207.22,1,2,56.77,Japan,Life Scope #633,Nihon Kohden Corp,Nihon Kohden,2004-07-20,4,2
PRK310,Infusion Pump,6,0,0,2,1,1,44.81,1,2,50.9,USA,Sigma Spectrum #321,Baxter Healthcare Corp,Sigma,2004-03-20,9,3
PRK358,Physiologic Monitoring System,8,1,2,1,1,1,3.89,0,1,0.0,USA,CARESCAPE #475,GE Healthcare,GE,2012-05-23,11,2
PRK312,Defibrillator,11,0,0,3,1,1,18.12,1,1,0.0,Netherlands,HeartStart XL #594,Koninklijke Philips N.V.,HeartStart,2002-03-06,23,2
PRK342,Infusion Pump,3,1,0,2,1,1,0.0,0,2,0.0,Ireland,Alaris GP #797,Medtronic,Alaris,2003-12-12,,1
PRK341,Defibrillator,1,1,0,3,2,1,186.41,0,2,35.42,Netherlands,HeartStart XL #736,Koninklijke Philips N.V.,HeartStart,2006-11-20,48,2
PRK326,Defibrillator,18,1,0,3,2,1,0.0,0,2,0.0,Netherlands,HeartStart XL #903,Koninklijke Philips N.V.,HeartStart,2012-11-09,,1
PRK319,Ventilator,6,1,0,3,1,1,119.62,0,2,62.17,Germany,Evita V500 #886,Drager Medical AG & Co KGaA,Evita,2011-08-03,33,2
PRK300,Physiologic Monitoring System,6,0,0,1,1,1,53.03,0,2,7929.89,Netherlands,IntelliVue #564,Koninklijke Philips N.V.,Philips,1998-03-11,46,2
PRK320,Physiologic Monitoring System,12,1,0,1,1,1,99.08,0,2,10126.66,Japan,Life Scope #171,Nihon Kohden Corp,Nihon Kohden,2005-06-11,18,2
PRK312,Physiologic Monitoring System,4,1,0,1,1,1,54.02,0,2,12.31,Netherlands,IntelliVue #804,Koninklijke Philips N.V.,Philips,2013-12-30,21,2
PRK311,Physiologic Monitoring System,6,1,0,1,1,1,0.0,1,2,0.0,USA,CARESCAPE #815,GE Healthcare,GE,2017-09-04,,1
PRK342,Infusion Pump,3,1,0,2,1,1,0.0,0,2,0.0,Ireland,Alaris GP #233,Medtronic,Alaris,2016-02-19,,1
PRK319,Sphygmomanometers,1,0,0,1,1,1,68.15,0,2,0.0,Malaysia,MV-BP100 #862,Med-Vantage Sdn Bhd,MedVantage,2001-12-22,33,2
PRK319,Physiologic Monitoring System,6,1,0,1,1,1,21.35,0,2,0.0,Japan,Life Scope #216,Nihon Kohden Corp,Nihon Kohden,2014-01-31,16,2
PRK320,Ventilator,4,0,0,3,1,1,0.0,0,2,0.0,UK,Blease 8200p #718,Blease Medical Equipment Ltd,Blease,2016-10-08,,1
PRK330,Infusion Pump,4,0,0,2,2,1,6.43,1,2,0.0,Germany,Infusomat Space #21,B. Braun Melsungen AG,Infusomat,2000-07-29,54,2
PRK333,Infusion Pump,9,1,0,2,1,1,134.35,0,2,12223.93,USA,Sigma Spectrum #650,Baxter Healthcare Corp,Sigma,2015-11-26,14,2
PRK341,Infusion Pump,15,1,0,2,1,1,157.23,0,2,435.5,Germany,Infusomat Space #206,B. Braun Melsungen AG,Infusomat,1995-07-20,19,2
PRK341,Infusion Pump,15,0,0,2,1,1,0.0,0,2,0.0,Germany,Infusomat Space #587,B. Braun Melsungen AG,Infusomat,2015-08-19,,1
PRK333,Infusion Pump,14,1,0,2,2,1,0.0,0,2,0.0,Germany,Infusomat Space #781,B. Braun Melsungen AG,Infusomat,2003-04-16,,1
PRK326,Infusion Pump,5,1,0,2,1,1,0.0,0,2,38.58,Germany,Infusomat Space #452,B. Braun Melsungen AG,Infusomat,2006-11-24,32,2
PRK319,Infusion Pump,8,1,0,2,1,1,47.43,0,2,3347.46,Ireland,Alaris GP #606,Medtronic,Alaris,2006-08-15,9,3
PRK342,Infusion Pump,5,0,0,2,1,1,0.0,0,2,801.39,Ireland,Alaris GP #658,Medtronic,Alaris,2012-01-14,29,2
PRK319,Infusion Pump,5,0,0,2,1,1,0.0,1,2,0.0,Germany,Infusomat Space #790,B. Braun Melsungen AG,Infusomat,2010-01-05,,1
PRK358,Sphygmomanometers,5,1,0,1,1,1,18.2,0,2,58456.93,Malaysia,MV-BP100 #23,Med-Vantage Sdn Bhd,MedVantage,2018-02-21,28,3
PRK341,Infusion Pump,3,0,0,2,1,1,0.0,0,2,193.41,Ireland,Alaris GP #501,Medtronic,Alaris,2009-01-03,20,2
PRK341,Infusion Pump,10,1,0,2,1,1,262.01,0,2,0.0,Ireland,Alaris GP #522,Medtronic,Alaris,2003-02-10,11,2
PRK333,Infusion Pump,18,1,2,2,1,1,0.0,0,1,0.0,Germany,Infusomat Space #359,B. Braun Melsungen AG,Infusomat,2009-07-18,,1
PRK358,Infusion Pump,5,0,0,2,1,1,14.2,0,2,18691.9,Ireland,Alaris GP #946,Medtronic,Alaris,2010-03-20,10,3
PRK330,Infusion Pump,5,0,0,2,1,1,0.0,1,2,0.0,USA,Sigma Spectrum #114,Baxter Healthcare Corp,Sigma,2009-03-05,,1
PRK330,Physiologic Monitoring System,1,0,0,1,1,1,18.74,0,2,1466.37,Japan,Life Scope #565,Nihon Kohden Corp,Nihon Kohden,2009-12-31,9,2
PRK358,Sphygmomanometers,13,1,0,1,1,1,45.4,0,2,21.86,Malaysia,MV-BP100 #391,Med-Vantage Sdn Bhd,MedVantage,2011-04-25,21,2
PRK341,Infusion Pump,1,0,1,2,1,1,3.01,0,2,19675.35,Ireland,Alaris GP #664,Medtronic,Alaris,1999-06-13,13,2
PRK330,Physiologic Monitoring System,9,1,0,1,1,1,0.0,0,1,0.0,Netherlands,IntelliVue #874,Koninklijke Philips N.V.,Philips,2019-12-21,,1
PRK319,Infusion Pump,4,0,0,2,1,1,7.51,0,2,155.71,Ireland,Alaris GP #796,Medtronic,Alaris,2019-09-29,54,3
PRK319,Infusion Pump,7,0,0,2,1,1,15.29,0,2,41880.87,USA,Sigma Spectrum #404,Baxter Healthcare Corp,Sigma,2019-05-15,22,2
PRK350,Infusion Pump,9,0,0,2,1,1,1455.25,1,2,106.11,USA,Sigma Spectrum #54,Baxter Healthcare Corp,Sigma,2011-02-25,33,2
PRK319,Infusion Pump,9,0,0,2,1,1,0.0,0,2,0.0,Ireland,Alaris GP #564,Medtronic,Alaris,1999-12-26,,1
PRK300,Physiologic Monitoring System,16,1,0,1,1,1,0.0,1,2,0.0,Netherlands,IntelliVue #280,Koninklijke Philips N.V.,Philips,2017-03-11,,1
PRK300,Physiologic Monitoring System,1,0,0,1,2,1,36.13,0,2,2813.24,USA,CARESCAPE #908,GE Healthcare,GE,2009-07-20,44,2
PRK360,Physiologic Monitoring System,15,1,0,1,1,1,0.0,0,2,0.0,USA,CARESCAPE #700,GE Healthcare,GE,2011-07-30,,1
PRK340,Infusion Pump,10,0,0,2,2,1,26.85,0,2,397.57,USA,Sigma Spectrum #642,Baxter Healthcare Corp,Sigma,2017-08-25,25,2
PRK333,Physiologic Monitoring System,17,1,0,1,1,1,0.0,0,2,0.0,Japan,Life Scope #306,Nihon Kohden Corp,Nihon Kohden,2005-05-04,,1
PRK358,Infusion Pump,8,1,0,2,1,1,15.79,0,2,52.7,Ireland,Alaris GP #592,Medtronic,Alaris,2016-09-21,43,2
PRK320,Infusion Pump,2,1,0,2,1,1,14.27,0,2,189.05,Germany,Infusomat Space #361,B. Braun Melsungen AG,Infusomat,2014-07-16,14,2
PRK350,Infusion Pump,8,1,0,2,1,1,814.5,0,2,12883.89,Ireland,Alaris GP #931,Medtronic,Alaris,2018-05-08,16,2
PRK342,Physiologic Monitoring System,13,1,0,1,1,1,0.0,0,2,0.0,Netherlands,IntelliVue #605,Koninklijke Philips N.V.,Philips,2012-01-30,,1
PRK333,Radiographic System,14,0,1,1,1,1,17.96,0,2,90.19,Germany,Somatom #319,Siemens Healthineers,Siemens,2012-04-06,14,3
PRK342,Infusion Pump,8,1,0,2,2,1,246.91,0,2,0.0,USA,Sigma Spectrum #665,Baxter Healthcare Corp,Sigma,2015-11-18,18,3
PRK360,Physiologic Monitoring System,7,1,0,1,1,1,431.19,1,2,60542.47,Japan,Life Scope #974,Nihon Kohden Corp,Nihon Kohden,2016-12-25,19,2
PRK312,Physiologic Monitoring System,9,1,0,1,2,1,15.09,0,2,2.25,USA,CARESCAPE #401,GE Healthcare,GE,2006-05-23,19,2
PRK300,Ventilator,16,1,0,3,1,1,0.0,0,2,0.0,UK,Blease 8200p #864,Blease Medical Equipment Ltd,Blease,2019-06-12,,1
PRK358,Physiologic Monitoring System,6,0,0,1,1,1,55.39,0,2,2073.98,Japan,Life Scope #824,Nihon Kohden Corp,Nihon Kohden,2004-03-27,41,2
PRK330,Physiologic Monitoring System,11,1,0,1,1,1,0.0,0,2,0.0,Japan,Life Scope #561,Nihon Kohden Corp,Nihon Kohden,2010-06-16,,1
PRK340,Physiologic Monitoring System,25,0,1,1,1,1,0.0,0,2,0.0,Netherlands,IntelliVue #340,Koninklijke Philips N.V.,Philips,2004-12-19,,1
PRK319,Defibrillator,30,0,1,3,2,1,22.43,0,2,3870.37,Netherlands,HeartStart XL #393,Koninklijke Philips N.V.,HeartStart,2013-01-16,5,2
PRK358,Infusion Pump,16,1,2,2,2,1,0.0,0,2,0.0,Ireland,Alaris GP #706,Medtronic,Alaris,2013-09-20,,1
PRK342,Sphygmomanometers,7,0,0,1,2,1,13460.26,0,1,8406.39,Japan,HEM-907 #118,Omron Healthcare Co Ltd,Omron,2019-04-15,44,2
PRK360,Infusion Pump,3,0,2,2,3,1,10.75,1,2,8637.52,USA,Sigma Spectrum #904,Baxter Healthcare Corp,Sigma,2008-12-18,45,2
PRK333,Ventilator,11,1,0,3,1,1,3.86,0,2,0.0,UK,Blease 8200p #391,Blease Medical Equipment Ltd,Blease,2013-08-28,39,2
PRK360,Infusion Pump,22,1,2,2,1,1,0.0,0,2,0.0,USA,Sigma Spectrum #582,Baxter Healthcare Corp,Sigma,2002-04-20,,1
PRK333,Infusion Pump,8,1,0,2,1,1,0.0,0,2,0.0,USA,Sigma Spectrum #378,Baxter Healthcare Corp,Sigma,2016-05-06,,1
PRK341,Infusion Pump,17,0,0,2,1,1,31.41,0,2,760.54,Ireland,Alaris GP #960,Medtronic,Alaris,2006-04-08,7,2
PRK342,Infusion Pump,16,1,0,2,1,1,259.41,0,1,1280.36,Germany,Infusomat Space #264,B. Braun Melsungen AG,Infusomat,2015-01-13,41,2
PRK333,Infusion Pump,8,0,1,2,1,1,6.03,0,2,7821.48,Ireland,Alaris GP #467,Medtronic,Alaris,1994-12-16,32,2
PRK340,Infusion Pump,15,1,0,2,1,1,96.21,0,2,625.44,Ireland,Alaris GP #484,Medtronic,Alaris,2017-01-15,35,3
PRK319,Infusion Pump,3,0,0,2,1,1,38.91,0,2,4027.78,USA,Sigma Spectrum #726,Baxter Healthcare Corp,Sigma,1996-08-10,25,2
PRK320,Infusion Pump,7,1,0,2,1,1,58.1,0,2,295.52,Germany,Infusomat Space #975,B. Braun Melsungen AG,Infusomat,2007-01-02,47,2
PRK342,Physiologic Monitoring System,12,1,0,1,1,1,0.0,0,2,0.0,Netherlands,IntelliVue #945,Koninklijke Philips N.V.,Philips,2016-08-21,,1
PRK300,Defibrillator,8,1,0,3,1,1,0.0,0,2,0.0,USA,Lifepak 20e #376,Physio-Control Inc,Lifepak,2013-05-06,,1
PRK342,Physiologic Monitoring System,3,0,0,1,1,1,22.06,1,2,148.5,Netherlands,IntelliVue #412,Koninklijke Philips N.V.,Philips,2002-12-16,36,2
PRK319,Infusion Pump,15,0,0,2,1,1,11.97,0,2,1233.75,Germany,Infusomat Space #314,B. Braun Melsungen AG,Infusomat,2018-11-30,7,2
PRK319,Infusion Pump,11,1,1,2,1,1,143.26,0,2,9596.2,USA,Sigma Spectrum #983,Baxter Healthcare Corp,Sigma,2006-08-12,21,3
PRK342,Defibrillator,10,1,0,3,1,1,343.46,1,1,112.91,Netherlands,HeartStart XL #280,Koninklijke Philips N.V.,HeartStart,2004-08-02,12,2
PRK319,Infusion Pump,19,1,0,2,1,1,4.79,0,2,340.33,Germany,Infusomat Space #451,B. Braun Melsungen AG,Infusomat,2019-03-05,27,3
PRK360,Infusion Pump,15,1,0,2,1,1,0.0,1,2,0.0,Germany,Infusomat Space #32,B. Braun Melsungen AG,Infusomat,2007-08-21,,1
PRK360,Sphygmomanometers,1,1,0,1,1,1,6.68,1,2,62.81,Malaysia,MV-BP100 #103,Med-Vantage Sdn Bhd,MedVantage,2004-09-13,24,2
PRK330,Sphygmomanometers,10,1,0,1,1,1,4.77,0,2,0.0,Malaysia,MV-BP100 #149,Med-Vantage Sdn Bhd,MedVantage,2019-07-28,15,2
PRK326,Infusion Pump,9,0,0,2,1,1,36.62,0,2,139.01,Germany,Infusomat Space #555,B. Braun Melsungen AG,Infusomat,2001-11-13,29,2
PRK300,Physiologic Monitoring System,6,0,0,1,1,1,0.0,0,2,0.0,Japan,Life Scope #229,Nihon Kohden Corp,Nihon Kohden,1999-12-14,,1
PRK342,Infusion Pump,1,1,0,2,1,1,5.36,0,2,980.54,Germany,Infusomat Space #564,B. Braun Melsungen AG,Infusomat,2006-02-22,31,2
PRK312,Physiologic Monitoring System,4,1,0,1,1,1,11.8,0,1,211.03,Netherlands,IntelliVue #855,Koninklijke Philips N.V.,Philips,2016-10-19,12,3
PRK358,Infusion Pump,1,0,0,2,1,1,0.0,0,2,0.0,Ireland,Alaris GP #442,Medtronic,Alaris,2014-06-30,,1
PRK360,Infusion Pump,30,1,2,2,1,1,166.85,1,2,43682.57,USA,Sigma Spectrum #769,Baxter Healthcare Corp,Sigma,2017-11-12,10,3
PRK311,Physiologic Monitoring System,8,1,0,1,1,1,0.0,0,2,0.0,Japan,Life Scope #582,Nihon Kohden Corp,Nihon Kohden,2021-01-02,,1
PRK342,Infusion Pump,12,1,0,2,1,1,0.0,0,1,240.04,Germany,Infusomat Space #728,B. Braun Melsungen AG,Infusomat,2013-11-09,35,2
PRK333,Physiologic Monitoring System,3,1,0,1,1,1,1.98,0,1,7241.05,Netherlands,IntelliVue #577,Koninklijke Philips N.V.,Philips,2011-02-24,44,2
PRK340,Infusion Pump,1,0,1,2,1,1,0.0,0,2,0.0,Germany,Infusomat Space #169,B. Braun Melsungen AG,Infusomat,2005-03-12,,1
PRK312,Defibrillator,6,0,0,3,1,1,204.64,0,2,271.98,Netherlands,HeartStart XL #191,Koninklijke Philips N.V.,HeartStart,2016-10-29,8,2
PRK342,Ventilator,5,1,0,3,1,1,0.0,0,2,0.0,UK,Blease 8200p #978,Blease Medical Equipment Ltd,Blease,2019-08-18,,1
PRK312,Infusion Pump,10,1,0,2,1,1,142.92,0,2,246.21,USA,Sigma Spectrum #76,Baxter Healthcare Corp,Sigma,2020-09-24,22,2
PRK358,Ventilator,6,0,0,3,1,1,0.0,0,2,0.0,Germany,Evita V500 #956,Drager Medical AG & Co KGaA,Evita,2015-08-08,,1
PRK330,Infusion Pump,30,1,1,2,1,1,0.0,0,2,0.0,Germany,Infusomat Space #345,B. Braun Melsungen AG,Infusomat,2012-09-16,,1
PRK341,Infusion Pump,17,1,0,2,1,1,0.0,0,2,0.0,USA,Sigma Spectrum #656,Baxter Healthcare Corp,Sigma,2013-08-18,,1
PRK358,Infusion Pump,23,1,0,2,1,1,170.14,0,2,183.92,USA,Sigma Spectrum #817,Baxter Healthcare Corp,Sigma,2007-07-27,12,2
PRK342,Defibrillator,8,1,0,3,1,1,0.0,0,2,0.0,USA,Lifepak 20e #947,Physio-Control Inc,Lifepak,2009-06-10,,1
PRK340,Ventilator,10,1,0,3,1,1,194.23,0,2,10162.16,USA,Smartvent 7900 #195,Datex-Ohmeda Inc,Smartvent,2018-07-07,26,2
PRK330,Defibrillator,21,1,2,3,1,1,0.0,0,2,0.0,Netherlands,HeartStart XL #780,Koninklijke Philips N.V.,HeartStart,1997-03-05,,1
PRK330,Defibrillator,6,1,0,3,1,1,0.0,0,2,0.0,USA,Lifepak 20e #330,Physio-Control Inc,Lifepak,2004-09-21,,1
PRK320,Sphygmomanometers,12,0,0,1,1,1,0.0,0,2,0.0,Japan,HEM-907 #127,Omron Healthcare Co Ltd,Omron,2014-12-20,,1
PRK360,Infusion Pump,6,1,2,2,1,1,4.56,0,2,149.62,Germany,Infusomat Space #428,B. Braun Melsungen AG,Infusomat,2004-12-26,15,2
PRK319,Sphygmomanometers,12,0,0,1,1,1,385.54,1,2,11.7,Malaysia,MV-BP100 #570,Med-Vantage Sdn Bhd,MedVantage,2006-05-17,8,3
PRK330,Physiologic Monitoring System,2,1,0,1,1,1,0.0,0,2,0.0,Japan,Life Scope #934,Nihon Kohden Corp,Nihon Kohden,2013-03-15,,1
PRK342,Infusion Pump,5,0,0,2,1,1,0.0,0,2,0.0,Ireland,Alaris GP #302,Medtronic,Alaris,2010-11-14,,1
PRK320,Physiologic Monitoring System,10,1,0,1,1,1,0.87,1,2,1904.27,USA,CARESCAPE #885,GE Healthcare,GE,2009-07-04,16,3
PRK358,Infusion Pump,11,1,0,2,1,1,0.59,0,2,0.0,Ireland,Alaris GP #320,Medtronic,Alaris,2009-07-17,22,3
PRK319,Infusion Pump,14,1,0,2,1,1,1302.83,0,2,8.41,Germany,Infusomat Space #499,B. Braun Melsungen AG,Infusomat,2010-02-09,11,3
PRK300,Infusion Pump,3,0,0,2,1,1,25743.0,0,2,39.99,USA,Sigma Spectrum #728,Baxter Healthcare Corp,Sigma,2012-04-30,9,2
PRK341,Infusion Pump,10,1,0,2,1,1,0.0,1,2,0.0,Germany,Infusomat Space #338,B. Braun Melsungen AG,Infusomat,2012-02-19,,1
PRK333,Infusion Pump,2,0,0,2,1,1,0.0,0,2,0.0,Ireland,Alaris GP #626,Medtronic,Alaris,2010-04-28,,1
PRK358,Defibrillator,7,0,1,3,1,1,0.0,0,2,0.0,USA,Lifepak 20e #492,Physio-Control Inc,Lifepak,2014-09-01,,1
PRK330,Physiologic Monitoring System,9,1,0,1,1,1,3.21,1,2,30755.07,Netherlands,IntelliVue #558,Koninklijke Philips N.V.,Philips,2012-06-25,48,2
PRK311,Infusion Pump,8,0,0,2,1,1,1066.55,1,2,2.15,Ireland,Alaris GP #224,Medtronic,Alaris,2009-04-27,22,2
PRK320,Infusion Pump,25,1,0,2,1,1,0.0,1,2,0.0,Ireland,Alaris GP #993,Medtronic,Alaris,2010-02-21,,1
PRK326,Infusion Pump,9,1,0,2,1,1,0.0,0,2,0.0,Germany,Infusomat Space #932,B. Braun Melsungen AG,Infusomat,2021-01-11,,1
PRK341,Infusion Pump,13,0,0,2,1,1,1091.85,1,2,425.81,Germany,Infusomat Space #262,B. Braun Melsungen AG,Infusomat,2018-10-22,25,3
PRK319,Ventilator,10,1,0,3,1,1,0.0,0,2,0.0,Germany,Evita V500 #824,Drager Medical AG & Co KGaA,Evita,2015-05-08,,1
PRK340,Infusion Pump,8,0,0,2,1,1,0.0,0,2,0.0,USA,Sigma Spectrum #873,Baxter Healthcare Corp,Sigma,2014-10-08,,1
PRK358,Physiologic Monitoring System,12,1,0,1,1,1,0.0,1,2,0.0,USA,CARESCAPE #452,GE Healthcare,GE,2008-09-24,,1
PRK330,Physiologic Monitoring System,9,1,0,1,1,1,54.23,0,2,285.87,USA,CARESCAPE #689,GE Healthcare,GE,2012-02-09,27,2
PRK341,Physiologic Monitoring System,9,1,0,1,1,1,0.0,0,2,0.0,Japan,Life Scope #595,Nihon Kohden Corp,Nihon Kohden,1992-04-14,,1
PRK319,Defibrillator,7,1,0,3,2,1,32.52,0,1,29262.42,Netherlands,HeartStart XL #28,Koninklijke Philips N.V.,HeartStart,2001-06-28,38,2
PRK350,Infusion Pump,6,0,0,2,1,1,44.54,1,2,668.66,Germany,Infusomat Space #250,B. Braun Melsungen AG,Infusomat,1997-08-14,40,2
PRK319,Defibrillator,5,1,0,3,1,1,13.46,0,2,22528.88,USA,Lifepak 20e #471,Physio-Control Inc,Lifepak,2013-04-22,21,3
PRK341,Physiologic Monitoring System,9,0,0,1,1,1,0.0,1,2,0.0,USA,CARESCAPE #302,GE Healthcare,GE,2020-01-05,,1
PRK319,Ventilator,8,1,0,3,1,1,923.51,0,1,36.36,Germany,Evita V500 #153,Drager Medical AG & Co KGaA,Evita,2012-10-19,41,2
PRK300,Physiologic Monitoring System,21,1,2,1,1,1,42.59,0,2,8612.2,Japan,Life Scope #133,Nihon Kohden Corp,Nihon Kohden,2020-07-13,11,2
PRK319,Ventilator,2,0,0,3,1,1,13.53,0,2,631.87,UK,Blease 8200p #119,Blease Medical Equipment Ltd,Blease,2020-05-12,50,2
PRK319,Radiographic System,26,1,1,1,1,1,1051.21,0,2,17846.19,Netherlands,DigitalDiagnost #703,Koninklijke Philips N.V.,Philips,2001-12-19,26,2
PRK358,Infusion Pump,3,1,0,2,1,1,32.85,0,2,4433.24,Germany,Infusomat Space #692,B. Braun Melsungen AG,Infusomat,2014-12-30,13,2
PRK319,Ventilator,8,1,0,3,2,1,39.66,0,2,5677.85,USA,Carestation 650 #611,Datex-Ohmeda Inc,Carestation,2017-06-12,38,3
PRK360,Physiologic Monitoring System,11,1,0,1,1,1,0.0,0,2,0.0,USA,CARESCAPE #887,GE Healthcare,GE,2007-01-09,,1
PRK333,Infusion Pump,4,1,0,2,1,1,2.9,1,2,72.85,Ireland,Alaris GP #968,Medtronic,Alaris,2008-09-16,9,3
PRK319,Sphygmomanometers,3,1,0,1,2,1,0.0,1,1,0.0,Malaysia,MV-BP100 #679,Med-Vantage Sdn Bhd,MedVantage,2015-02-28,,1
PRK326,Infusion Pump,7,1,0,2,1,1,0.0,0,2,0.0,USA,Sigma Spectrum #553,Baxter Healthcare Corp,Sigma,1996-02-25,,1
PRK312,Physiologic Monitoring System,13,1,0,1,1,1,0.0,0,2,0.0,Netherlands,IntelliVue #341,Koninklijke Philips N.V.,Philips,2014-12-28,,1
PRK358,Infusion Pump,15,1,0,2,1,1,314.43,0,2,118.22,Ireland,Alaris GP #864,Medtronic,Alaris,2007-09-25,35,2
PRK311,Infusion Pump,3,1,0,2,1,1,8.83,0,2,39.62,Germany,Infusomat Space #45,B. Braun Melsungen AG,Infusomat,2010-01-30,10,2
PRK358,Ventilator,7,0,0,3,1,1,0.0,1,2,0.0,USA,Carestation 650 #375,Datex-Ohmeda Inc,Carestation,2006-12-02,,1
PRK300,Infusion Pump,2,1,0,2,2,1,20.98,0,1,0.0,Germany,Infusomat Space #468,B. Braun Melsungen AG,Infusomat,2013-12-25,19,2
PRK319,Infusion Pump,4,0,0,2,1,1,287.29,0,2,198.06,USA,Sigma Spectrum #371,Baxter Healthcare Corp,Sigma,2014-08-25,36,3
PRK311,Infusion Pump,18,1,0,2,1,1,836.48,0,2,0.0,Ireland,Alaris GP #195,Medtronic,Alaris,2014-09-27,6,2
PRK342,Infusion Pump,11,1,0,2,1,1,0.0,0,1,0.0,USA,Sigma Spectrum #958,Baxter Healthcare Corp,Sigma,2002-10-23,,1
PRK333,Ventilator,4,0,0,3,1,1,0.0,0,2,1122.38,UK,Blease 8200p #824,Blease Medical Equipment Ltd,Blease,2001-04-11,27,2
PRK358,Defibrillator,17,1,0,3,1,1,50.0,0,2,375.71,USA,Lifepak 20e #840,Physio-Control Inc,Lifepak,2012-05-16,8,2
PRK320,Infusion Pump,5,1,0,2,1,1,0.0,0,2,0.0,Ireland,Alaris GP #348,Medtronic,Alaris,2006-06-22,,1
PRK300,Physiologic Monitoring System,8,1,0,1,2,1,0.0,0,2,0.0,Netherlands,IntelliVue #676,Koninklijke Philips N.V.,Philips,2013-02-09,,1
PRK342,Infusion Pump,1,1,0,2,1,1,268.6,0,2,1731.45,Germany,Infusomat Space #900,B. Braun Melsungen AG,Infusomat,2017-02-21,21,2
PRK341,Physiologic Monitoring System,4,0,0,1,1,1,1.16,0,2,3989.98,Netherlands,IntelliVue #689,Koninklijke Philips N.V.,Philips,1993-05-10,59,3
PRK358,Infusion Pump,10,1,0,2,1,1,0.0,0,2,0.0,Ireland,Alaris GP #123,Medtronic,Alaris,2010-03-26,,1
PRK330,Infusion Pump,10,1,0,2,1,1,970.8,0,2,231.38,Germany,Infusomat Space #283,B. Braun Melsungen AG,Infusomat,2003-10-27,39,2
PRK342,Infusion Pump,6,0,2,2,2,1,2.81,0,2,14.67,Germany,Infusomat Space #63,B. Braun Melsungen AG,Infusomat,2010-07-02,12,3
PRK312,Physiologic Monitoring System,7,0,0,1,1,1,125.63,0,2,0.0,Netherlands,IntelliVue #163,Koninklijke Philips N.V.,Philips,2008-02-09,23,2
PRK360,Infusion Pump,14,1,0,2,1,1,207.8,0,2,110503.81,Ireland,Alaris GP #4,Medtronic,Alaris,2014-05-19,14,2
PRK312,Infusion Pump,7,1,0,2,1,1,18.93,0,2,5293.38,Ireland,Alaris GP #296,Medtronic,Alaris,2016-10-06,14,2
PRK358,Ventilator,11,1,0,3,1,1,8.04,0,2,472.63,UK,Blease 8200p #978,Blease Medical Equipment Ltd,Blease,2002-11-12,14,3
PRK319,Physiologic Monitoring System,5,0,0,1,1,1,2.56,0,2,953.35,Netherlands,IntelliVue #87,Koninklijke Philips N.V.,Philips,2013-11-06,36,2
PRK350,Infusion Pump,8,1,0,2,1,1,0.0,1,2,0.0,Ireland,Alaris GP #473,Medtronic,Alaris,2007-10-13,,1
PRK358,Ventilator,1,1,0,3,1,1,0.0,0,1,0.0,USA,Smartvent 7900 #691,Datex-Ohmeda Inc,Smartvent,1991-11-23,,1
PRK358,Defibrillator,5,0,0,3,1,1,3.9,0,2,0.0,USA,Lifepak 20e #722,Physio-Control Inc,Lifepak,2017-10-07,16,2
PRK333,Infusion Pump,9,1,0,2,1,1,313.42,0,2,627.27,USA,Sigma Spectrum #625,Baxter Healthcare Corp,Sigma,2012-11-10,33,2
PRK330,Physiologic Monitoring System,8,1,0,1,1,1,0.0,0,2,0.0,USA,CARESCAPE #105,GE Healthcare,GE,2013-09-12,,1
PRK358,Infusion Pump,5,1,0,2,1,1,118.94,0,2,249.07,USA,Sigma Spectrum #233,Baxter Healthcare Corp,Sigma,2012-10-26,27,2
PRK341,Physiologic Monitoring System,3,0,0,1,2,1,11.01,0,2,811.14,Netherlands,IntelliVue #106,Koninklijke Philips N.V.,Philips,2018-05-13,11,2
PRK341,Infusion Pump,9,1,0,2,1,1,137.26,0,1,65.28,Ireland,Alaris GP #503,Medtronic,Alaris,2000-06-23,24,2
PRK319,Physiologic Monitoring System,7,0,0,1,1,1,76.16,1,2,116.93,Japan,Life Scope #269,Nihon Kohden Corp,Nihon Kohden,1996-11-12,14,2
PRK330,Infusion Pump,10,0,0,2,1,1,0.0,1,2,0.0,Germany,Infusomat Space #35,B. Braun Melsungen AG,Infusomat,2011-06-13,,1
PRK320,Infusion Pump,4,1,0,2,1,1,2.96,0,2,597.88,Germany,Infusomat Space #109,B. Braun Melsungen AG,Infusomat,2018-03-24,19,2
PRK341,Sphygmomanometers,12,1,0,1,1,1,0.0,0,2,0.0,Malaysia,MV-BP100 #1,Med-Vantage Sdn Bhd,MedVantage,2010-12-13,,1
PRK312,Infusion Pump,3,1,0,2,1,1,275.83,0,2,6156.81,USA,Sigma Spectrum #45,Baxter Healthcare Corp,Sigma,2008-10-05,51,2
PRK330,Defibrillator,2,0,0,3,1,1,16.3,0,1,521.44,USA,Lifepak 20e #194,Physio-Control Inc,Lifepak,2007-05-07,44,2
PRK358,Radiographic System,19,1,0,1,1,1,25.96,0,2,406.47,Japan,Aquilion #66,Canon Inc (Toshiba Medical),Canon,2018-04-08,7,2
PRK340,Defibrillator,3,1,0,3,1,1,140.28,0,2,2965.06,USA,Lifepak 20e #5,Physio-Control Inc,Lifepak,2012-04-17,49,2
PRK358,Infusion Pump,9,1,0,2,1,1,0.0,0,2,0.0,Germany,Infusomat Space #426,B. Braun Melsungen AG,Infusomat,2016-08-08,,1
PRK319,Ventilator,6,1,0,3,1,1,64.0,1,2,224.72,UK,Blease 8200p #92,Blease Medical Equipment Ltd,Blease,2009-07-13,5,2
PRK330,Infusion Pump,19,0,0,2,1,1,42.22,0,2,1882.33,Germany,Infusomat Space #428,B. Braun Melsungen AG,Infusomat,2005-12-18,4,2
PRK333,Infusion Pump,13,1,0,2,1,1,28.58,0,1,365.28,Ireland,Alaris GP #394,Medtronic,Alaris,2002-08-22,30,2
PRK326,Defibrillator,2,0,0,3,1,1,4.4,0,2,74.89,USA,Lifepak 20e #497,Physio-Control Inc,Lifepak,2014-07-19,25,2
PRK342,Physiologic Monitoring System,23,1,0,1,1,1,22.65,1,2,626.62,Japan,Life Scope #649,Nihon Kohden Corp,Nihon Kohden,2001-11-04,12,2
PRK311,Infusion Pump,16,1,0,2,1,1,139.04,0,2,2687.85,Ireland,Alaris GP #616,Medtronic,Alaris,2017-10-23,33,2
PRK333,Infusion Pump,6,0,0,2,1,1,0.0,0,2,0.0,Ireland,Alaris GP #338,Medtronic,Alaris,2013-10-05,,1
PRK311,Ventilator,3,0,0,3,1,1,127.4,0,2,8653.94,Germany,Evita V500 #275,Drager Medical AG & Co KGaA,Evita,2014-05-07,43,2
PRK341,Physiologic Monitoring System,9,1,0,1,1,1,29.13,0,2,269.35,Netherlands,IntelliVue #236,Koninklijke Philips N.V.,Philips,2008-12-17,16,2
PRK358,Infusion Pump,10,1,2,2,1,1,125.59,0,2,238.83,USA,Sigma Spectrum #528,Baxter Healthcare Corp,Sigma,2016-03-04,6,3
PRK300,Defibrillator,1,0,0,3,1,1,17.3,1,2,3717.94,Netherlands,HeartStart XL #578,Koninklijke Philips N.V.,HeartStart,2010-12-07,21,2
PRK330,Infusion Pump,9,0,0,2,1,1,6.43,1,2,0.0,Ireland,Alaris GP #986,Medtronic,Alaris,2009-09-19,18,2
PRK333,Infusion Pump,15,1,1,2,2,1,0.0,1,2,0.0,Germany,Infusomat Space #337,B. Braun Melsungen AG,Infusomat,2016-11-21,,1
PRK342,Physiologic Monitoring System,9,1,0,1,1,1,7.26,0,2,32.81,Netherlands,IntelliVue #647,Koninklijke Philips N.V.,Philips,2013-08-20,28,2
PRK300,Sphygmomanometers,8,1,0,1,1,1,15.08,0,2,34219.59,Japan,HEM-907 #707,Omron Healthcare Co Ltd,Omron,2018-12-21,8,2
PRK330,Infusion Pump,7,0,0,2,1,1,53.41,0,2,994.13,Germany,Infusomat Space #815,B. Braun Melsungen AG,Infusomat,2009-12-26,47,3
PRK350,Infusion Pump,4,1,0,2,1,1,2.05,0,2,49317.99,Germany,Infusomat Space #576,B. Braun Melsungen AG,Infusomat,2015-10-12,8,2
PRK333,Infusion Pump,17,1,0,2,1,1,18.69,0,2,214.86,USA,Sigma Spectrum #879,Baxter Healthcare Corp,Sigma,2014-05-18,28,2
PRK342,Defibrillator,6,0,0,3,1,1,16.04,0,2,1429.14,USA,Lifepak 20e #764,Physio-Control Inc,Lifepak,2015-12-09,8,2
PRK320,Infusion Pump,9,1,0,2,1,1,0.0,0,2,0.0,USA,Sigma Spectrum #222,Baxter Healthcare Corp,Sigma,2014-11-11,,1
PRK358,Infusion Pump,2,0,0,2,1,1,34.09,1,2,65.66,Ireland,Alaris GP #675,Medtronic,Alaris,2013-12-06,47,2
PRK300,Radiographic System,7,0,0,1,1,1,22.34,0,2,246.67,Germany,Somatom #215,Siemens Healthineers,Siemens,2019-04-01,21,2
PRK310,Infusion Pump,11,1,0,2,2,1,38.32,0,2,30557.94,Germany,Infusomat Space #611,B. Braun Melsungen AG,Infusomat,2009-05-29,25,2
PRK333,Physiologic Monitoring System,6,1,0,1,1,1,0.0,0,2,0.0,USA,CARESCAPE #213,GE Healthcare,GE,2018-04-06,,1
PRK333,Infusion Pump,6,1,0,2,1,1,0.0,0,2,0.0,Ireland,Alaris GP #296,Medtronic,Alaris,2016-02-27,,1
PRK341,Ventilator,8,1,0,3,1,1,129.56,0,2,70603.11,Germany,Evita V500 #401,Drager Medical AG & Co KGaA,Evita,2007-04-29,18,3
PRK319,Infusion Pump,11,1,0,2,1,1,0.0,0,1,0.0,Germany,Infusomat Space #278,B. Braun Melsungen AG,Infusomat,1998-01-03,,1
PRK319,Infusion Pump,9,1,0,2,1,1,10.31,0,2,5373.04,Ireland,Alaris GP #930,Medtronic,Alaris,2018-09-17,26,3
PRK342,Infusion Pump,28,1,2,2,2,1,0.0,0,2,0.0,Ireland,Alaris GP #730,Medtronic,Alaris,2007-12-31,,1
PRK319,Physiologic Monitoring System,19,1,0,1,1,1,34.16,1,1,18621.19,USA,CARESCAPE #865,GE Healthcare,GE,2013-07-23,48,2
PRK342,Ventilator,5,0,0,3,1,1,401.46,1,2,1538.37,Germany,Evita V500 #606,Drager Medical AG & Co KGaA,Evita,2005-05-20,32,2
PRK341,Infusion Pump,16,0,0,2,1,1,8.21,0,2,9128.73,USA,Sigma Spectrum #428,Baxter Healthcare Corp,Sigma,1999-07-16,16,2
PRK300,Infusion Pump,1,0,0,2,1,1,0.0,0,2,0.0,USA,Sigma Spectrum #51,Baxter Healthcare Corp,Sigma,2016-12-24,,1
PRK342,Defibrillator,6,0,0,3,1,1,20.36,0,2,3289.85,Netherlands,HeartStart XL #468,Koninklijke Philips N.V.,HeartStart,2003-09-09,31,3
PRK358,Infusion Pump,2,1,0,2,2,1,293.84,0,1,0.0,Germany,Infusomat Space #589,B. Braun Melsungen AG,Infusomat,2014-02-21,50,2
PRK358,Infusion Pump,12,1,0,2,1,1,26.44,0,2,317.74,USA,Sigma Spectrum #867,Baxter Healthcare Corp,Sigma,2012-07-24,21,2
PRK300,Physiologic Monitoring System,6,1,0,1,1,1,0.0,0,2,0.0,USA,CARESCAPE #96,GE Healthcare,GE,2012-07-09,,1
PRK340,Infusion Pump,3,0,0,2,1,1,0.0,0,2,0.0,Germany,Infusomat Space #555,B. Braun Melsungen AG,Infusomat,2012-03-03,,1
PRK358,Infusion Pump,14,1,0,2,1,1,1181.56,0,2,1890.58,USA,Sigma Spectrum #269,Baxter Healthcare Corp,Sigma,2010-12-26,17,2
PRK341,Infusion Pump,3,0,0,2,1,1,47.51,0,2,66.78,USA,Sigma Spectrum #376,Baxter Healthcare Corp,Sigma,2017-09-15,5,2
PRK319,Infusion Pump,13,1,0,2,1,1,368.51,1,2,937.29,Ireland,Alaris GP #416,Medtronic,Alaris,2001-03-31,9,3
PRK312,Infusion Pump,10,1,0,2,1,1,96.61,0,2,1322.7,USA,Sigma Spectrum #56,Baxter Healthcare Corp,Sigma,2018-04-30,11,2
PRK342,Physiologic Monitoring System,7,0,0,1,1,1,153.66,0,2,8582.1,USA,CARESCAPE #588,GE Healthcare,GE,2013-07-20,14,2
PRK342,Physiologic Monitoring System,15,1,0,1,1,1,26.24,1,2,1362.01,Netherlands,IntelliVue #438,Koninklijke Philips N.V.,Philips,2008-06-05,34,3
PRK358,Infusion Pump,4,0,0,2,1,1,0.0,0,2,0.0,USA,Sigma Spectrum #569,Baxter Healthcare Corp,Sigma,2005-05-02,,1
PRK358,Ventilator,2,0,0,3,1,1,7.64,0,2,476.11,Germany,Evita V500 #193,Drager Medical AG & Co KGaA,Evita,1998-10-08,13,2
PRK320,Infusion Pump,3,0,0,2,1,1,0.0,1,2,0.0,Ireland,Alaris GP #897,Medtronic,Alaris,2000-04-23,,1
PRK341,Physiologic Monitoring System,28,1,1,1,1,1,33.51,0,2,487.99,USA,CARESCAPE #53,GE Healthcare,GE,2015-08-23,7,3
PRK310,Infusion Pump,4,0,0,2,1,1,27.81,0,2,236.72,Germany,Infusomat Space #436,B. Braun Melsungen AG,Infusomat,2012-12-24,48,2
PRK310,Ventilator,6,0,0,3,1,1,0.0,0,2,0.0,USA,Smartvent 7900 #63,Datex-Ohmeda Inc,Smartvent,2014-06-30,,1
PRK300,Infusion Pump,21,1,0,2,1,1,205.13,0,2,2201.15,Ireland,Alaris GP #857,Medtronic,Alaris,2002-01-08,24,3
PRK358,Infusion Pump,6,0,0,2,1,1,1440.77,1,2,2334.45,Ireland,Alaris GP #586,Medtronic,Alaris,2010-04-20,14,3
PRK311,Infusion Pump,12,1,0,2,1,1,8.59,0,2,0.0,Ireland,Alaris GP #657,Medtronic,Alaris,2011-09-04,7,2
PRK333,Infusion Pump,23,1,1,2,1,1,100.97,0,2,0.0,Ireland,Alaris GP #425,Medtronic,Alaris,2017-03-13,43,3
PRK330,Infusion Pump,11,0,0,2,1,1,0.0,0,1,0.0,Germany,Infusomat Space #651,B. Braun Melsungen AG,Infusomat,2020-01-10,,1
PRK320,Physiologic Monitoring System,8,1,0,1,1,1,2.58,1,2,13708.64,Netherlands,IntelliVue #833,Koninklijke Philips N.V.,Philips,2013-08-22,29,3
PRK340,Ventilator,14,1,1,3,1,1,3564.88,0,1,949.96,USA,Carestation 650 #279,Datex-Ohmeda Inc,Carestation,2017-01-06,44,3
PRK300,Infusion Pump,1,0,0,2,1,1,44.67,0,2,23895.97,USA,Sigma Spectrum #625,Baxter Healthcare Corp,Sigma,2007-10-10,19,2
PRK326,Defibrillator,6,0,0,3,1,1,25.67,1,2,17531.69,USA,Lifepak 20e #252,Physio-Control Inc,Lifepak,2006-04-26,15,2
PRK333,Ventilator,19,1,0,3,1,1,252.85,0,2,948.43,USA,Carestation 650 #69,Datex-Ohmeda Inc,Carestation,2010-04-13,10,2
PRK350,Defibrillator,4,0,0,3,1,1,3859.21,0,2,163.12,Netherlands,HeartStart XL #471,Koninklijke Philips N.V.,HeartStart,2019-03-01,49,2
PRK342,Physiologic Monitoring System,9,0,0,1,1,1,88.24,0,2,292.35,Japan,Life Scope #482,Nihon Kohden Corp,Nihon Kohden,2002-09-15,8,2
PRK358,Physiologic Monitoring System,12,1,0,1,1,1,0.0,1,2,0.0,Japan,Life Scope #338,Nihon Kohden Corp,Nihon Kohden,2020-03-09,,1
PRK326,Infusion Pump,6,0,0,2,1,1,49.6,0,2,326.58,USA,Sigma Spectrum #591,Baxter Healthcare Corp,Sigma,2000-09-22,24,3
PRK311,Physiologic Monitoring System,12,1,1,1,1,1,320.36,0,1,70.2,Japan,Life Scope #359,Nihon Kohden Corp,Nihon Kohden,2014-11-13,10,3
PRK326,Defibrillator,10,0,0,3,1,1,11.97,1,2,61.89,USA,Lifepak 20e #836,Physio-Control Inc,Lifepak,2009-10-11,12,2
PRK360,Infusion Pump,30,1,0,2,1,1,0.0,0,2,0.0,Ireland,Alaris GP #778,Medtronic,Alaris,2009-09-08,,1
PRK319,Infusion Pump,14,1,0,2,1,1,0.0,0,2,0.0,USA,Sigma Spectrum #963,Baxter Healthcare Corp,Sigma,2001-07-29,,1
PRK312,Infusion Pump,10,0,0,2,1,1,561.48,0,2,8.53,Ireland,Alaris GP #465,Medtronic,Alaris,2016-10-08,13,2
PRK358,Sphygmomanometers,1,0,0,1,1,1,21.18,1,2,4606.77,Malaysia,MV-BP100 #436,Med-Vantage Sdn Bhd,MedVantage,2016-09-12,9,2
PRK360,Infusion Pump,4,1,0,2,1,1,279.74,0,2,7234.43,USA,Sigma Spectrum #538,Baxter Healthcare Corp,Sigma,2005-03-14,23,2
PRK311,Physiologic Monitoring System,3,0,0,1,1,1,103.64,0,2,2613.96,Netherlands,IntelliVue #242,Koninklijke Philips N.V.,Philips,2017-12-26,52,2
PRK342,Ventilator,21,1,2,3,1,1,0.0,0,2,0.0,USA,Carestation 650 #679,Datex-Ohmeda Inc,Carestation,2009-07-17,,1
PRK330,Radiographic System,3,1,0,1,1,1,195.19,0,2,429.39,Germany,Somatom #496,Siemens Healthineers,Siemens,2015-08-05,13,2
PRK333,Infusion Pump,6,0,0,2,1,1,12.8,1,2,1888.66,Ireland,Alaris GP #205,Medtronic,Alaris,2009-02-20,11,2
PRK333,Ventilator,10,1,0,3,1,1,340.52,0,2,11700.91,UK,Blease 8200p #212,Blease Medical Equipment Ltd,Blease,2000-06-25,24,2
PRK360,Defibrillator,5,0,0,3,1,1,35.52,0,2,98696.28,USA,Lifepak 20e #654,Physio-Control Inc,Lifepak,1993-08-18,52,2
PRK312,Infusion Pump,6,1,0,2,1,1,199.44,1,2,683.93,Ireland,Alaris GP #274,Medtronic,Alaris,2015-01-18,25,3
PRK342,Physiologic Monitoring System,10,1,0,1,1,1,0.0,0,2,0.0,Japan,Life Scope #707,Nihon Kohden Corp,Nihon Kohden,1998-09-08,,1
PRK300,Infusion Pump,4,0,0,2,1,1,64.04,0,2,2043.99,Germany,Infusomat Space #147,B. Braun Melsungen AG,Infusomat,2011-07-20,6,2
PRK341,Physiologic Monitoring System,9,1,0,1,1,1,0.0,1,2,0.0,Japan,Life Scope #761,Nihon Kohden Corp,Nihon Kohden,2010-05-11,,1
PRK341,Infusion Pump,14,1,0,2,1,1,19.64,0,2,114.15,USA,Sigma Spectrum #643,Baxter Healthcare Corp,Sigma,2011-05-23,23,2
PRK342,Infusion Pump,5,0,0,2,2,1,9.09,0,2,5092.36,Ireland,Alaris GP #708,Medtronic,Alaris,2011-04-20,38,3
PRK358,Infusion Pump,3,0,0,2,2,1,147.28,0,2,3179.63,Germany,Infusomat Space #695,B. Braun Melsungen AG,Infusomat,2006-11-29,7,2
PRK342,Infusion Pump,24,1,2,2,1,1,0.0,0,1,0.0,USA,Sigma Spectrum #529,Baxter Healthcare Corp,Sigma,2012-04-14,,1
PRK342,Infusion Pump,24,1,0,2,1,1,2.69,0,1,18.08,Ireland,Alaris GP #367,Medtronic,Alaris,2003-07-07,17,3
PRK319,Physiologic Monitoring System,7,1,0,1,1,1,0.0,0,2,0.0,USA,CARESCAPE #577,GE Healthcare,GE,2018-03-11,,1
PRK360,Infusion Pump,9,0,0,2,1,1,40.51,1,2,562.81,USA,Sigma Spectrum #9,Baxter Healthcare Corp,Sigma,2018-06-29,46,2
PRK333,Infusion Pump,9,1,0,2,1,1,49.07,1,2,608.97,Ireland,Alaris GP #766,Medtronic,Alaris,2019-11-29,12,2
PRK330,Physiologic Monitoring System,6,0,0,1,1,1,125.0,1,2,378.28,Japan,Life Scope #603,Nihon Kohden Corp,Nihon Kohden,2009-10-12,44,3
PRK333,Physiologic Monitoring System,7,0,0,1,1,1,86.06,0,2,5265.24,Netherlands,IntelliVue #602,Koninklijke Philips N.V.,Philips,2011-03-17,42,2
PRK326,Infusion Pump,1,1,0,2,1,1,2046.51,0,1,1094.78,USA,Sigma Spectrum #235,Baxter Healthcare Corp,Sigma,2005-04-07,6,2
PRK341,Sphygmomanometers,2,0,0,1,1,1,0.0,1,2,0.0,Malaysia,MV-BP100 #997,Med-Vantage Sdn Bhd,MedVantage,2014-08-27,,1
PRK320,Infusion Pump,6,0,0,2,1,1,61.95,0,2,66047.66,Ireland,Alaris GP #115,Medtronic,Alaris,2014-07-30,3,2
PRK319,Ventilator,5,1,0,3,1,1,0.0,0,2,0.0,Germany,Evita V500 #656,Drager Medical AG & Co KGaA,Evita,1995-01-05,,1
PRK358,Infusion Pump,3,1,0,2,2,1,37.0,1,2,188.31,Ireland,Alaris GP #494,Medtronic,Alaris,2011-05-15,30,2
PRK358,Physiologic Monitoring System,7,0,0,1,1,1,0.0,0,2,0.0,Japan,Life Scope #305,Nihon Kohden Corp,Nihon Kohden,2014-05-07,,1
PRK333,Radiographic System,13,1,0,1,2,2,267.47,0,2,2035.21,Japan,Aquilion #328,Canon Inc (Toshiba Medical),Canon,2010-07-06,33,2
PRK360,Ventilator,4,1,0,3,1,1,999.96,0,2,34.58,USA,Smartvent 7900 #426,Datex-Ohmeda Inc,Smartvent,2019-03-04,15,2
PRK330,Physiologic Monitoring System,10,1,0,1,1,1,40.55,0,2,3044.99,Netherlands,IntelliVue #379,Koninklijke Philips N.V.,Philips,1995-02-09,38,2
PRK326,Physiologic Monitoring System,6,1,0,1,1,1,145.72,0,2,324.24,USA,CARESCAPE #761,GE Healthcare,GE,2015-05-03,48,2
PRK358,Infusion Pump,14,1,0,2,1,1,10.66,0,2,3496.62,Ireland,Alaris GP #768,Medtronic,Alaris,2017-11-19,6,2
PRK341,Physiologic Monitoring System,2,1,0,1,2,1,175.17,1,2,2.7,USA,CARESCAPE #579,GE Healthcare,GE,2010-12-01,26,2
PRK342,Physiologic Monitoring System,3,1,0,1,1,1,0.0,0,2,0.0,Netherlands,IntelliVue #880,Koninklijke Philips N.V.,Philips,2012-09-08,,1
PRK330,Radiographic System,6,1,0,1,1,1,79.01,0,2,3321.38,Germany,Somatom #411,Siemens Healthineers,Siemens,2006-07-02,32,3
PRK330,Infusion Pump,4,0,0,2,1,1,0.0,0,2,0.0,Germany,Infusomat Space #837,B. Braun Melsungen AG,Infusomat,2005-11-29,,1
PRK300,Infusion Pump,17,1,0,2,2,1,588.61,1,2,1358.29,Ireland,Alaris GP #550,Medtronic,Alaris,2001-07-24,6,2
PRK360,Physiologic Monitoring System,2,1,0,1,1,1,0.0,1,2,0.0,Netherlands,IntelliVue #583,Koninklijke Philips N.V.,Philips,2012-05-16,,1
PRK319,Infusion Pump,6,0,0,2,2,1,983.32,0,2,1181.23,USA,Sigma Spectrum #850,Baxter Healthcare Corp,Sigma,2008-08-09,48,2
PRK333,Infusion Pump,28,1,1,2,1,1,487.23,1,2,289.59,Ireland,Alaris GP #144,Medtronic,Alaris,2010-05-21,5,2
PRK311,Infusion Pump,2,1,0,2,1,1,0.0,1,2,0.0,Ireland,Alaris GP #936,Medtronic,Alaris,2014-04-18,,1
PRK341,Physiologic Monitoring System,8,1,0,1,1,1,31.48,0,1,1482.16,Japan,Life Scope #361,Nihon Kohden Corp,Nihon Kohden,2006-01-15,9,2
PRK326,Infusion Pump,6,0,0,2,1,1,374.65,0,2,1296.07,Ireland,Alaris GP #785,Medtronic,Alaris,2000-11-18,42,3
PRK342,Infusion Pump,11,1,0,2,1,1,0.0,0,2,0.0,Germany,Infusomat Space #459,B. Braun Melsungen AG,Infusomat,2011-10-12,,1
PRK333,Infusion Pump,10,1,0,2,2,1,0.0,0,2,0.0,Germany,Infusomat Space #584,B. Braun Melsungen AG,Infusomat,2008-12-22,,1
PRK311,Defibrillator,9,1,0,3,1,1,754.88,0,2,1998.96,USA,Lifepak 20e #550,Physio-Control Inc,Lifepak,2012-08-12,33,2
PRK300,Physiologic Monitoring System,15,1,0,1,1,1,326.03,0,2,131.19,Japan,Life Scope #544,Nihon Kohden Corp,Nihon Kohden,1999-05-08,24,2
PRK319,Infusion Pump,15,1,0,2,1,1,521.81,1,2,18369.41,Ireland,Alaris GP #150,Medtronic,Alaris,2014-07-16,28,2
PRK342,Infusion Pump,5,1,0,2,2,1,225.68,0,2,72189.85,Ireland,Alaris GP #390,Medtronic,Alaris,2014-12-16,42,2
PRK358,Physiologic Monitoring System,5,0,2,1,2,1,57.15,1,2,0.0,USA,CARESCAPE #299,GE Healthcare,GE,2011-01-20,37,2
PRK320,Infusion Pump,12,1,0,2,1,1,0.0,0,2,0.0,Ireland,Alaris GP #282,Medtronic,Alaris,2018-08-20,,1
PRK340,Physiologic Monitoring System,9,1,0,1,1,1,0.0,1,2,0.0,Netherlands,IntelliVue #838,Koninklijke Philips N.V.,Philips,2009-02-24,,1
PRK319,Infusion Pump,10,1,0,2,2,1,189.91,0,2,1340.21,Germany,Infusomat Space #266,B. Braun Melsungen AG,Infusomat,2018-03-06,37,2
PRK358,Defibrillator,8,1,0,3,1,1,38.74,0,2,618.77,Netherlands,HeartStart XL #987,Koninklijke Philips N.V.,HeartStart,2016-12-06,40,2
PRK360,Infusion Pump,5,0,0,2,1,1,1.79,0,2,0.0,Ireland,Alaris GP #98,Medtronic,Alaris,2011-06-04,17,2
PRK342,Physiologic Monitoring System,12,1,0,1,1,1,19.07,1,2,3378.85,USA,CARESCAPE #229,GE Healthcare,GE,2009-06-02,13,2
PRK310,Infusion Pump,4,0,0,2,1,1,0.0,0,2,0.0,USA,Sigma Spectrum #173,Baxter Healthcare Corp,Sigma,2000-02-03,,1
PRK330,Sphygmomanometers,28,1,0,1,1,1,87.87,0,2,0.0,USA,DS66 #753,Welch Allyn Inc,Welch Allyn,2010-12-02,12,2
PRK360,Sphygmomanometers,26,1,0,1,1,1,261.67,1,2,9.09,USA,DS66 #27,Welch Allyn Inc,Welch Allyn,2018-03-09,4,2
PRK319,Physiologic Monitoring System,30,1,0,1,1,1,82.21,0,2,13.66,Japan,Life Scope #272,Nihon Kohden Corp,Nihon Kohden,2012-01-12,6,2
PRK341,Infusion Pump,9,1,0,2,1,1,3.83,0,1,74.31,USA,Sigma Spectrum #91,Baxter Healthcare Corp,Sigma,2006-06-07,18,2
PRK358,Infusion Pump,6,0,0,2,1,1,27.88,0,2,307.71,Germany,Infusomat Space #143,B. Braun Melsungen AG,Infusomat,2018-12-24,36,2
PRK342,Ventilator,20,1,0,3,1,1,0.0,0,2,0.0,UK,Blease 8200p #380,Blease Medical Equipment Ltd,Blease,2007-10-14,,1
PRK341,Physiologic Monitoring System,8,1,0,1,1,1,43.29,0,2,0.0,USA,CARESCAPE #144,GE Healthcare,GE,2010-08-13,37,2
PRK333,Infusion Pump,14,1,0,2,1,1,0.0,0,2,0.0,USA,Sigma Spectrum #624,Baxter Healthcare Corp,Sigma,2006-02-09,,1
PRK358,Infusion Pump,14,0,0,2,1,1,66.74,0,2,423.31,USA,Sigma Spectrum #839,Baxter Healthcare Corp,Sigma,2019-07-26,6,2
PRK326,Infusion Pump,4,0,0,2,1,1,59.49,0,2,113312.93,Ireland,Alaris GP #953,Medtronic,Alaris,2011-06-05,34,2
PRK358,Ventilator,12,1,1,3,1,1,962.58,0,2,43.23,USA,Carestation 650 #459,Datex-Ohmeda Inc,Carestation,2016-07-15,40,2
PRK330,Physiologic Monitoring System,14,1,0,1,1,1,11.25,1,2,374.0,Netherlands,IntelliVue #758,Koninklijke Philips N.V.,Philips,2013-08-06,14,2
PRK342,Physiologic Monitoring System,7,1,0,1,1,1,422.27,0,2,0.0,Netherlands,IntelliVue #631,Koninklijke Philips N.V.,Philips,2018-09-26,19,2
PRK358,Physiologic Monitoring System,2,0,0,1,1,1,32.98,0,2,55.1,Netherlands,IntelliVue #90,Koninklijke Philips N.V.,Philips,2010-06-17,52,2
PRK340,Infusion Pump,21,1,0,2,1,1,5155.53,0,2,333.27,Germany,Infusomat Space #885,B. Braun Melsungen AG,Infusomat,2005-09-03,5,2
PRK319,Infusion Pump,28,1,0,2,1,1,93.27,1,2,24.13,Ireland,Alaris GP #744,Medtronic,Alaris,2008-08-28,6,2
PRK300,Infusion Pump,9,1,0,2,1,1,0.0,0,2,0.0,Germany,Infusomat Space #596,B. Braun Melsungen AG,Infusomat,2008-11-04,,1
PRK350,Ventilator,6,1,0,3,1,1,28.51,0,2,19838.03,Germany,Evita V500 #727,Drager Medical AG & Co KGaA,Evita,2012-04-17,28,2
PRK341,Infusion Pump,2,0,0,2,1,1,0.0,0,2,0.0,Ireland,Alaris GP #2,Medtronic,Alaris,2010-09-24,,1
PRK319,Infusion Pump,9,0,0,2,1,1,2610.36,0,1,56516.06,USA,Sigma Spectrum #411,Baxter Healthcare Corp,Sigma,2013-05-27,38,3
PRK358,Infusion Pump,6,0,0,2,1,1,0.0,1,2,0.0,Germany,Infusomat Space #614,B. Braun Melsungen AG,Infusomat,2014-08-30,,1
PRK358,Infusion Pump,2,0,0,2,1,1,530.84,0,2,22.36,Ireland,Alaris GP #554,Medtronic,Alaris,2009-01-10,15,2
PRK358,Physiologic Monitoring System,15,0,0,1,1,1,310.14,0,2,47.26,USA,CARESCAPE #68,GE Healthcare,GE,2006-09-13,18,2
PRK341,Infusion Pump,12,1,0,2,2,1,6.85,0,2,18034.8,USA,Sigma Spectrum #631,Baxter Healthcare Corp,Sigma,2011-08-24,11,2
PRK360,Infusion Pump,5,1,0,2,1,1,0.0,0,2,0.0,USA,Sigma Spectrum #454,Baxter Healthcare Corp,Sigma,2019-11-24,,1
PRK358,Physiologic Monitoring System,24,1,1,1,1,1,328.83,0,2,22.37,USA,CARESCAPE #986,GE Healthcare,GE,2011-11-02,16,2
PRK310,Infusion Pump,8,1,0,2,2,1,29.99,1,2,5983.78,Germany,Infusomat Space #773,B. Braun Melsungen AG,Infusomat,2008-07-29,32,3
PRK360,Infusion Pump,9,1,0,2,1,1,0.0,0,2,0.0,Germany,Infusomat Space #315,B. Braun Melsungen AG,Infusomat,2014-01-06,,1
PRK340,Infusion Pump,7,0,0,2,1,1,0.0,0,2,0.0,USA,Sigma Spectrum #837,Baxter Healthcare Corp,Sigma,2001-10-18,,1
PRK358,Ventilator,17,0,1,3,1,1,0.29,0,2,0.0,USA,Carestation 650 #635,Datex-Ohmeda Inc,Carestation,2002-10-27,25,2
PRK342,Infusion Pump,12,1,2,2,1,1,48.18,0,2,10293.61,Germany,Infusomat Space #419,B. Braun Melsungen AG,Infusomat,2012-05-23,19,2
PRK341,Physiologic Monitoring System,1,1,1,1,1,1,0.0,1,2,0.0,Japan,Life Scope #586,Nihon Kohden Corp,Nihon Kohden,2011-06-28,,1
PRK320,Sphygmomanometers,8,1,0,1,1,1,2.31,0,2,72.43,USA,DS66 #586,Welch Allyn Inc,Welch Allyn,2005-03-26,13,2
PRK300,Physiologic Monitoring System,14,1,0,1,1,1,237.86,0,2,8645.57,Netherlands,IntelliVue #284,Koninklijke Philips N.V.,Philips,2013-12-17,4,2
PRK319,Infusion Pump,2,1,0,2,1,1,0.0,0,2,0.0,USA,Sigma Spectrum #782,Baxter Healthcare Corp,Sigma,2011-12-13,,1
PRK342,Physiologic Monitoring System,14,1,0,1,1,1,7.05,1,2,47194.95,Netherlands,IntelliVue #211,Koninklijke Philips N.V.,Philips,2010-10-01,26,2
PRK358,Infusion Pump,12,0,0,2,2,1,0.0,1,2,0.0,Ireland,Alaris GP #297,Medtronic,Alaris,2014-10-06,,1
PRK300,Infusion Pump,3,0,0,2,1,1,52.93,0,2,389.51,USA,Sigma Spectrum #495,Baxter Healthcare Corp,Sigma,2009-10-15,23,2
PRK319,Infusion Pump,7,0,0,2,1,1,634.83,0,2,55.27,USA,Sigma Spectrum #576,Baxter Healthcare Corp,Sigma,2011-02-26,24,3
PRK341,Infusion Pump,3,0,0,2,1,1,19.99,1,2,3540.18,Germany,Infusomat Space #989,B. Braun Melsungen AG,Infusomat,1998-05-16,43,2
PRK319,Infusion Pump,5,1,0,2,1,1,556.05,1,2,52896.6,Ireland,Alaris GP #220,Medtronic,Alaris,2010-10-21,41,2
PRK311,Infusion Pump,7,0,0,2,1,1,51.09,0,2,4218.38,Germany,Infusomat Space #836,B. Braun Melsungen AG,Infusomat,2015-04-13,26,3
PRK300,Infusion Pump,13,1,0,2,1,1,118.96,0,2,0.0,USA,Sigma Spectrum #217,Baxter Healthcare Corp,Sigma,2010-06-08,32,2
PRK341,Infusion Pump,15,1,0,2,1,1,0.0,0,2,0.0,USA,Sigma Spectrum #954,Baxter Healthcare Corp,Sigma,2007-08-28,,1
PRK341,Physiologic Monitoring System,10,1,0,1,1,1,0.0,0,1,0.0,Netherlands,IntelliVue #253,Koninklijke Philips N.V.,Philips,2011-11-11,,1
PRK358,Sphygmomanometers,6,0,0,1,1,1,298.82,0,2,11189.88,Japan,HEM-907 #850,Omron Healthcare Co Ltd,Omron,2015-03-30,37,2
PRK319,Infusion Pump,14,1,0,2,1,1,50.25,0,2,157.04,USA,Sigma Spectrum #473,Baxter Healthcare Corp,Sigma,2018-07-17,34,3
PRK311,Physiologic Monitoring System,9,1,0,1,1,1,30.18,0,2,5.54,Japan,Life Scope #582,Nihon Kohden Corp,Nihon Kohden,2016-03-29,30,2
PRK350,Infusion Pump,10,1,0,2,1,1,0.0,0,2,0.0,USA,Sigma Spectrum #95,Baxter Healthcare Corp,Sigma,2013-07-10,,1
PRK360,Infusion Pump,15,1,0,2,1,1,809.65,1,2,1317.2,Germany,Infusomat Space #55,B. Braun Melsungen AG,Infusomat,2002-05-04,7,2
PRK320,Infusion Pump,13,1,0,2,1,1,0.0,1,2,0.0,USA,Sigma Spectrum #757,Baxter Healthcare Corp,Sigma,2011-01-10,,1
PRK358,Infusion Pump,10,1,2,2,1,1,0.0,0,2,0.0,USA,Sigma Spectrum #294,Baxter Healthcare Corp,Sigma,2002-01-02,,1
PRK342,Infusion Pump,12,0,0,2,1,1,13.37,0,2,2380.24,Germany,Infusomat Space #317,B. Braun Melsungen AG,Infusomat,2017-06-06,22,2
PRK358,Infusion Pump,5,0,0,2,1,1,80.01,0,1,47.47,Germany,Infusomat Space #432,B. Braun Melsungen AG,Infusomat,2002-06-29,36,2
PRK330,Infusion Pump,4,1,0,2,2,1,257.49,0,2,0.0,Germany,Infusomat Space #806,B. Braun Melsungen AG,Infusomat,2005-03-19,53,2
PRK310,Infusion Pump,27,1,0,2,2,1,0.0,0,2,0.0,USA,Sigma Spectrum #420,Baxter Healthcare Corp,Sigma,2003-10-10,,1
PRK311,Infusion Pump,4,1,0,2,1,1,0.0,1,1,0.0,USA,Sigma Spectrum #117,Baxter Healthcare Corp,Sigma,2016-01-09,,1
PRK342,Infusion Pump,15,1,0,2,1,1,25.2,0,2,45.14,Germany,Infusomat Space #940,B. Braun Melsungen AG,Infusomat,1996-12-01,21,2
PRK358,Infusion Pump,6,1,0,2,1,1,88.17,0,2,199.24,Ireland,Alaris GP #685,Medtronic,Alaris,2011-08-12,2,2
PRK330,Physiologic Monitoring System,13,1,0,1,2,1,54.59,0,2,350.45,USA,CARESCAPE #377,GE Healthcare,GE,2017-12-14,13,3
PRK300,Infusion Pump,1,0,0,2,2,1,0.64,0,2,383.25,USA,Sigma Spectrum #940,Baxter Healthcare Corp,Sigma,2010-12-20,18,2
PRK300,Physiologic Monitoring System,2,1,0,1,1,1,26.82,0,1,359.53,USA,CARESCAPE #700,GE Healthcare,GE,2006-10-15,13,2
PRK341,Infusion Pump,16,0,0,2,1,1,0.0,0,2,0.0,Ireland,Alaris GP #897,Medtronic,Alaris,2019-04-10,,1
PRK358,Infusion Pump,2,1,0,2,2,1,0.0,1,2,0.0,Ireland,Alaris GP #579,Medtronic,Alaris,2005-04-09,,1
PRK326,Sphygmomanometers,5,1,0,1,2,1,28.94,0,2,0.0,USA,DS66 #900,Welch Allyn Inc,Welch Allyn,2011-10-11,39,2
PRK341,Infusion Pump,21,1,0,2,1,1,78.9,0,2,175.61,Ireland,Alaris GP #362,Medtronic,Alaris,2009-12-16,24,2
PRK340,Infusion Pump,15,1,0,2,1,1,0.0,0,2,0.0,Germany,Infusomat Space #237,B. Braun Melsungen AG,Infusomat,2009-07-10,,1
PRK358,Infusion Pump,6,1,0,2,1,1,0.0,0,2,154.8,Ireland,Alaris GP #655,Medtronic,Alaris,2012-02-12,45,2
PRK358,Sphygmomanometers,4,1,0,1,2,1,20.17,0,2,0.0,Malaysia,MV-BP100 #508,Med-Vantage Sdn Bhd,MedVantage,2009-06-07,36,2
PRK312,Physiologic Monitoring System,23,1,0,1,1,1,0.0,0,2,0.0,USA,CARESCAPE #328,GE Healthcare,GE,2007-08-21,,1
PRK342,Physiologic Monitoring System,4,1,0,1,1,1,0.0,0,2,0.0,Netherlands,IntelliVue #970,Koninklijke Philips N.V.,Philips,2005-02-06,,1
PRK358,Radiographic System,10,1,0,1,1,1,47.22,0,2,1203.49,Netherlands,DigitalDiagnost #727,Koninklijke Philips N.V.,Philips,2012-04-21,8,2
PRK358,Infusion Pump,20,1,0,2,1,1,6.82,0,2,39.04,Ireland,Alaris GP #109,Medtronic,Alaris,2013-03-29,26,2
PRK341,Sphygmomanometers,11,1,0,1,1,1,0.0,1,2,0.0,USA,DS66 #139,Welch Allyn Inc,Welch Allyn,2012-07-09,,1
PRK312,Infusion Pump,20,1,0,2,1,1,77.4,0,2,4695.45,Germany,Infusomat Space #852,B. Braun Melsungen AG,Infusomat,2009-10-05,14,2
PRK340,Physiologic Monitoring System,6,0,0,1,1,1,10.56,1,2,1737.45,Japan,Life Scope #686,Nihon Kohden Corp,Nihon Kohden,2018-12-15,20,2
PRK341,Infusion Pump,3,1,0,2,2,1,0.0,0,1,0.0,Ireland,Alaris GP #647,Medtronic,Alaris,2016-09-29,,1
PRK319,Infusion Pump,13,0,0,2,1,1,27.98,0,2,4743.53,Ireland,Alaris GP #42,Medtronic,Alaris,2006-07-29,35,2
PRK360,Sphygmomanometers,18,1,0,1,1,1,0.0,0,2,0.0,Japan,HEM-907 #290,Omron Healthcare Co Ltd,Omron,2004-01-16,,1
PRK319,Infusion Pump,12,1,0,2,1,1,99.7,1,1,891.99,Ireland,Alaris GP #513,Medtronic,Alaris,2012-02-09,32,2
PRK358,Radiographic System,4,0,0,1,1,1,0.0,0,2,0.0,Japan,Aquilion #235,Canon Inc (Toshiba Medical),Canon,2012-10-01,,1
PRK330,Infusion Pump,30,0,0,2,1,1,0.0,0,2,0.0,Germany,Infusomat Space #872,B. Braun Melsungen AG,Infusomat,2011-09-20,,1
PRK300,Physiologic Monitoring System,3,0,0,1,1,1,0.58,0,2,12735.63,USA,CARESCAPE #972,GE Healthcare,GE,2016-05-01,10,2
PRK340,Sphygmomanometers,9,1,0,1,1,1,17.58,0,2,3882.38,Malaysia,MV-BP100 #147,Med-Vantage Sdn Bhd,MedVantage,2006-12-17,18,2
PRK341,Infusion Pump,20,1,0,2,1,1,2.81,0,2,869.56,USA,Sigma Spectrum #47,Baxter Healthcare Corp,Sigma,2018-10-25,26,2
PRK358,Defibrillator,9,1,0,3,1,1,77.77,1,2,743.78,USA,Lifepak 20e #359,Physio-Control Inc,Lifepak,2020-07-20,25,3
PRK340,Physiologic Monitoring System,13,1,0,1,1,1,85.37,0,2,3729.02,Netherlands,IntelliVue #605,Koninklijke Philips N.V.,Philips,2005-04-27,23,2
PRK310,Physiologic Monitoring System,1,1,0,1,2,1,75.48,0,2,183.3,Netherlands,IntelliVue #280,Koninklijke Philips N.V.,Philips,2016-05-11,48,2
PRK358,Infusion Pump,13,1,0,2,1,1,0.0,0,2,0.0,Ireland,Alaris GP #327,Medtronic,Alaris,2012-05-04,,1
PRK340,Infusion Pump,3,1,0,2,1,1,0.0,1,1,0.0,Ireland,Alaris GP #865,Medtronic,Alaris,2015-03-23,,1
PRK319,Physiologic Monitoring System,9,1,1,1,1,1,13.92,0,2,564.7,Japan,Life Scope #726,Nihon Kohden Corp,Nihon Kohden,2010-07-15,11,3
PRK358,Infusion Pump,2,0,0,2,1,1,109.24,0,2,100.74,USA,Sigma Spectrum #105,Baxter Healthcare Corp,Sigma,2007-01-22,4,2
PRK311,Infusion Pump,14,1,0,2,1,1,1866.47,0,2,404.93,USA,Sigma Spectrum #863,Baxter Healthcare Corp,Sigma,2016-01-28,15,2
PRK310,Infusion Pump,12,1,0,2,1,1,80.48,0,2,269.69,Germany,Infusomat Space #451,B. Braun Melsungen AG,Infusomat,2013-07-31,18,3
PRK340,Defibrillator,9,1,0,3,1,1,0.0,0,2,0.0,USA,Lifepak 20e #821,Physio-Control Inc,Lifepak,2012-10-06,,1
PRK341,Infusion Pump,16,1,0,2,1,1,1590.58,0,2,9632.8,Ireland,Alaris GP #644,Medtronic,Alaris,2015-10-21,32,2
PRK333,Physiologic Monitoring System,13,1,0,1,1,1,50.47,0,2,0.0,Netherlands,IntelliVue #838,Koninklijke Philips N.V.,Philips,2007-06-19,29,2
PRK358,Radiographic System,2,0,0,1,1,1,9.61,0,2,22.28,Netherlands,DigitalDiagnost #151,Koninklijke Philips N.V.,Philips,2006-05-06,27,2
PRK319,Infusion Pump,16,0,0,2,1,1,102.79,0,2,2639.83,USA,Sigma Spectrum #940,Baxter Healthcare Corp,Sigma,2008-08-28,6,2
PRK360,Infusion Pump,13,1,0,2,2,1,1029.23,0,2,4997.37,Germany,Infusomat Space #358,B. Braun Melsungen AG,Infusomat,2015-07-26,30,3
PRK300,Physiologic Monitoring System,4,1,1,1,1,1,263.98,0,2,314.02,Netherlands,IntelliVue #794,Koninklijke Philips N.V.,Philips,2018-10-03,26,2
PRK311,Infusion Pump,8,1,0,2,1,1,0.0,0,2,0.0,USA,Sigma Spectrum #818,Baxter Healthcare Corp,Sigma,2012-08-17,,1
PRK312,Physiologic Monitoring System,6,0,0,1,1,1,1.69,0,2,5752.08,Japan,Life Scope #592,Nihon Kohden Corp,Nihon Kohden,2006-08-28,25,2
PRK300,Physiologic Monitoring System,30,1,0,1,1,1,0.0,0,2,0.0,USA,CARESCAPE #153,GE Healthcare,GE,2011-07-13,,1
PRK330,Physiologic Monitoring System,3,0,0,1,1,1,0.0,0,2,0.0,USA,CARESCAPE #230,GE Healthcare,GE,2007-08-21,,1
PRK358,Infusion Pump,6,0,0,2,2,1,28.92,0,2,407.7,Germany,Infusomat Space #763,B. Braun Melsungen AG,Infusomat,2018-06-13,47,2
PRK358,Physiologic Monitoring System,8,1,0,1,1,1,45.9,0,2,28.5,Netherlands,IntelliVue #286,Koninklijke Philips N.V.,Philips,2008-05-16,30,2
PRK342,Physiologic Monitoring System,9,1,0,1,1,1,315.05,0,2,960.68,Netherlands,IntelliVue #186,Koninklijke Philips N.V.,Philips,2014-07-08,12,2
PRK300,Infusion Pump,6,0,0,2,1,1,0.0,0,2,274.07,USA,Sigma Spectrum #176,Baxter Healthcare Corp,Sigma,2013-05-03,46,2
PRK358,Physiologic Monitoring System,9,1,0,1,1,1,17.72,0,2,0.0,Netherlands,IntelliVue #402,Koninklijke Philips N.V.,Philips,2019-01-02,30,3
PRK326,Defibrillator,12,1,1,3,1,1,0.0,0,2,2729.03,Netherlands,HeartStart XL #672,Koninklijke Philips N.V.,HeartStart,2020-06-09,23,2
PRK342,Physiologic Monitoring System,5,1,0,1,1,1,5.72,0,2,2328.83,Japan,Life Scope #585,Nihon Kohden Corp,Nihon Kohden,2005-09-01,41,2
PRK342,Infusion Pump,6,1,0,2,1,1,441.49,0,2,110.65,Ireland,Alaris GP #73,Medtronic,Alaris,2015-08-19,47,2
PRK312,Infusion Pump,26,1,2,2,1,1,103.02,1,2,271.09,Ireland,Alaris GP #633,Medtronic,Alaris,2014-01-23,6,2
PRK333,Infusion Pump,16,1,0,2,1,1,43.51,0,2,329.48,USA,Sigma Spectrum #104,Baxter Healthcare Corp,Sigma,2014-11-20,17,2
PRK358,Infusion Pump,16,0,0,2,1,1,0.0,0,2,0.0,USA,Sigma Spectrum #220,Baxter Healthcare Corp,Sigma,2018-05-19,,1
PRK319,Infusion Pump,2,0,0,2,1,1,0.0,1,2,0.0,Ireland,Alaris GP #509,Medtronic,Alaris,2018-07-20,,1
PRK342,Radiographic System,28,1,0,1,1,1,0.0,1,2,0.0,Japan,Aquilion #606,Canon Inc (Toshiba Medical),Canon,2006-04-01,,1
PRK360,Infusion Pump,8,0,0,2,1,1,1.4,0,2,98.71,Ireland,Alaris GP #333,Medtronic,Alaris,2002-06-16,14,2
PRK320,Ventilator,17,0,0,3,1,1,533.66,0,2,249.26,UK,Blease 8200p #496,Blease Medical Equipment Ltd,Blease,2018-03-18,22,2
PRK326,Infusion Pump,9,1,0,2,1,1,84.86,0,2,1712.15,USA,Sigma Spectrum #918,Baxter Healthcare Corp,Sigma,2011-03-10,23,2
PRK330,Infusion Pump,1,0,0,2,2,1,434.02,1,2,9612.0,Ireland,Alaris GP #279,Medtronic,Alaris,2017-01-02,26,2
PRK350,Infusion Pump,6,1,0,2,1,1,122.14,1,2,520.08,USA,Sigma Spectrum #825,Baxter Healthcare Corp,Sigma,2006-06-28,38,2
PRK330,Infusion Pump,16,1,1,2,1,1,2779.32,0,1,3146.01,USA,Sigma Spectrum #123,Baxter Healthcare Corp,Sigma,2018-05-20,16,3
PRK333,Ventilator,17,1,0,3,2,1,15.13,0,1,18.55,UK,Blease 8200p #398,Blease Medical Equipment Ltd,Blease,2009-12-20,17,2
PRK319,Sphygmomanometers,10,0,0,1,1,1,1002.71,1,2,189.42,USA,DS66 #35,Welch Allyn Inc,Welch Allyn,2011-02-26,23,2
PRK360,Defibrillator,3,0,0,3,1,1,11.57,0,2,3527.14,USA,Lifepak 20e #895,Physio-Control Inc,Lifepak,2015-05-26,20,2
PRK358,Infusion Pump,17,1,0,2,1,1,145.64,0,2,2.69,Germany,Infusomat Space #16,B. Braun Melsungen AG,Infusomat,2002-08-18,8,3
PRK341,Ventilator,5,1,0,3,1,1,0.0,1,2,0.0,UK,Blease 8200p #583,Blease Medical Equipment Ltd,Blease,2007-10-22,,1
PRK360,Infusion Pump,9,1,0,2,2,1,0.0,0,2,0.0,Germany,Infusomat Space #768,B. Braun Melsungen AG,Infusomat,2002-01-19,,1
PRK342,Defibrillator,12,1,0,3,1,1,1.64,0,2,811.37,USA,Lifepak 20e #466,Physio-Control Inc,Lifepak,2011-07-14,34,2
PRK360,Infusion Pump,13,1,0,2,2,1,69.49,0,2,6.12,Ireland,Alaris GP #307,Medtronic,Alaris,2004-12-17,9,2
PRK312,Infusion Pump,12,1,0,2,1,1,23.39,0,2,5863.99,Ireland,Alaris GP #815,Medtronic,Alaris,2004-09-16,17,3
PRK319,Infusion Pump,4,1,0,2,1,1,0.0,0,2,0.0,Germany,Infusomat Space #714,B. Braun Melsungen AG,Infusomat,2013-11-11,,1
PRK358,Infusion Pump,6,0,0,2,1,1,0.0,0,2,0.0,USA,Sigma Spectrum #983,Baxter Healthcare Corp,Sigma,2011-10-01,,1
PRK330,Infusion Pump,4,0,0,2,1,1,0.0,0,2,0.0,Germany,Infusomat Space #221,B. Braun Melsungen AG,Infusomat,2013-06-15,,1
PRK320,Defibrillator,14,0,1,3,1,1,16.25,0,2,340.35,Netherlands,HeartStart XL #730,Koninklijke Philips N.V.,HeartStart,2001-12-09,27,2
PRK342,Ventilator,13,1,0,3,1,1,31.11,0,2,3732.27,USA,Carestation 650 #200,Datex-Ohmeda Inc,Carestation,2004-12-05,10,3
PRK341,Sphygmomanometers,4,0,0,1,1,1,63.65,1,2,6843.09,Malaysia,MV-BP100 #698,Med-Vantage Sdn Bhd,MedVantage,2003-05-10,39,3
PRK320,Infusion Pump,16,0,0,2,1,1,152.79,0,2,2497.48,USA,Sigma Spectrum #642,Baxter Healthcare Corp,Sigma,2018-01-08,26,3
PRK326,Physiologic Monitoring System,15,1,0,1,1,1,132.75,1,2,366.27,Japan,Life Scope #777,Nihon Kohden Corp,Nihon Kohden,2013-04-03,25,3
PRK330,Infusion Pump,19,1,0,2,2,1,5.47,0,2,8277.41,Ireland,Alaris GP #761,Medtronic,Alaris,2007-04-08,11,2
PRK311,Infusion Pump,12,1,0,2,1,1,11.49,0,2,48.25,Ireland,Alaris GP #433,Medtronic,Alaris,2005-06-16,6,2
PRK319,Infusion Pump,13,1,0,2,1,1,18.99,1,2,10062.69,Germany,Infusomat Space #463,B. Braun Melsungen AG,Infusomat,1998-08-26,35,2
PRK340,Infusion Pump,6,1,0,2,1,1,0.0,1,2,13818.13,Ireland,Alaris GP #756,Medtronic,Alaris,2011-11-02,22,2
PRK350,Physiologic Monitoring System,7,1,0,1,1,1,11.48,0,1,0.0,Japan,Life Scope #193,Nihon Kohden Corp,Nihon Kohden,2009-03-23,41,3
PRK330,Infusion Pump,18,1,0,2,2,1,0.0,0,2,0.0,Ireland,Alaris GP #507,Medtronic,Alaris,2019-08-18,,1
PRK326,Infusion Pump,5,1,0,2,1,1,563.86,0,1,6659.09,Ireland,Alaris GP #346,Medtronic,Alaris,2015-05-08,17,2
PRK341,Physiologic Monitoring System,4,0,0,1,1,1,95.08,0,2,669.95,Japan,Life Scope #898,Nihon Kohden Corp,Nihon Kohden,2003-12-09,15,2
PRK312,Infusion Pump,13,1,0,2,1,1,7.47,0,2,303.69,USA,Sigma Spectrum #316,Baxter Healthcare Corp,Sigma,2008-10-16,31,3
PRK326,Sphygmomanometers,1,0,0,1,1,1,112.13,0,1,4014.73,Malaysia,MV-BP100 #859,Med-Vantage Sdn Bhd,MedVantage,2006-11-07,8,2
PRK319,Infusion Pump,5,0,0,2,2,1,26.01,0,2,153.19,Germany,Infusomat Space #883,B. Braun Melsungen AG,Infusomat,2018-01-17,47,3
PRK341,Ventilator,20,1,1,3,1,1,0.0,1,2,18677.96,UK,Blease 8200p #106,Blease Medical Equipment Ltd,Blease,2008-01-01,30,2
PRK311,Physiologic Monitoring System,22,1,1,1,1,1,17.55,0,2,182.99,Japan,Life Scope #19,Nihon Kohden Corp,Nihon Kohden,2006-12-30,7,3
PRK330,Physiologic Monitoring System,17,0,1,1,1,1,22.42,1,2,192484.48,Japan,Life Scope #441,Nihon Kohden Corp,Nihon Kohden,2014-08-15,29,3
PRK341,Physiologic Monitoring System,9,0,0,1,2,1,0.0,0,2,0.0,Japan,Life Scope #417,Nihon Kohden Corp,Nihon Kohden,2018-08-30,,1
PRK358,Defibrillator,4,0,0,3,2,1,7.47,1,2,0.0,Netherlands,HeartStart XL #700,Koninklijke Philips N.V.,HeartStart,2010-10-08,40,3
PRK342,Physiologic Monitoring System,2,1,0,1,1,1,125.71,0,2,13499.9,Japan,Life Scope #849,Nihon Kohden Corp,Nihon Kohden,2014-03-12,17,2
PRK358,Infusion Pump,7,0,0,2,1,1,0.0,0,2,0.0,USA,Sigma Spectrum #107,Baxter Healthcare Corp,Sigma,2005-10-06,,1
PRK342,Infusion Pump,2,1,0,2,1,1,100.64,0,2,9.11,USA,Sigma Spectrum #454,Baxter Healthcare Corp,Sigma,2009-01-12,15,2
PRK320,Physiologic Monitoring System,28,0,1,1,1,1,57.46,0,2,51832.74,Japan,Life Scope #329,Nihon Kohden Corp,Nihon Kohden,2016-09-12,11,2
PRK319,Infusion Pump,6,1,0,2,1,1,76.04,0,2,362000.85,Ireland,Alaris GP #127,Medtronic,Alaris,2007-05-04,20,2
PRK300,Infusion Pump,7,1,0,2,1,1,1012.34,0,2,2250.47,Germany,Infusomat Space #355,B. Braun Melsungen AG,Infusomat,1995-10-15,39,2
PRK319,Infusion Pump,15,0,0,2,2,1,146.86,0,2,0.0,USA,Sigma Spectrum #906,Baxter Healthcare Corp,Sigma,2009-04-06,9,2
PRK311,Physiologic Monitoring System,2,1,0,1,1,1,2.16,0,2,1949.75,Netherlands,IntelliVue #662,Koninklijke Philips N.V.,Philips,2004-08-02,23,2
PRK320,Infusion Pump,7,1,0,2,1,1,0.0,1,2,0.0,Ireland,Alaris GP #116,Medtronic,Alaris,2017-05-20,,1
PRK342,Physiologic Monitoring System,8,1,0,1,1,1,445.62,1,2,331.83,Netherlands,IntelliVue #86,Koninklijke Philips N.V.,Philips,2012-03-31,18,3
PRK342,Ventilator,2,0,0,3,1,1,0.84,0,2,661.78,Germany,Evita V500 #711,Drager Medical AG & Co KGaA,Evita,2006-12-23,23,2
PRK319,Ventilator,4,1,0,3,1,1,6.73,0,2,430.78,UK,Blease 8200p #848,Blease Medical Equipment Ltd,Blease,2003-07-29,40,3
PRK333,Infusion Pump,5,0,0,2,1,1,161.05,0,2,676.47,Ireland,Alaris GP #989,Medtronic,Alaris,2001-10-12,50,2
PRK319,Physiologic Monitoring System,17,1,0,1,2,1,313.45,1,2,42.0,USA,CARESCAPE #411,GE Healthcare,GE,2016-09-27,29,3
PRK333,Physiologic Monitoring System,22,1,0,1,1,1,74.52,0,2,6216.83,USA,CARESCAPE #401,GE Healthcare,GE,2015-03-16,17,2
PRK333,Infusion Pump,12,1,0,2,1,1,119.91,0,2,855.88,Ireland,Alaris GP #9,Medtronic,Alaris,2017-03-06,13,2
PRK319,Physiologic Monitoring System,8,1,0,1,1,1,0.0,0,1,0.0,USA,CARESCAPE #515,GE Healthcare,GE,2015-05-23,,1
PRK319,Infusion Pump,20,1,1,2,1,1,21.65,0,1,2121.13,Ireland,Alaris GP #931,Medtronic,Alaris,2001-08-27,34,2
PRK360,Sphygmomanometers,16,1,0,1,1,1,10.02,1,2,3.65,Malaysia,MV-BP100 #68,Med-Vantage Sdn Bhd,MedVantage,2011-11-25,20,2
PRK340,Infusion Pump,30,1,0,2,2,1,34.7,0,2,1911.92,USA,Sigma Spectrum #613,Baxter Healthcare Corp,Sigma,2006-05-31,8,2
PRK340,Ventilator,2,0,0,3,1,1,74.83,0,2,4512.58,USA,Smartvent 7900 #91,Datex-Ohmeda Inc,Smartvent,2012-12-19,44,2
PRK300,Physiologic Monitoring System,9,1,0,1,1,1,96.21,0,2,95.09,Japan,Life Scope #177,Nihon Kohden Corp,Nihon Kohden,2010-04-14,37,3
PRK312,Infusion Pump,5,1,0,2,1,1,0.0,0,2,677.31,Germany,Infusomat Space #667,B. Braun Melsungen AG,Infusomat,2017-02-25,51,2
PRK320,Physiologic Monitoring System,2,0,0,1,1,1,0.0,0,2,0.0,Japan,Life Scope #837,Nihon Kohden Corp,Nihon Kohden,2018-07-19,,1
PRK360,Infusion Pump,9,1,0,2,1,1,76.14,0,2,1682.65,Ireland,Alaris GP #189,Medtronic,Alaris,1997-09-09,30,3
PRK312,Ventilator,30,1,2,3,1,1,0.0,0,2,0.0,USA,Smartvent 7900 #812,Datex-Ohmeda Inc,Smartvent,2020-01-14,,1
PRK319,Physiologic Monitoring System,3,1,0,1,1,1,13.61,1,2,12.41,USA,CARESCAPE #124,GE Healthcare,GE,2008-08-12,44,2
PRK360,Infusion Pump,30,1,1,2,1,1,69.94,0,2,70.83,Germany,Infusomat Space #862,B. Braun Melsungen AG,Infusomat,2010-10-09,10,2
PRK333,Infusion Pump,16,0,0,2,1,1,747.84,1,2,2809.22,Germany,Infusomat Space #894,B. Braun Melsungen AG,Infusomat,2013-10-09,12,2
PRK319,Physiologic Monitoring System,20,0,0,1,1,1,177.24,0,2,1870.42,Japan,Life Scope #586,Nihon Kohden Corp,Nihon Kohden,2019-08-19,11,2
PRK341,Infusion Pump,20,1,2,2,1,1,0.0,0,2,163925.36,Ireland,Alaris GP #879,Medtronic,Alaris,2007-09-11,13,3
PRK333,Defibrillator,12,1,0,3,1,1,16.92,0,2,715.98,USA,Lifepak 20e #591,Physio-Control Inc,Lifepak,2017-05-06,8,2
PRK360,Physiologic Monitoring System,6,0,0,1,2,1,32.24,0,2,0.0,USA,CARESCAPE #34,GE Healthcare,GE,2015-11-03,22,2
PRK300,Physiologic Monitoring System,2,0,0,1,1,1,62.39,0,2,19113.29,Netherlands,IntelliVue #847,Koninklijke Philips N.V.,Philips,2001-09-09,52,2
PRK350,Infusion Pump,3,1,0,2,1,1,33.44,0,2,7437.21,USA,Sigma Spectrum #135,Baxter Healthcare Corp,Sigma,2014-02-19,55,2
PRK319,Physiologic Monitoring System,13,1,0,1,2,1,11.31,1,2,115.84,Japan,Life Scope #625,Nihon Kohden Corp,Nihon Kohden,2010-06-04,23,2
PRK350,Sphygmomanometers,6,0,0,1,1,1,14.09,0,2,4712.71,Japan,HEM-907 #205,Omron Healthcare Co Ltd,Omron,2015-08-07,25,2
PRK358,Infusion Pump,4,1,0,2,1,1,47.8,1,2,1397.19,Ireland,Alaris GP #3,Medtronic,Alaris,2004-04-24,29,2
PRK358,Infusion Pump,10,1,0,2,1,1,0.0,0,2,94.95,Ireland,Alaris GP #801,Medtronic,Alaris,2014-06-03,33,3
PRK358,Infusion Pump,11,1,0,2,1,1,9.49,0,1,1395.37,Germany,Infusomat Space #667,B. Braun Melsungen AG,Infusomat,2012-04-19,26,2
PRK342,Infusion Pump,15,1,0,2,1,1,97.36,0,2,184.35,Ireland,Alaris GP #519,Medtronic,Alaris,2011-02-05,29,3
PRK311,Physiologic Monitoring System,4,1,0,1,1,1,1432.93,0,2,0.0,Japan,Life Scope #944,Nihon Kohden Corp,Nihon Kohden,2002-03-24,33,3
PRK300,Infusion Pump,8,1,0,2,1,1,79.21,0,2,473.66,USA,Sigma Spectrum #328,Baxter Healthcare Corp,Sigma,2006-07-12,23,3
PRK320,Physiologic Monitoring System,5,1,0,1,1,1,89.25,1,2,3212.56,Netherlands,IntelliVue #528,Koninklijke Philips N.V.,Philips,2019-11-20,40,3
PRK333,Infusion Pump,3,0,0,2,2,1,4.62,1,2,632.75,Ireland,Alaris GP #723,Medtronic,Alaris,2016-12-12,50,2
PRK319,Infusion Pump,18,1,0,2,1,1,205.72,0,2,161.05,Ireland,Alaris GP #154,Medtronic,Alaris,2016-08-02,29,3
PRK342,Infusion Pump,17,1,2,2,1,1,19.25,0,2,2460.34,USA,Sigma Spectrum #939,Baxter Healthcare Corp,Sigma,2000-06-09,21,2
PRK342,Defibrillator,2,0,0,3,1,1,0.0,0,2,0.0,Netherlands,HeartStart XL #995,Koninklijke Philips N.V.,HeartStart,2009-07-15,,1
PRK360,Physiologic Monitoring System,9,1,0,1,1,1,1398.03,0,2,89.8,Netherlands,IntelliVue #837,Koninklijke Philips N.V.,Philips,2017-05-20,21,3
PRK326,Infusion Pump,20,1,0,2,1,1,0.0,0,2,0.0,Germany,Infusomat Space #469,B. Braun Melsungen AG,Infusomat,2001-01-06,,1
PRK350,Ventilator,15,0,0,3,1,1,17.06,0,2,422.4,USA,Smartvent 7900 #538,Datex-Ohmeda Inc,Smartvent,2016-02-10,2,2
PRK342,Infusion Pump,4,0,0,2,2,1,142.52,1,2,48586.25,USA,Sigma Spectrum #339,Baxter Healthcare Corp,Sigma,2016-02-16,16,3
PRK360,Infusion Pump,21,0,2,2,1,1,0.0,0,2,0.0,Germany,Infusomat Space #462,B. Braun Melsungen AG,Infusomat,2008-07-15,23,3
PRK342,Infusion Pump,20,1,0,2,1,1,65.27,0,2,4537.66,Ireland,Alaris GP #896,Medtronic,Alaris,2002-11-09,23,2
PRK319,Radiographic System,11,1,0,1,1,1,0.0,0,2,0.0,Germany,Somatom #431,Siemens Healthineers,Siemens,2018-11-06,,1
PRK300,Physiologic Monitoring System,7,0,0,1,1,1,47.25,1,2,0.0,Netherlands,IntelliVue #680,Koninklijke Philips N.V.,Philips,2002-01-22,43,2
PRK360,Physiologic Monitoring System,4,0,0,1,1,1,1.44,0,2,5528.85,Netherlands,IntelliVue #274,Koninklijke Philips N.V.,Philips,2013-01-30,23,2
PRK342,Infusion Pump,9,0,0,2,1,1,135.92,0,1,16.32,Ireland,Alaris GP #443,Medtronic,Alaris,2007-12-15,19,3
PRK350,Infusion Pump,23,1,0,2,1,1,4554.28,0,2,98.11,Germany,Infusomat Space #715,B. Braun Melsungen AG,Infusomat,2011-05-22,18,3
PRK350,Physiologic Monitoring System,4,1,0,1,1,1,0.0,1,2,0.0,Netherlands,IntelliVue #372,Koninklijke Philips N.V.,Philips,2011-06-11,,1
PRK342,Infusion Pump,25,1,2,2,1,1,4.09,0,2,8031.81,USA,Sigma Spectrum #355,Baxter Healthcare Corp,Sigma,2018-06-06,11,2
PRK342,Defibrillator,15,0,1,3,1,1,230.32,0,1,11098.7,Netherlands,HeartStart XL #890,Koninklijke Philips N.V.,HeartStart,2019-08-18,26,2
PRK358,Physiologic Monitoring System,9,1,2,1,1,1,11.43,0,2,122.27,Japan,Life Scope #908,Nihon Kohden Corp,Nihon Kohden,2014-11-25,26,2
PRK358,Infusion Pump,20,0,0,2,1,1,57.68,1,2,0.0,Ireland,Alaris GP #316,Medtronic,Alaris,2015-03-27,14,3
PRK326,Physiologic Monitoring System,9,1,0,1,1,1,15.22,0,2,4.9,USA,CARESCAPE #129,GE Healthcare,GE,2015-07-17,32,2
PRK300,Sphygmomanometers,8,1,0,1,1,1,0.0,0,2,0.0,Malaysia,MV-BP100 #447,Med-Vantage Sdn Bhd,MedVantage,2018-11-25,,1
PRK300,Infusion Pump,17,1,1,2,1,1,0.0,1,2,0.0,Ireland,Alaris GP #627,Medtronic,Alaris,2011-09-30,,1
PRK330,Physiologic Monitoring System,9,1,0,1,1,1,15.78,0,2,154.09,Netherlands,IntelliVue #403,Koninklijke Philips N.V.,Philips,2018-09-10,6,2
PRK358,Defibrillator,9,1,0,3,1,1,3.07,0,2,656.7,Netherlands,HeartStart XL #63,Koninklijke Philips N.V.,HeartStart,2013-01-29,20,2
PRK358,Infusion Pump,5,0,0,2,1,1,92.4,0,2,2628.58,USA,Sigma Spectrum #970,Baxter Healthcare Corp,Sigma,2007-04-28,45,3
PRK330,Defibrillator,7,1,0,3,1,1,9605.42,0,2,1136.02,Netherlands,HeartStart XL #189,Koninklijke Philips N.V.,HeartStart,2010-09-01,17,2
PRK319,Infusion Pump,27,1,0,2,1,1,340.7,1,2,144.61,Ireland,Alaris GP #877,Medtronic,Alaris,1997-07-17,6,2
PRK333,Physiologic Monitoring System,1,1,0,1,1,1,50.93,0,2,525.21,Japan,Life Scope #521,Nihon Kohden Corp,Nihon Kohden,2005-04-13,56,2
PRK358,Ventilator,4,0,0,3,1,1,12830.85,0,2,99.6,USA,Smartvent 7900 #696,Datex-Ohmeda Inc,Smartvent,2019-01-28,11,2
PRK341,Physiologic Monitoring System,5,0,0,1,1,1,2.31,1,2,239.57,Netherlands,IntelliVue #786,Koninklijke Philips N.V.,Philips,2002-11-15,2,3
PRK311,Infusion Pump,8,1,0,2,2,1,153.78,1,2,370.85,Ireland,Alaris GP #586,Medtronic,Alaris,2011-12-31,19,2
PRK320,Physiologic Monitoring System,7,0,0,1,1,1,1477.77,0,2,3808.13,Japan,Life Scope #985,Nihon Kohden Corp,Nihon Kohden,2021-01-14,43,3
PRK340,Infusion Pump,10,1,2,2,1,1,8.73,0,2,5412.88,USA,Sigma Spectrum #500,Baxter Healthcare Corp,Sigma,2015-03-16,42,2
PRK340,Infusion Pump,1,1,2,2,1,1,0.0,1,2,0.0,Ireland,Alaris GP #744,Medtronic,Alaris,2006-01-13,,1
PRK358,Infusion Pump,10,1,0,2,1,1,17.56,0,2,693.5,Germany,Infusomat Space #105,B. Braun Melsungen AG,Infusomat,1999-01-01,44,2
PRK358,Physiologic Monitoring System,27,1,2,1,1,1,29.64,0,2,3418.64,USA,CARESCAPE #896,GE Healthcare,GE,2021-01-14,2,2
PRK310,Infusion Pump,9,1,0,2,1,1,114.25,0,2,485.34,Ireland,Alaris GP #897,Medtronic,Alaris,2010-09-06,12,3
PRK319,Infusion Pump,7,1,0,2,1,1,2.28,1,2,0.0,Germany,Infusomat Space #63,B. Braun Melsungen AG,Infusomat,2007-04-30,55,2
PRK326,Defibrillator,8,1,0,3,1,1,8.92,0,2,6710.62,Netherlands,HeartStart XL #975,Koninklijke Philips N.V.,HeartStart,2006-03-26,38,2
PRK319,Infusion Pump,6,0,0,2,1,1,0.0,0,2,0.0,USA,Sigma Spectrum #236,Baxter Healthcare Corp,Sigma,2017-06-24,,1
PRK330,Infusion Pump,15,1,0,2,1,1,2.32,0,2,607.9,USA,Sigma Spectrum #741,Baxter Healthcare Corp,Sigma,2012-04-22,12,2
PRK300,Infusion Pump,11,1,0,2,1,1,28.14,0,2,79.58,Ireland,Alaris GP #960,Medtronic,Alaris,2009-12-21,34,2
PRK300,Infusion Pump,11,1,1,2,2,1,3.53,0,2,17.44,Ireland,Alaris GP #286,Medtronic,Alaris,2015-04-26,9,3
PRK358,Physiologic Monitoring System,20,1,1,1,1,1,3.91,0,2,1023.39,Netherlands,IntelliVue #737,Koninklijke Philips N.V.,Philips,2002-10-27,15,3
PRK310,Infusion Pump,15,1,0,2,1,1,286.76,0,2,0.0,USA,Sigma Spectrum #391,Baxter Healthcare Corp,Sigma,2018-02-20,5,2
PRK358,Infusion Pump,1,0,0,2,2,1,0.0,1,2,0.0,Ireland,Alaris GP #713,Medtronic,Alaris,1998-08-15,,1
PRK319,Sphygmomanometers,6,0,0,1,1,1,36.87,0,2,6465.24,Malaysia,MV-BP100 #811,Med-Vantage Sdn Bhd,MedVantage,2018-07-28,28,3
PRK319,Ventilator,3,1,0,3,1,1,0.0,1,2,0.0,USA,Carestation 650 #240,Datex-Ohmeda Inc,Carestation,2012-05-16,,1
PRK310,Physiologic Monitoring System,5,0,0,1,1,1,0.0,0,2,0.0,Japan,Life Scope #834,Nihon Kohden Corp,Nihon Kohden,2020-06-26,,1
PRK300,Defibrillator,5,0,0,3,1,1,0.0,0,2,0.0,USA,Lifepak 20e #636,Physio-Control Inc,Lifepak,2003-02-10,,1
PRK320,Defibrillator,4,0,0,3,1,1,14.06,0,2,534.22,USA,Lifepak 20e #306,Physio-Control Inc,Lifepak,2004-06-17,41,2
PRK358,Infusion Pump,15,1,0,2,1,1,0.0,0,2,0.0,Ireland,Alaris GP #834,Medtronic,Alaris,2020-05-05,,1
PRK358,Physiologic Monitoring System,14,1,0,1,1,1,0.0,0,2,0.0,Japan,Life Scope #680,Nihon Kohden Corp,Nihon Kohden,2007-05-12,,1
PRK300,Physiologic Monitoring System,6,0,0,1,1,1,610.23,0,2,21396.65,USA,CARESCAPE #52,GE Healthcare,GE,2004-08-30,18,2
PRK300,Infusion Pump,13,1,0,2,1,1,20.11,1,2,2549.15,Ireland,Alaris GP #942,Medtronic,Alaris,2003-12-20,35,3
PRK312,Infusion Pump,12,1,2,2,1,1,210.76,0,2,259.17,USA,Sigma Spectrum #583,Baxter Healthcare Corp,Sigma,2010-02-22,28,3
PRK342,Infusion Pump,10,1,0,2,1,1,86.64,1,2,12.43,Germany,Infusomat Space #735,B. Braun Melsungen AG,Infusomat,2016-11-18,31,3
PRK319,Physiologic Monitoring System,8,1,0,1,1,1,150.1,0,2,2788.9,USA,CARESCAPE #367,GE Healthcare,GE,2011-05-30,36,3
PRK319,Ventilator,16,1,0,3,1,1,91.99,0,2,752.73,USA,Carestation 650 #408,Datex-Ohmeda Inc,Carestation,2014-09-10,13,2
PRK358,Physiologic Monitoring System,9,1,0,1,1,1,197.26,0,2,110.6,Japan,Life Scope #350,Nihon Kohden Corp,Nihon Kohden,2002-01-10,17,2
PRK358,Infusion Pump,10,1,1,2,2,1,748.87,0,2,201.8,Ireland,Alaris GP #501,Medtronic,Alaris,2010-05-14,24,3
PRK341,Infusion Pump,10,1,0,2,1,1,11.19,0,2,20821.16,Germany,Infusomat Space #796,B. Braun Melsungen AG,Infusomat,2016-05-06,14,2
PRK312,Infusion Pump,6,1,0,2,1,1,796.21,0,1,5949.63,Ireland,Alaris GP #766,Medtronic,Alaris,1996-11-10,23,2
PRK326,Physiologic Monitoring System,5,1,2,1,1,1,0.0,0,2,0.0,USA,CARESCAPE #552,GE Healthcare,GE,2012-10-12,,1
PRK319,Defibrillator,7,1,1,3,1,1,0.0,1,2,0.0,Netherlands,HeartStart XL #30,Koninklijke Philips N.V.,HeartStart,2002-05-17,,1
PRK341,Defibrillator,15,1,0,3,1,1,186.98,0,2,1214.74,USA,Lifepak 20e #68,Physio-Control Inc,Lifepak,2021-02-13,29,2
PRK350,Defibrillator,8,1,0,3,1,1,242.99,1,2,0.0,USA,Lifepak 20e #872,Physio-Control Inc,Lifepak,2010-07-04,18,3
PRK311,Ventilator,1,0,0,3,1,1,134.89,0,2,851.28,UK,Blease 8200p #979,Blease Medical Equipment Ltd,Blease,2020-01-09,20,2
PRK358,Sphygmomanometers,11,1,0,1,2,1,0.0,0,2,0.0,Malaysia,MV-BP100 #148,Med-Vantage Sdn Bhd,MedVantage,2017-06-20,,1
PRK330,Infusion Pump,6,0,0,2,2,1,10.08,0,2,511.8,Ireland,Alaris GP #520,Medtronic,Alaris,2016-06-24,36,2
PRK350,Infusion Pump,4,1,0,2,1,1,21.06,0,2,1229.54,Ireland,Alaris GP #888,Medtronic,Alaris,2013-01-13,47,3
PRK300,Infusion Pump,14,1,0,2,1,1,73.63,1,2,2413.37,Germany,Infusomat Space #26,B. Braun Melsungen AG,Infusomat,2009-12-15,15,2
PRK320,Infusion Pump,14,1,1,2,1,1,0.0,1,2,0.0,Ireland,Alaris GP #992,Medtronic,Alaris,1997-09-06,,1
PRK300,Infusion Pump,10,1,0,2,1,1,8.33,0,1,5858.72,USA,Sigma Spectrum #166,Baxter Healthcare Corp,Sigma,2014-02-08,39,2
PRK342,Infusion Pump,7,0,0,2,1,1,34.22,0,2,287.45,Ireland,Alaris GP #51,Medtronic,Alaris,2016-03-04,31,3
PRK300,Sphygmomanometers,6,0,0,1,1,1,12.22,1,2,0.0,USA,DS66 #508,Welch Allyn Inc,Welch Allyn,2011-07-01,15,3
PRK320,Infusion Pump,3,0,0,2,2,1,16.29,0,1,22806.23,Ireland,Alaris GP #961,Medtronic,Alaris,2016-12-20,25,2
PRK350,Sphygmomanometers,1,1,0,1,1,1,0.0,0,2,0.0,USA,DS66 #775,Welch Allyn Inc,Welch Allyn,2013-03-28,,1
PRK342,Physiologic Monitoring System,6,0,0,1,1,1,6.43,0,2,340.33,Netherlands,IntelliVue #227,Koninklijke Philips N.V.,Philips,2015-05-25,8,2
PRK341,Physiologic Monitoring System,6,0,1,1,1,1,98.69,0,2,9.27,USA,CARESCAPE #621,GE Healthcare,GE,2014-02-12,9,2
PRK342,Physiologic Monitoring System,4,0,0,1,1,1,0.0,0,2,0.0,Japan,Life Scope #465,Nihon Kohden Corp,Nihon Kohden,2016-11-01,,1
PRK341,Infusion Pump,20,1,0,2,1,1,88.79,0,2,0.0,Germany,Infusomat Space #455,B. Braun Melsungen AG,Infusomat,2005-03-13,11,2
PRK341,Physiologic Monitoring System,6,1,0,1,1,1,10.31,1,2,352.38,Netherlands,IntelliVue #83,Koninklijke Philips N.V.,Philips,2008-11-13,12,2
PRK320,Infusion Pump,10,1,0,2,1,1,36.66,0,2,1614.01,Germany,Infusomat Space #315,B. Braun Melsungen AG,Infusomat,2010-09-07,37,2
PRK300,Sphygmomanometers,11,0,0,1,2,1,11.59,1,2,17036.61,Malaysia,MV-BP100 #232,Med-Vantage Sdn Bhd,MedVantage,2011-10-28,10,2
PRK330,Infusion Pump,12,1,0,2,1,1,92.02,0,2,36.2,Germany,Infusomat Space #983,B. Braun Melsungen AG,Infusomat,2010-03-03,35,2
PRK300,Infusion Pump,5,0,0,2,2,1,2.03,0,2,8861.15,USA,Sigma Spectrum #245,Baxter Healthcare Corp,Sigma,2006-05-04,18,3
PRK333,Physiologic Monitoring System,7,1,0,1,1,1,45.73,0,2,78.16,USA,CARESCAPE #856,GE Healthcare,GE,2004-06-05,12,2
PRK330,Physiologic Monitoring System,9,1,0,1,1,1,0.0,0,2,44.04,USA,CARESCAPE #186,GE Healthcare,GE,2015-08-13,34,2
PRK312,Infusion Pump,5,0,0,2,1,1,0.0,1,2,0.0,Ireland,Alaris GP #48,Medtronic,Alaris,2005-08-29,,1
PRK350,Physiologic Monitoring System,19,1,0,1,1,1,0.0,0,2,0.0,Japan,Life Scope #845,Nihon Kohden Corp,Nihon Kohden,2015-10-31,,1
PRK342,Infusion Pump,30,1,2,2,1,1,194.48,1,1,0.0,Germany,Infusomat Space #499,B. Braun Melsungen AG,Infusomat,2007-03-05,10,2
PRK340,Physiologic Monitoring System,11,1,0,1,1,1,2.56,0,2,484.76,Netherlands,IntelliVue #975,Koninklijke Philips N.V.,Philips,2017-10-16,28,2
PRK358,Infusion Pump,11,0,0,2,1,1,1.84,0,2,22.25,USA,Sigma Spectrum #170,Baxter Healthcare Corp,Sigma,2016-07-09,4,2
PRK319,Infusion Pump,18,1,1,2,1,1,0.0,0,2,0.0,USA,Sigma Spectrum #305,Baxter Healthcare Corp,Sigma,2018-10-21,,1
PRK319,Infusion Pump,15,1,0,2,1,1,28.68,0,2,93.22,USA,Sigma Spectrum #982,Baxter Healthcare Corp,Sigma,2020-06-30,8,3
PRK312,Infusion Pump,9,0,0,2,1,1,2.32,0,2,233.37,USA,Sigma Spectrum #738,Baxter Healthcare Corp,Sigma,2012-06-24,22,2
PRK340,Infusion Pump,26,1,1,2,1,1,0.0,0,2,0.0,Germany,Infusomat Space #198,B. Braun Melsungen AG,Infusomat,2012-01-03,,1
PRK319,Infusion Pump,5,0,0,2,2,1,22.56,0,2,138.84,Ireland,Alaris GP #152,Medtronic,Alaris,2010-07-17,28,2
PRK358,Infusion Pump,14,1,0,2,1,1,0.0,0,2,1764.75,Germany,Infusomat Space #429,B. Braun Melsungen AG,Infusomat,1994-11-10,37,3
PRK319,Infusion Pump,7,0,0,2,1,1,79.95,0,2,1368.62,Ireland,Alaris GP #944,Medtronic,Alaris,2008-03-01,19,2
PRK333,Infusion Pump,12,1,2,2,1,1,2.5,0,2,1153.7,USA,Sigma Spectrum #104,Baxter Healthcare Corp,Sigma,2012-11-28,12,2
PRK333,Infusion Pump,6,0,0,2,1,1,57.05,0,2,63.21,Germany,Infusomat Space #696,B. Braun Melsungen AG,Infusomat,2008-05-21,49,2
PRK319,Physiologic Monitoring System,25,1,0,1,2,1,22.69,0,2,1003.32,Netherlands,IntelliVue #146,Koninklijke Philips N.V.,Philips,2010-11-06,5,2
PRK342,Sphygmomanometers,18,1,0,1,1,1,46.86,0,2,438.76,USA,DS66 #699,Welch Allyn Inc,Welch Allyn,2017-09-20,4,2
PRK342,Infusion Pump,11,1,0,2,1,1,0.0,0,2,0.0,USA,Sigma Spectrum #832,Baxter Healthcare Corp,Sigma,2019-01-11,,1
PRK342,Defibrillator,15,1,0,3,1,1,320.75,0,2,3475.08,Netherlands,HeartStart XL #247,Koninklijke Philips N.V.,HeartStart,2010-05-19,18,2
PRK341,Infusion Pump,4,0,0,2,2,1,905.37,0,2,36.43,Ireland,Alaris GP #685,Medtronic,Alaris,2018-03-30,27,2
PRK330,Infusion Pump,2,1,0,2,1,1,0.0,0,2,0.0,Germany,Infusomat Space #524,B. Braun Melsungen AG,Infusomat,2004-09-09,,1
PRK330,Physiologic Monitoring System,5,0,0,1,1,1,98.99,0,2,0.0,Netherlands,IntelliVue #61,Koninklijke Philips N.V.,Philips,2009-12-07,36,2
PRK342,Physiologic Monitoring System,25,1,2,1,1,1,208.27,0,2,0.0,USA,CARESCAPE #407,GE Healthcare,GE,2018-02-13,16,2
PRK326,Ventilator,6,1,0,3,2,1,17.99,0,2,10.33,USA,Smartvent 7900 #757,Datex-Ohmeda Inc,Smartvent,2011-12-02,49,2
PRK330,Infusion Pump,16,1,0,2,1,1,49.09,0,2,1042.61,USA,Sigma Spectrum #867,Baxter Healthcare Corp,Sigma,2009-11-16,13,2
PRK312,Ventilator,7,1,0,3,1,1,564.69,0,2,439.47,Germany,Evita V500 #826,Drager Medical AG & Co KGaA,Evita,2010-04-06,49,2
PRK342,Infusion Pump,8,1,0,2,1,1,35.45,0,2,3795.19,Ireland,Alaris GP #656,Medtronic,Alaris,2010-12-02,32,2
PRK300,Infusion Pump,6,0,0,2,1,1,530.82,0,2,127.81,Germany,Infusomat Space #706,B. Braun Melsungen AG,Infusomat,2003-10-18,11,2
PRK360,Infusion Pump,6,1,0,2,2,1,0.0,0,2,0.0,USA,Sigma Spectrum #280,Baxter Healthcare Corp,Sigma,1996-11-28,,1
PRK311,Radiographic System,15,1,0,1,2,1,116.65,1,2,84.21,Germany,Somatom #668,Siemens Healthineers,Siemens,2011-04-25,34,2
PRK326,Infusion Pump,6,1,0,2,1,1,271.0,0,2,254.71,Germany,Infusomat Space #104,B. Braun Melsungen AG,Infusomat,2005-01-22,14,2
PRK319,Ventilator,6,1,0,3,2,1,0.0,0,2,0.0,USA,Carestation 650 #209,Datex-Ohmeda Inc,Carestation,2014-02-17,,1
PRK319,Physiologic Monitoring System,9,1,0,1,1,1,0.0,1,2,0.0,Netherlands,IntelliVue #806,Koninklijke Philips N.V.,Philips,2016-11-29,,1
PRK320,Physiologic Monitoring System,7,0,0,1,1,1,21.57,1,2,357.1,Netherlands,IntelliVue #264,Koninklijke Philips N.V.,Philips,2019-08-07,32,2
PRK342,Physiologic Monitoring System,4,0,0,1,1,1,458.04,0,2,5198.96,USA,CARESCAPE #66,GE Healthcare,GE,2017-12-17,45,2
PRK312,Defibrillator,14,1,0,3,1,1,29.69,1,2,178763.86,USA,Lifepak 20e #177,Physio-Control Inc,Lifepak,2007-02-06,13,3
PRK319,Infusion Pump,10,1,0,2,1,1,28.99,0,1,107.44,USA,Sigma Spectrum #462,Baxter Healthcare Corp,Sigma,2007-01-05,17,3
PRK310,Infusion Pump,6,1,0,2,1,1,11.54,1,2,2229.86,Ireland,Alaris GP #523,Medtronic,Alaris,2002-08-27,28,2
PRK320,Physiologic Monitoring System,4,1,0,1,1,1,48.18,0,2,748.66,Netherlands,IntelliVue #648,Koninklijke Philips N.V.,Philips,2009-06-30,50,2
PRK358,Infusion Pump,18,1,0,2,1,1,141.97,0,2,8074.33,Ireland,Alaris GP #568,Medtronic,Alaris,2005-11-21,9,2
PRK326,Infusion Pump,3,0,0,2,1,1,60.58,0,2,187.61,USA,Sigma Spectrum #600,Baxter Healthcare Corp,Sigma,2018-01-02,40,2
PRK342,Infusion Pump,13,1,0,2,1,1,2880.79,0,2,6714.11,Germany,Infusomat Space #157,B. Braun Melsungen AG,Infusomat,2017-04-25,20,2
PRK330,Infusion Pump,1,0,0,2,1,1,24.11,0,2,522.88,Ireland,Alaris GP #120,Medtronic,Alaris,2016-09-02,14,2
PRK330,Infusion Pump,9,1,0,2,1,1,11.29,0,2,391.68,USA,Sigma Spectrum #329,Baxter Healthcare Corp,Sigma,1999-08-17,35,2
PRK358,Infusion Pump,9,1,0,2,1,1,42.99,0,2,963.98,USA,Sigma Spectrum #647,Baxter Healthcare Corp,Sigma,2006-07-14,40,2
PRK300,Defibrillator,2,0,0,3,1,1,100.84,0,2,958.59,Netherlands,HeartStart XL #522,Koninklijke Philips N.V.,HeartStart,2015-03-08,37,2
PRK358,Infusion Pump,3,1,0,2,1,1,5.49,1,2,83.71,USA,Sigma Spectrum #240,Baxter Healthcare Corp,Sigma,2015-02-07,12,2
PRK333,Radiographic System,10,1,0,1,1,1,576.44,0,2,716.77,Germany,Somatom #776,Siemens Healthineers,Siemens,2003-04-12,12,2
PRK320,Sphygmomanometers,3,0,0,1,1,1,34.4,0,2,14496.69,Japan,HEM-907 #556,Omron Healthcare Co Ltd,Omron,2004-08-22,28,2
PRK358,Infusion Pump,21,0,2,2,1,1,1156.1,0,2,45.71,Germany,Infusomat Space #804,B. Braun Melsungen AG,Infusomat,2010-06-23,19,2
PRK320,Physiologic Monitoring System,6,0,0,1,2,1,602.44,0,2,1969.28,Japan,Life Scope #249,Nihon Kohden Corp,Nihon Kohden,2001-01-28,32,3
PRK360,Physiologic Monitoring System,23,1,0,1,1,1,179.44,0,2,6946.72,Netherlands,IntelliVue #774,Koninklijke Philips N.V.,Philips,2009-04-14,7,2
PRK358,Physiologic Monitoring System,20,1,0,1,2,1,52.5,0,2,622.71,USA,CARESCAPE #387,GE Healthcare,GE,2004-03-18,15,2
PRK319,Infusion Pump,8,1,0,2,2,1,8.84,0,2,389.24,Germany,Infusomat Space #147,B. Braun Melsungen AG,Infusomat,2016-02-27,19,2
PRK320,Infusion Pump,10,1,0,2,1,1,17.54,0,2,681.69,Ireland,Alaris GP #745,Medtronic,Alaris,2012-12-22,33,2
PRK350,Infusion Pump,17,1,0,2,1,1,0.0,0,2,0.0,USA,Sigma Spectrum #873,Baxter Healthcare Corp,Sigma,2007-07-02,,1
PRK312,Physiologic Monitoring System,3,0,0,1,1,1,7.29,1,2,414.61,Netherlands,IntelliVue #254,Koninklijke Philips N.V.,Philips,2007-09-19,47,2
PRK342,Radiographic System,6,1,0,1,1,1,0.0,0,2,33701.59,Japan,Aquilion #32,Canon Inc (Toshiba Medical),Canon,2017-08-28,36,2
PRK311,Physiologic Monitoring System,23,0,0,1,1,1,98.17,0,2,497.06,USA,CARESCAPE #851,GE Healthcare,GE,2002-06-27,9,2
PRK319,Physiologic Monitoring System,16,1,1,1,2,1,0.0,1,2,0.0,USA,CARESCAPE #550,GE Healthcare,GE,1998-11-19,,1
PRK333,Radiographic System,7,0,0,1,1,1,22.68,0,2,77.75,Germany,Somatom #453,Siemens Healthineers,Siemens,2009-08-25,49,2
PRK342,Physiologic Monitoring System,10,1,0,1,1,1,12.7,0,2,1688.05,Japan,Life Scope #273,Nihon Kohden Corp,Nihon Kohden,1999-03-28,6,2
PRK342,Infusion Pump,5,1,0,2,1,1,752.03,1,2,58.77,Germany,Infusomat Space #991,B. Braun Melsungen AG,Infusomat,2002-09-29,53,2
PRK341,Defibrillator,7,0,0,3,1,1,0.0,0,2,0.0,USA,Lifepak 20e #287,Physio-Control Inc,Lifepak,2013-11-10,,1
PRK319,Infusion Pump,13,1,0,2,1,1,0.0,1,2,0.0,Ireland,Alaris GP #609,Medtronic,Alaris,2001-03-25,,1
PRK330,Infusion Pump,7,0,0,2,2,1,155.2,0,2,703.42,Germany,Infusomat Space #218,B. Braun Melsungen AG,Infusomat,2010-06-07,8,2
PRK319,Infusion Pump,14,1,0,2,1,1,0.54,0,2,0.0,Ireland,Alaris GP #160,Medtronic,Alaris,1997-09-19,22,2
PRK319,Sphygmomanometers,3,1,0,1,1,1,17.22,0,1,0.0,Japan,HEM-907 #467,Omron Healthcare Co Ltd,Omron,2002-05-17,13,2
PRK320,Infusion Pump,13,1,0,2,1,1,121.94,0,2,193.61,USA,Sigma Spectrum #748,Baxter Healthcare Corp,Sigma,2013-02-23,9,3
PRK341,Infusion Pump,4,0,0,2,1,1,0.0,1,2,0.0,Ireland,Alaris GP #50,Medtronic,Alaris,2012-11-05,,1
PRK319,Infusion Pump,8,1,0,2,1,1,33.39,0,2,3119.29,USA,Sigma Spectrum #610,Baxter Healthcare Corp,Sigma,2012-03-21,35,2
PRK300,Infusion Pump,5,0,0,2,1,1,0.0,1,1,0.0,USA,Sigma Spectrum #214,Baxter Healthcare Corp,Sigma,2014-06-07,,1
PRK342,Infusion Pump,13,1,0,2,1,1,0.0,0,2,0.0,Ireland,Alaris GP #119,Medtronic,Alaris,2015-07-14,,1
PRK300,Physiologic Monitoring System,3,1,0,1,1,1,7.79,1,2,17794.09,Netherlands,IntelliVue #968,Koninklijke Philips N.V.,Philips,2009-04-22,43,2
PRK360,Defibrillator,14,1,0,3,2,1,283.91,1,2,754.92,USA,Lifepak 20e #69,Physio-Control Inc,Lifepak,2009-10-13,9,3
PRK320,Infusion Pump,9,0,0,2,1,1,4.37,0,2,23092.0,USA,Sigma Spectrum #167,Baxter Healthcare Corp,Sigma,2006-07-01,46,2
PRK300,Infusion Pump,7,1,0,2,1,1,193.37,1,2,18642.19,Germany,Infusomat Space #824,B. Braun Melsungen AG,Infusomat,2017-06-23,20,2
PRK358,Infusion Pump,5,0,0,2,1,1,156.26,1,2,0.0,Germany,Infusomat Space #109,B. Braun Melsungen AG,Infusomat,2010-01-04,22,2
PRK341,Infusion Pump,6,1,0,2,2,1,1461.0,0,2,86.43,USA,Sigma Spectrum #487,Baxter Healthcare Corp,Sigma,2004-08-07,21,2
PRK358,Physiologic Monitoring System,19,1,0,1,1,1,115.16,0,2,0.0,USA,CARESCAPE #302,GE Healthcare,GE,2016-05-15,20,2
PRK330,Physiologic Monitoring System,5,1,0,1,1,1,35.83,0,2,1117.79,USA,CARESCAPE #693,GE Healthcare,GE,2020-10-06,16,3
PRK320,Physiologic Monitoring System,19,1,0,1,1,1,0.0,0,2,0.0,USA,CARESCAPE #874,GE Healthcare,GE,2017-01-23,,1
PRK341,Infusion Pump,24,1,2,2,1,1,2562.38,0,2,67968.17,Germany,Infusomat Space #500,B. Braun Melsungen AG,Infusomat,2007-02-03,10,2
PRK330,Physiologic Monitoring System,7,0,0,1,1,1,61.14,0,2,2924.53,Netherlands,IntelliVue #150,Koninklijke Philips N.V.,Philips,1995-03-16,16,3
PRK340,Infusion Pump,2,1,0,2,1,1,37.16,0,2,42.94,Germany,Infusomat Space #827,B. Braun Melsungen AG,Infusomat,2008-05-13,11,2
PRK319,Infusion Pump,16,1,0,2,1,1,48.55,0,1,1706.35,Ireland,Alaris GP #829,Medtronic,Alaris,2002-12-25,15,3
PRK320,Sphygmomanometers,16,0,0,1,1,1,128.55,0,2,757.35,USA,DS66 #161,Welch Allyn Inc,Welch Allyn,2009-11-25,24,2
PRK300,Physiologic Monitoring System,20,1,1,1,1,1,27.72,0,2,1846.98,Netherlands,IntelliVue #40,Koninklijke Philips N.V.,Philips,2005-02-19,21,2
PRK350,Defibrillator,8,1,0,3,1,1,8.5,1,2,456.52,USA,Lifepak 20e #111,Physio-Control Inc,Lifepak,2017-04-14,21,2
PRK320,Defibrillator,11,0,0,3,1,1,16.31,1,2,37.0,USA,Lifepak 20e #420,Physio-Control Inc,Lifepak,2006-03-21,17,3
PRK360,Physiologic Monitoring System,6,0,0,1,1,1,11.1,1,2,7701.15,Netherlands,IntelliVue #389,Koninklijke Philips N.V.,Philips,2012-11-18,42,2
PRK319,Sphygmomanometers,6,0,0,1,1,1,41.42,0,2,41962.89,Japan,HEM-907 #942,Omron Healthcare Co Ltd,Omron,2017-06-05,37,2
PRK333,Infusion Pump,10,1,0,2,1,1,18.09,0,2,257.75,Ireland,Alaris GP #519,Medtronic,Alaris,2013-02-24,38,3
PRK319,Infusion Pump,17,1,1,2,1,1,39.53,1,2,487.51,Germany,Infusomat Space #993,B. Braun Melsungen AG,Infusomat,2009-03-07,29,2
PRK342,Infusion Pump,15,1,0,2,1,1,0.0,0,2,0.0,USA,Sigma Spectrum #619,Baxter Healthcare Corp,Sigma,2019-01-20,,1
PRK350,Infusion Pump,9,0,0,2,1,1,0.0,0,2,0.0,Ireland,Alaris GP #987,Medtronic,Alaris,2018-07-08,,1
PRK333,Infusion Pump,18,1,0,2,2,1,9.64,0,2,4782.39,Germany,Infusomat Space #236,B. Braun Melsungen AG,Infusomat,2007-01-29,25,3
PRK320,Infusion Pump,3,0,0,2,1,1,1170.49,0,2,570.74,Ireland,Alaris GP #740,Medtronic,Alaris,2004-02-04,53,2
PRK342,Physiologic Monitoring System,30,1,0,1,1,1,0.0,0,2,104.05,USA,CARESCAPE #757,GE Healthcare,GE,2003-03-20,6,3
PRK312,Ventilator,3,0,0,3,1,1,144.19,0,2,175.91,UK,Blease 8200p #845,Blease Medical Equipment Ltd,Blease,2009-10-18,27,2
PRK341,Physiologic Monitoring System,8,1,0,1,1,1,0.0,1,2,0.0,USA,CARESCAPE #734,GE Healthcare,GE,2011-01-01,,1
PRK342,Infusion Pump,10,1,0,2,1,1,7.07,0,1,720.55,USA,Sigma Spectrum #297,Baxter Healthcare Corp,Sigma,2011-10-31,19,2
PRK319,Physiologic Monitoring System,11,0,0,1,1,1,19.09,0,2,47.74,Japan,Life Scope #490,Nihon Kohden Corp,Nihon Kohden,2004-01-25,22,2
PRK341,Infusion Pump,17,1,1,2,2,1,23.3,0,2,1044.81,Germany,Infusomat Space #317,B. Braun Melsungen AG,Infusomat,2015-04-07,25,2
PRK342,Infusion Pump,4,0,0,2,1,1,4.23,0,2,4.16,Germany,Infusomat Space #472,B. Braun Melsungen AG,Infusomat,2003-12-23,42,2
PRK311,Infusion Pump,11,1,0,2,1,1,0.0,1,2,0.0,Germany,Infusomat Space #524,B. Braun Melsungen AG,Infusomat,1993-10-11,,1
PRK320,Infusion Pump,14,1,0,2,1,1,0.0,0,2,0.0,USA,Sigma Spectrum #717,Baxter Healthcare Corp,Sigma,2014-09-22,,1
PRK330,Infusion Pump,19,1,0,2,1,1,0.0,0,1,0.0,Germany,Infusomat Space #182,B. Braun Melsungen AG,Infusomat,2008-08-05,,1
PRK342,Ventilator,7,1,0,3,1,1,0.0,0,2,0.0,USA,Carestation 650 #996,Datex-Ohmeda Inc,Carestation,2006-10-01,,1
PRK340,Physiologic Monitoring System,10,0,0,1,1,1,761.06,1,2,242.03,Netherlands,IntelliVue #335,Koninklijke Philips N.V.,Philips,2007-07-01,37,2
PRK330,Physiologic Monitoring System,9,1,0,1,2,1,9.99,1,2,266.17,Netherlands,IntelliVue #378,Koninklijke Philips N.V.,Philips,2019-03-21,13,2
PRK319,Infusion Pump,14,1,0,2,1,1,58.28,0,2,368.15,USA,Sigma Spectrum #544,Baxter Healthcare Corp,Sigma,2015-05-31,21,2
PRK300,Ventilator,14,1,0,3,1,1,26.73,0,2,481.68,UK,Blease 8200p #274,Blease Medical Equipment Ltd,Blease,1995-04-13,13,2
PRK300,Physiologic Monitoring System,7,0,0,1,1,1,292.17,1,2,201.52,Netherlands,IntelliVue #425,Koninklijke Philips N.V.,Philips,2018-06-23,45,2
PRK319,Infusion Pump,9,1,0,2,1,1,127.3,0,1,1198.48,USA,Sigma Spectrum #480,Baxter Healthcare Corp,Sigma,2013-11-21,25,3
PRK311,Physiologic Monitoring System,9,1,0,1,1,1,1094.85,0,2,21451.17,Japan,Life Scope #46,Nihon Kohden Corp,Nihon Kohden,2015-08-04,12,2
PRK311,Infusion Pump,4,0,0,2,1,1,79.15,0,2,1936.16,Ireland,Alaris GP #246,Medtronic,Alaris,2014-09-25,35,2
PRK341,Infusion Pump,11,1,0,2,1,1,241.67,0,2,429.74,Ireland,Alaris GP #25,Medtronic,Alaris,2018-10-20,38,2
PRK341,Infusion Pump,11,0,0,2,1,1,17.14,0,2,0.0,Germany,Infusomat Space #60,B. Braun Melsungen AG,Infusomat,2017-06-30,39,2
PRK300,Infusion Pump,4,0,0,2,1,1,3.9,0,2,9340.62,USA,Sigma Spectrum #974,Baxter Healthcare Corp,Sigma,2019-09-24,12,3
PRK341,Infusion Pump,12,1,0,2,1,1,182.72,0,2,5055.5,Germany,Infusomat Space #952,B. Braun Melsungen AG,Infusomat,1998-08-25,17,2
PRK311,Infusion Pump,30,1,0,2,1,1,71.31,0,2,1732.11,Germany,Infusomat Space #494,B. Braun Melsungen AG,Infusomat,2017-03-30,3,2
PRK326,Infusion Pump,5,0,1,2,1,1,0.0,0,1,0.0,Germany,Infusomat Space #352,B. Braun Melsungen AG,Infusomat,2015-10-28,,1
PRK360,Sphygmomanometers,4,0,0,1,1,1,697.74,0,2,3077.57,Malaysia,MV-BP100 #605,Med-Vantage Sdn Bhd,MedVantage,2020-10-18,22,2
PRK333,Infusion Pump,14,1,1,2,1,1,100.06,1,2,9897.26,Germany,Infusomat Space #510,B. Braun Melsungen AG,Infusomat,2006-01-11,23,2
PRK300,Infusion Pump,7,0,0,2,1,1,243.02,0,1,138.33,Germany,Infusomat Space #872,B. Braun Melsungen AG,Infusomat,2017-01-16,19,3
PRK320,Infusion Pump,17,1,0,2,1,1,343.45,0,2,480.0,Germany,Infusomat Space #103,B. Braun Melsungen AG,Infusomat,2014-03-18,6,3
PRK341,Defibrillator,8,1,0,3,1,1,41.87,0,2,5367.53,Netherlands,HeartStart XL #964,Koninklijke Philips N.V.,HeartStart,2009-02-18,27,2
PRK319,Physiologic Monitoring System,6,1,0,1,1,1,0.0,0,2,0.0,USA,CARESCAPE #735,GE Healthcare,GE,2002-10-28,,1
PRK360,Defibrillator,8,1,0,3,1,1,0.0,0,1,0.0,USA,Lifepak 20e #942,Physio-Control Inc,Lifepak,2014-03-20,,1
PRK330,Infusion Pump,14,0,0,2,1,1,109.38,0,2,4979.55,Germany,Infusomat Space #480,B. Braun Melsungen AG,Infusomat,2009-01-01,7,2
PRK300,Infusion Pump,13,1,0,2,1,1,91.55,0,2,76.97,Ireland,Alaris GP #721,Medtronic,Alaris,2014-11-17,31,3
PRK340,Physiologic Monitoring System,3,0,0,1,1,1,9.3,1,2,5898.01,Japan,Life Scope #178,Nihon Kohden Corp,Nihon Kohden,2016-11-28,8,2
PRK342,Infusion Pump,14,1,1,2,1,1,0.0,1,2,0.0,USA,Sigma Spectrum #770,Baxter Healthcare Corp,Sigma,2012-05-30,,1
PRK330,Ventilator,9,1,0,3,1,1,97.54,1,2,288.27,USA,Smartvent 7900 #264,Datex-Ohmeda Inc,Smartvent,2013-04-09,10,3
PRK358,Defibrillator,10,1,0,3,1,1,10.12,0,2,0.0,USA,Lifepak 20e #9,Physio-Control Inc,Lifepak,2001-12-29,35,3
PRK358,Infusion Pump,12,1,0,2,1,1,206.39,0,2,231.73,USA,Sigma Spectrum #615,Baxter Healthcare Corp,Sigma,1998-03-27,35,2
PRK311,Sphygmomanometers,4,1,2,1,2,1,34.47,0,1,2476.85,USA,DS66 #273,Welch Allyn Inc,Welch Allyn,2003-05-10,45,2
PRK300,Physiologic Monitoring System,3,0,0,1,1,1,0.0,1,2,0.0,Japan,Life Scope #861,Nihon Kohden Corp,Nihon Kohden,2020-08-28,,1
PRK319,Infusion Pump,3,1,0,2,1,1,21.27,0,2,380.32,Ireland,Alaris GP #207,Medtronic,Alaris,2017-11-02,8,2
PRK341,Infusion Pump,16,0,0,2,1,1,0.0,0,2,0.0,USA,Sigma Spectrum #108,Baxter Healthcare Corp,Sigma,2014-05-24,,1
PRK341,Infusion Pump,16,1,0,2,1,1,10.85,1,2,1873.93,USA,Sigma Spectrum #302,Baxter Healthcare Corp,Sigma,2014-11-09,18,3
PRK319,Ventilator,1,1,0,3,1,1,4243.29,0,2,56.54,UK,Blease 8200p #189,Blease Medical Equipment Ltd,Blease,2011-04-07,26,2
PRK360,Infusion Pump,9,1,0,2,1,1,129.02,0,2,8254.33,Ireland,Alaris GP #891,Medtronic,Alaris,2003-08-30,7,2
PRK319,Infusion Pump,6,1,0,2,1,1,3057.95,0,2,2522.28,USA,Sigma Spectrum #862,Baxter Healthcare Corp,Sigma,2001-08-16,47,2
PRK350,Physiologic Monitoring System,4,1,0,1,1,1,7.51,0,2,23.83,Japan,Life Scope #603,Nihon Kohden Corp,Nihon Kohden,2006-08-11,4,2
PRK358,Infusion Pump,19,1,0,2,1,1,6.18,0,2,27709.81,USA,Sigma Spectrum #731,Baxter Healthcare Corp,Sigma,2005-06-25,12,2
PRK310,Infusion Pump,21,0,1,2,1,1,35.49,0,2,351.13,Germany,Infusomat Space #224,B. Braun Melsungen AG,Infusomat,2002-07-24,7,2
PRK319,Physiologic Monitoring System,10,1,0,1,2,1,5.57,0,2,58.08,Netherlands,IntelliVue #926,Koninklijke Philips N.V.,Philips,2000-10-01,8,2
PRK319,Infusion Pump,6,0,0,2,1,1,24.02,0,2,35.29,USA,Sigma Spectrum #766,Baxter Healthcare Corp,Sigma,2015-11-22,14,3
PRK358,Infusion Pump,7,0,0,2,1,1,951.75,1,2,18.12,Germany,Infusomat Space #158,B. Braun Melsungen AG,Infusomat,2009-12-04,9,2
PRK320,Infusion Pump,4,1,0,2,1,1,0.0,0,2,0.0,Ireland,Alaris GP #506,Medtronic,Alaris,2010-12-03,,1
PRK358,Infusion Pump,6,1,0,2,2,1,3.11,0,2,119.82,Ireland,Alaris GP #655,Medtronic,Alaris,2019-07-04,45,2
PRK333,Infusion Pump,5,1,0,2,1,1,93.95,0,2,50.66,USA,Sigma Spectrum #112,Baxter Healthcare Corp,Sigma,2012-01-31,20,3
PRK330,Physiologic Monitoring System,20,1,0,1,1,1,0.0,0,1,0.0,Japan,Life Scope #232,Nihon Kohden Corp,Nihon Kohden,2005-03-26,,1
PRK358,Sphygmomanometers,2,1,0,1,1,1,1.88,0,2,22146.68,USA,DS66 #66,Welch Allyn Inc,Welch Allyn,2017-10-25,50,2
PRK330,Infusion Pump,15,1,0,2,1,1,4.8,0,2,133.06,Germany,Infusomat Space #302,B. Braun Melsungen AG,Infusomat,2009-12-17,22,2
PRK342,Sphygmomanometers,4,0,0,1,1,1,60.37,0,1,312.69,Japan,HEM-907 #110,Omron Healthcare Co Ltd,Omron,2018-06-22,33,2
PRK330,Physiologic Monitoring System,13,1,0,1,1,1,6.33,0,2,0.0,Japan,Life Scope #538,Nihon Kohden Corp,Nihon Kohden,1992-11-20,21,2
PRK310,Physiologic Monitoring System,8,1,0,1,1,1,40.39,0,2,42112.31,USA,CARESCAPE #139,GE Healthcare,GE,2008-06-19,40,2
PRK300,Physiologic Monitoring System,15,1,0,1,1,1,0.0,0,2,0.0,USA,CARESCAPE #382,GE Healthcare,GE,2013-03-20,,1
PRK319,Physiologic Monitoring System,3,0,0,1,1,1,27.67,1,2,1903.47,Netherlands,IntelliVue #247,Koninklijke Philips N.V.,Philips,2009-07-08,10,2
PRK342,Ventilator,5,0,0,3,1,1,124.46,1,2,0.0,Germany,Evita V500 #567,Drager Medical AG & Co KGaA,Evita,2012-12-23,12,2
PRK326,Infusion Pump,7,1,0,2,1,1,141.57,0,2,2035.58,Germany,Infusomat Space #409,B. Braun Melsungen AG,Infusomat,2005-04-14,5,2
PRK330,Infusion Pump,9,1,0,2,1,1,13.09,0,2,14.59,Ireland,Alaris GP #383,Medtronic,Alaris,2017-09-16,22,2
PRK310,Infusion Pump,9,1,0,2,1,1,8.17,1,2,113.84,Germany,Infusomat Space #474,B. Braun Melsungen AG,Infusomat,2004-02-10,28,2
PRK341,Infusion Pump,4,1,0,2,1,1,327.27,1,2,3366.4,Germany,Infusomat Space #752,B. Braun Melsungen AG,Infusomat,2009-05-04,5,3
PRK350,Physiologic Monitoring System,3,1,0,1,1,1,0.0,0,2,0.0,USA,CARESCAPE #736,GE Healthcare,GE,2005-04-30,,1
PRK341,Infusion Pump,7,0,0,2,1,1,79.53,0,2,33.3,USA,Sigma Spectrum #236,Baxter Healthcare Corp,Sigma,2017-11-19,32,2
PRK360,Infusion Pump,8,1,0,2,1,1,0.0,0,2,0.0,USA,Sigma Spectrum #850,Baxter Healthcare Corp,Sigma,2013-03-28,,1
PRK300,Infusion Pump,7,1,0,2,1,1,0.0,0,2,2359.96,Ireland,Alaris GP #73,Medtronic,Alaris,2021-01-09,18,2
PRK300,Infusion Pump,2,0,0,2,1,1,77.39,0,2,2145.7,Germany,Infusomat Space #563,B. Braun Melsungen AG,Infusomat,2004-12-24,25,2
PRK333,Physiologic Monitoring System,9,1,0,1,1,1,7.31,0,2,0.0,Japan,Life Scope #783,Nihon Kohden Corp,Nihon Kohden,2002-01-04,37,3
PRK319,Physiologic Monitoring System,12,1,0,1,2,1,110.07,0,2,9.52,Netherlands,IntelliVue #765,Koninklijke Philips N.V.,Philips,2018-12-28,13,2
PRK342,Infusion Pump,10,0,0,2,1,1,9.0,1,2,1066.03,Germany,Infusomat Space #893,B. Braun Melsungen AG,Infusomat,2014-11-29,26,2
PRK350,Infusion Pump,8,1,0,2,1,1,0.0,0,2,0.0,Germany,Infusomat Space #363,B. Braun Melsungen AG,Infusomat,2004-04-09,,1
PRK310,Infusion Pump,10,0,0,2,1,1,164.43,1,2,2389.32,USA,Sigma Spectrum #822,Baxter Healthcare Corp,Sigma,2012-08-08,27,2
PRK358,Infusion Pump,5,1,1,2,1,1,90.74,1,1,0.0,Ireland,Alaris GP #902,Medtronic,Alaris,1996-01-03,42,2
PRK300,Physiologic Monitoring System,19,1,0,1,1,1,0.0,1,2,189.01,USA,CARESCAPE #447,GE Healthcare,GE,2013-08-19,7,2
PRK342,Physiologic Monitoring System,6,0,0,1,1,1,0.0,1,2,0.0,Netherlands,IntelliVue #523,Koninklijke Philips N.V.,Philips,2007-01-01,,1
PRK326,Infusion Pump,12,1,2,2,1,1,0.0,0,2,0.0,USA,Sigma Spectrum #444,Baxter Healthcare Corp,Sigma,2015-01-06,,1
PRK341,Infusion Pump,7,1,0,2,1,1,162.2,0,2,1306.55,Ireland,Alaris GP #337,Medtronic,Alaris,2015-06-01,26,2
PRK310,Sphygmomanometers,16,1,0,1,1,1,16.39,1,2,77.8,Japan,HEM-907 #309,Omron Healthcare Co Ltd,Omron,1999-08-11,13,2
PRK358,Physiologic Monitoring System,6,1,0,1,1,1,1.74,0,2,0.0,USA,CARESCAPE #207,GE Healthcare,GE,2010-03-08,37,2
PRK358,Infusion Pump,16,1,0,2,1,1,875.22,0,2,735.62,Ireland,Alaris GP #467,Medtronic,Alaris,2018-02-25,16,2
PRK333,Infusion Pump,20,1,2,2,2,1,154.85,0,2,0.0,Germany,Infusomat Space #958,B. Braun Melsungen AG,Infusomat,2000-10-15,9,2
PRK333,Infusion Pump,4,0,0,2,1,1,26.97,0,2,7616.35,USA,Sigma Spectrum #35,Baxter Healthcare Corp,Sigma,2007-04-08,38,3
PRK341,Sphygmomanometers,15,1,0,1,1,1,1880.4,0,2,4172.23,USA,DS66 #146,Welch Allyn Inc,Welch Allyn,2007-12-11,11,3
PRK341,Infusion Pump,23,1,0,2,1,1,52.8,0,2,2573.8,USA,Sigma Spectrum #669,Baxter Healthcare Corp,Sigma,2016-08-12,14,2
PRK340,Infusion Pump,11,0,0,2,1,1,481.5,0,1,1175.84,Germany,Infusomat Space #747,B. Braun Melsungen AG,Infusomat,2016-04-28,33,3
PRK341,Radiographic System,18,1,0,1,1,1,0.0,0,2,0.0,Germany,Somatom #702,Siemens Healthineers,Siemens,2013-10-24,,1
PRK358,Physiologic Monitoring System,21,1,1,1,2,1,0.0,0,2,0.0,Netherlands,IntelliVue #260,Koninklijke Philips N.V.,Philips,2019-03-20,,1
PRK341,Infusion Pump,16,1,0,2,1,1,32.29,0,2,264.13,Ireland,Alaris GP #817,Medtronic,Alaris,2017-10-01,4,3
PRK312,Infusion Pump,5,0,0,2,1,1,9.24,0,2,6.97,USA,Sigma Spectrum #2,Baxter Healthcare Corp,Sigma,2003-04-15,13,2
PRK358,Infusion Pump,12,1,0,2,1,1,11.11,0,2,1276.78,Germany,Infusomat Space #645,B. Braun Melsungen AG,Infusomat,2015-05-09,32,2
PRK319,Physiologic Monitoring System,13,1,0,1,1,1,71.33,0,2,552.08,USA,CARESCAPE #974,GE Healthcare,GE,2008-12-17,3,2
PRK312,Infusion Pump,2,0,0,2,1,1,0.0,0,1,0.0,Ireland,Alaris GP #178,Medtronic,Alaris,2017-01-04,,1
PRK360,Sphygmomanometers,8,1,0,1,1,1,38.36,1,2,0.0,USA,DS66 #985,Welch Allyn Inc,Welch Allyn,2010-05-09,20,2
PRK319,Sphygmomanometers,10,1,0,1,1,1,0.0,0,2,0.0,USA,DS66 #857,Welch Allyn Inc,Welch Allyn,2006-04-26,,1
PRK310,Physiologic Monitoring System,12,1,0,1,1,1,0.0,0,2,0.0,USA,CARESCAPE #287,GE Healthcare,GE,2015-03-06,,1
PRK340,Physiologic Monitoring System,4,0,0,1,1,1,5.81,0,2,48.6,USA,CARESCAPE #375,GE Healthcare,GE,2007-06-06,16,2
PRK358,Infusion Pump,7,1,0,2,1,1,60.15,0,2,12446.29,Germany,Infusomat Space #258,B. Braun Melsungen AG,Infusomat,2003-06-10,5,2
PRK300,Infusion Pump,10,1,0,2,1,1,24.25,0,2,62.38,Germany,Infusomat Space #639,B. Braun Melsungen AG,Infusomat,2014-12-28,13,2
PRK333,Physiologic Monitoring System,6,1,0,1,2,1,21.01,1,2,51741.26,Japan,Life Scope #796,Nihon Kohden Corp,Nihon Kohden,2014-03-13,9,2
PRK300,Infusion Pump,1,1,0,2,1,1,1.08,0,2,72.23,Ireland,Alaris GP #214,Medtronic,Alaris,2016-02-02,56,2
PRK330,Infusion Pump,19,1,0,2,1,1,50.77,0,1,1358.02,USA,Sigma Spectrum #680,Baxter Healthcare Corp,Sigma,2020-07-19,5,2
PRK320,Infusion Pump,29,0,0,2,1,1,18.08,0,2,2150.53,Germany,Infusomat Space #409,B. Braun Melsungen AG,Infusomat,2004-01-30,6,2
PRK311,Infusion Pump,11,0,0,2,1,1,89.86,0,2,4854.2,Ireland,Alaris GP #216,Medtronic,Alaris,2012-11-16,31,2
PRK358,Infusion Pump,11,1,2,2,1,1,13789.24,1,2,56.44,USA,Sigma Spectrum #628,Baxter Healthcare Corp,Sigma,2017-11-21,42,2
PRK341,Physiologic Monitoring System,8,1,0,1,1,1,74.48,1,1,43.31,USA,CARESCAPE #455,GE Healthcare,GE,2002-01-22,42,2
PRK358,Ventilator,3,0,0,3,2,1,126.12,0,1,228.03,USA,Carestation 650 #655,Datex-Ohmeda Inc,Carestation,2006-11-04,14,2
PRK358,Physiologic Monitoring System,2,1,0,1,1,1,13.33,0,2,3273.88,Netherlands,IntelliVue #645,Koninklijke Philips N.V.,Philips,2007-04-02,58,2
PRK358,Ventilator,18,1,0,3,1,1,74.67,0,2,0.0,Germany,Evita V500 #304,Drager Medical AG & Co KGaA,Evita,2012-12-04,20,2
PRK342,Infusion Pump,27,1,0,2,1,1,0.0,1,2,0.0,Germany,Infusomat Space #326,B. Braun Melsungen AG,Infusomat,2003-07-06,,1
PRK319,Ventilator,12,1,0,3,1,1,12.34,0,2,97.74,USA,Smartvent 7900 #596,Datex-Ohmeda Inc,Smartvent,2010-05-07,12,2
PRK358,Infusion Pump,6,1,0,2,2,1,10.6,0,2,371.45,Ireland,Alaris GP #113,Medtronic,Alaris,2015-09-05,27,2
PRK333,Infusion Pump,7,1,0,2,1,1,128.21,1,2,557.34,USA,Sigma Spectrum #4,Baxter Healthcare Corp,Sigma,2010-09-14,46,2
PRK319,Sphygmomanometers,13,0,0,1,1,1,16.26,1,2,494.7,USA,DS66 #85,Welch Allyn Inc,Welch Allyn,2009-12-05,18,2
PRK326,Infusion Pump,18,1,0,2,1,1,10.01,0,2,2574.46,Ireland,Alaris GP #593,Medtronic,Alaris,2016-01-07,8,2
PRK319,Infusion Pump,8,1,0,2,1,1,585.91,0,2,11483.36,Germany,Infusomat Space #722,B. Braun Melsungen AG,Infusomat,2012-05-21,42,2
PRK333,Infusion Pump,7,1,0,2,1,1,856.35,0,2,172.54,USA,Sigma Spectrum #906,Baxter Healthcare Corp,Sigma,2012-09-27,47,2
PRK350,Infusion Pump,4,1,0,2,1,1,10.25,1,2,228.72,Ireland,Alaris GP #771,Medtronic,Alaris,2003-10-10,9,2
PRK333,Infusion Pump,6,1,0,2,1,1,366.16,0,2,1321.84,USA,Sigma Spectrum #531,Baxter Healthcare Corp,Sigma,2012-07-14,50,2
PRK319,Infusion Pump,12,1,2,2,1,1,2.85,0,2,1436.43,USA,Sigma Spectrum #702,Baxter Healthcare Corp,Sigma,2006-02-18,4,3
PRK310,Defibrillator,11,1,0,3,1,1,0.0,0,2,0.0,Netherlands,HeartStart XL #439,Koninklijke Philips N.V.,HeartStart,2013-08-11,,1
PRK358,Infusion Pump,10,1,0,2,2,1,6.13,0,2,825.53,USA,Sigma Spectrum #862,Baxter Healthcare Corp,Sigma,2010-12-13,24,2
PRK330,Infusion Pump,4,0,0,2,1,1,22.13,0,2,0.0,Ireland,Alaris GP #470,Medtronic,Alaris,2010-12-13,17,2
PRK330,Infusion Pump,7,1,0,2,1,1,54.42,1,2,37209.11,USA,Sigma Spectrum #883,Baxter Healthcare Corp,Sigma,1996-06-03,33,2
PRK342,Ventilator,15,1,0,3,1,1,5.68,0,2,1422.82,USA,Carestation 650 #87,Datex-Ohmeda Inc,Carestation,2008-06-02,11,2
PRK358,Infusion Pump,22,1,0,2,1,1,0.0,0,2,0.0,Ireland,Alaris GP #400,Medtronic,Alaris,2014-07-12,,1
PRK333,Infusion Pump,14,1,0,2,1,1,9.91,1,2,17.68,Germany,Infusomat Space #421,B. Braun Melsungen AG,Infusomat,2016-01-12,21,2
PRK341,Infusion Pump,18,1,0,2,1,1,82.9,0,2,484.72,Ireland,Alaris GP #383,Medtronic,Alaris,2015-06-24,21,3
PRK319,Physiologic Monitoring System,2,0,0,1,1,1,67.3,0,2,8948.15,Japan,Life Scope #828,Nihon Kohden Corp,Nihon Kohden,1995-08-04,56,2
PRK358,Ventilator,20,1,1,3,1,1,0.0,1,2,866.69,USA,Smartvent 7900 #396,Datex-Ohmeda Inc,Smartvent,2010-04-11,10,3
PRK340,Physiologic Monitoring System,12,1,1,1,1,1,2.34,0,2,568.78,Japan,Life Scope #940,Nihon Kohden Corp,Nihon Kohden,2014-09-04,14,2
PRK342,Ventilator,10,0,0,3,1,1,417.55,1,2,8.68,UK,Blease 8200p #391,Blease Medical Equipment Ltd,Blease,2013-02-20,34,3
PRK311,Infusion Pump,11,1,0,2,1,1,420.86,0,2,493.23,USA,Sigma Spectrum #180,Baxter Healthcare Corp,Sigma,1997-09-24,6,3
PRK341,Infusion Pump,25,1,2,2,2,1,0.0,0,2,0.0,Ireland,Alaris GP #955,Medtronic,Alaris,2008-03-02,,1
PRK320,Infusion Pump,6,1,0,2,1,1,27.95,0,2,0.0,Ireland,Alaris GP #696,Medtronic,Alaris,2012-03-12,32,2
PRK330,Infusion Pump,11,1,0,2,1,1,98.08,0,2,2003.73,Ireland,Alaris GP #515,Medtronic,Alaris,2005-08-05,33,3
PRK342,Infusion Pump,8,1,0,2,2,1,332.52,0,2,320.3,USA,Sigma Spectrum #509,Baxter Healthcare Corp,Sigma,2016-01-17,29,3
PRK350,Infusion Pump,4,0,0,2,1,1,1.35,0,2,313.76,USA,Sigma Spectrum #401,Baxter Healthcare Corp,Sigma,1996-11-14,3,3
PRK320,Infusion Pump,2,0,0,2,1,1,23.63,0,2,768.61,USA,Sigma Spectrum #940,Baxter Healthcare Corp,Sigma,2021-02-28,5,2
PRK358,Physiologic Monitoring System,4,1,0,1,2,1,118.87,0,2,2125.56,Netherlands,IntelliVue #865,Koninklijke Philips N.V.,Philips,2010-11-17,25,2
PRK319,Infusion Pump,5,1,1,2,1,1,61.46,1,2,4027.12,Germany,Infusomat Space #454,B. Braun Melsungen AG,Infusomat,2018-06-18,40,2
PRK340,Physiologic Monitoring System,8,1,0,1,1,1,0.0,0,2,0.0,Japan,Life Scope #713,Nihon Kohden Corp,Nihon Kohden,2018-11-30,,1
PRK311,Physiologic Monitoring System,18,0,0,1,1,1,2.89,0,2,313.3,Netherlands,IntelliVue #219,Koninklijke Philips N.V.,Philips,2006-11-27,16,2
PRK319,Infusion Pump,4,0,0,2,2,1,0.0,0,2,0.0,USA,Sigma Spectrum #403,Baxter Healthcare Corp,Sigma,2013-12-08,,1
PRK358,Infusion Pump,5,0,0,2,1,1,26.9,0,2,36.41,Germany,Infusomat Space #45,B. Braun Melsungen AG,Infusomat,2006-01-12,7,2
PRK300,Physiologic Monitoring System,25,1,0,1,1,1,10.95,0,2,1212.81,Netherlands,IntelliVue #328,Koninklijke Philips N.V.,Philips,2011-10-06,10,2
PRK358,Physiologic Monitoring System,6,0,0,1,1,1,401.07,0,2,6.73,USA,CARESCAPE #750,GE Healthcare,GE,2016-02-09,10,2
PRK320,Infusion Pump,5,0,0,2,1,1,0.0,0,2,0.0,Germany,Infusomat Space #360,B. Braun Melsungen AG,Infusomat,2017-09-27,,1
PRK342,Infusion Pump,6,1,0,2,1,1,11.65,0,2,1066.96,Ireland,Alaris GP #719,Medtronic,Alaris,2014-09-03,7,3
PRK310,Physiologic Monitoring System,9,0,0,1,1,1,0.0,0,2,0.0,Japan,Life Scope #982,Nihon Kohden Corp,Nihon Kohden,2015-08-28,,1
PRK341,Physiologic Monitoring System,8,1,2,1,1,1,122.01,0,2,41.41,USA,CARESCAPE #925,GE Healthcare,GE,2011-02-20,31,2
PRK358,Infusion Pump,5,1,0,2,1,1,72.79,0,2,2400.8,Ireland,Alaris GP #351,Medtronic,Alaris,2011-05-02,7,3
PRK340,Infusion Pump,7,0,0,2,1,1,43.03,0,2,457.74,Ireland,Alaris GP #61,Medtronic,Alaris,2018-07-13,27,3
PRK320,Defibrillator,15,1,0,3,1,1,0.0,0,2,9069.52,USA,Lifepak 20e #900,Physio-Control Inc,Lifepak,2013-06-10,24,2
PRK350,Infusion Pump,10,1,0,2,1,1,0.0,0,1,0.0,USA,Sigma Spectrum #981,Baxter Healthcare Corp,Sigma,2008-07-06,,1
PRK342,Defibrillator,21,0,0,3,1,1,0.0,0,2,0.0,USA,Lifepak 20e #935,Physio-Control Inc,Lifepak,2001-11-27,,1
PRK311,Infusion Pump,7,0,0,2,1,1,29.85,0,2,55560.56,USA,Sigma Spectrum #185,Baxter Healthcare Corp,Sigma,2004-04-27,18,2
PRK341,Infusion Pump,15,1,0,2,1,1,0.0,0,2,0.0,USA,Sigma Spectrum #74,Baxter Healthcare Corp,Sigma,2020-03-19,,1
PRK341,Infusion Pump,16,1,1,2,1,1,0.0,0,2,0.0,Germany,Infusomat Space #560,B. Braun Melsungen AG,Infusomat,2009-04-27,,1
PRK342,Infusion Pump,5,1,0,2,1,1,16.23,0,2,312.33,USA,Sigma Spectrum #637,Baxter Healthcare Corp,Sigma,2009-04-20,21,2
PRK319,Defibrillator,11,0,0,3,1,1,0.0,0,2,0.0,USA,Lifepak 20e #565,Physio-Control Inc,Lifepak,2005-11-16,,1
PRK326,Infusion Pump,9,1,0,2,1,1,12.13,1,2,1563.41,Germany,Infusomat Space #49,B. Braun Melsungen AG,Infusomat,2004-12-23,23,3
PRK360,Sphygmomanometers,2,0,0,1,1,1,109.4,1,2,0.0,Japan,HEM-907 #41,Omron Healthcare Co Ltd,Omron,2009-02-08,21,2
PRK340,Infusion Pump,2,0,0,2,1,1,4.35,0,2,1558.79,USA,Sigma Spectrum #376,Baxter Healthcare Corp,Sigma,2014-01-18,46,2
PRK333,Defibrillator,10,1,0,3,1,1,17.27,0,2,2456.71,USA,Lifepak 20e #623,Physio-Control Inc,Lifepak,2004-07-29,10,2
PRK360,Defibrillator,2,0,0,3,1,1,21.34,0,2,3787.12,USA,Lifepak 20e #234,Physio-Control Inc,Lifepak,2014-08-03,50,2
PRK319,Physiologic Monitoring System,1,0,0,1,1,1,85.53,0,2,7.93,Japan,Life Scope #339,Nihon Kohden Corp,Nihon Kohden,2014-12-20,27,2
PRK326,Infusion Pump,9,1,0,2,1,1,5.67,0,2,355.1,USA,Sigma Spectrum #596,Baxter Healthcare Corp,Sigma,2006-12-17,29,2
PRK342,Physiologic Monitoring System,1,0,0,1,1,1,0.0,1,2,0.0,USA,CARESCAPE #834,GE Healthcare,GE,2012-12-24,,1
PRK342,Physiologic Monitoring System,3,1,0,1,2,1,0.0,0,2,0.0,Japan,Life Scope #527,Nihon Kohden Corp,Nihon Kohden,2001-09-07,,1
PRK360,Sphygmomanometers,9,0,0,1,1,1,48.47,0,2,9194.97,Malaysia,MV-BP100 #532,Med-Vantage Sdn Bhd,MedVantage,2015-02-06,13,3
PRK341,Infusion Pump,8,0,0,2,1,1,3.98,0,2,28436.5,USA,Sigma Spectrum #250,Baxter Healthcare Corp,Sigma,2019-01-23,22,2
PRK319,Infusion Pump,8,1,0,2,1,1,0.0,1,2,0.0,USA,Sigma Spectrum #75,Baxter Healthcare Corp,Sigma,2006-12-04,,1
PRK326,Infusion Pump,13,1,0,2,1,1,391.57,0,2,0.0,Ireland,Alaris GP #692,Medtronic,Alaris,2007-12-20,30,2
PRK310,Physiologic Monitoring System,17,1,0,1,2,1,10.17,1,2,895.94,USA,CARESCAPE #563,GE Healthcare,GE,2005-08-16,12,3
PRK358,Sphygmomanometers,18,0,0,1,1,1,18.36,1,2,18.76,USA,DS66 #188,Welch Allyn Inc,Welch Allyn,2016-04-07,7,3
PRK311,Infusion Pump,26,1,2,2,1,1,0.0,0,2,0.0,Germany,Infusomat Space #959,B. Braun Melsungen AG,Infusomat,2003-01-03,,1
PRK340,Physiologic Monitoring System,1,1,0,1,1,1,30.51,0,2,93.49,Japan,Life Scope #461,Nihon Kohden Corp,Nihon Kohden,2014-08-22,36,2
PRK326,Sphygmomanometers,5,1,0,1,1,1,9.76,0,2,4385.44,Japan,HEM-907 #817,Omron Healthcare Co Ltd,Omron,2000-01-31,15,3
PRK311,Infusion Pump,3,0,0,2,1,1,111.3,0,2,276.42,Ireland,Alaris GP #291,Medtronic,Alaris,2018-03-18,23,2
PRK319,Infusion Pump,26,1,2,2,2,1,449.44,0,2,0.0,Germany,Infusomat Space #746,B. Braun Melsungen AG,Infusomat,2006-03-06,3,2
PRK341,Physiologic Monitoring System,9,1,0,1,1,1,47.82,0,2,461.75,Netherlands,IntelliVue #211,Koninklijke Philips N.V.,Philips,2007-01-11,2,3
PRK300,Physiologic Monitoring System,8,1,0,1,1,1,10.71,0,2,372.81,Japan,Life Scope #902,Nihon Kohden Corp,Nihon Kohden,2006-07-01,33,3
PRK360,Infusion Pump,6,1,0,2,1,1,7.28,1,2,0.0,USA,Sigma Spectrum #759,Baxter Healthcare Corp,Sigma,2017-09-05,37,2
PRK358,Ventilator,6,1,0,3,1,1,4259.71,0,2,867.9,Germany,Evita V500 #702,Drager Medical AG & Co KGaA,Evita,2012-12-28,45,2
PRK300,Infusion Pump,6,0,0,2,1,1,24.65,0,2,17115.16,USA,Sigma Spectrum #371,Baxter Healthcare Corp,Sigma,2010-06-11,6,3
PRK358,Defibrillator,6,1,0,3,1,1,134.61,0,2,134.31,USA,Lifepak 20e #165,Physio-Control Inc,Lifepak,2010-04-19,23,2
PRK320,Defibrillator,6,0,0,3,1,1,0.0,0,2,0.0,USA,Lifepak 20e #638,Physio-Control Inc,Lifepak,2010-06-25,,1
PRK300,Ventilator,22,1,1,3,1,1,13.96,0,2,5262.01,UK,Blease 8200p #377,Blease Medical Equipment Ltd,Blease,2016-06-13,3,2
PRK319,Infusion Pump,30,1,0,2,1,1,378.83,0,2,969.06,Germany,Infusomat Space #661,B. Braun Melsungen AG,Infusomat,2016-12-02,2,2
PRK350,Infusion Pump,30,1,2,2,1,1,11.15,1,1,2869.37,USA,Sigma Spectrum #96,Baxter Healthcare Corp,Sigma,2002-12-23,4,3
PRK341,Infusion Pump,2,0,0,2,2,1,12.3,0,2,42851.89,Ireland,Alaris GP #257,Medtronic,Alaris,2015-04-10,38,2
PRK319,Infusion Pump,5,1,0,2,1,1,103.81,1,2,0.0,Ireland,Alaris GP #493,Medtronic,Alaris,2004-11-11,49,2
PRK342,Physiologic Monitoring System,1,0,0,1,1,1,0.0,0,2,0.0,USA,CARESCAPE #542,GE Healthcare,GE,2018-01-12,,1
PRK342,Infusion Pump,30,1,1,2,1,1,144.85,0,2,310.63,USA,Sigma Spectrum #253,Baxter Healthcare Corp,Sigma,2009-08-21,10,3
PRK342,Infusion Pump,11,1,0,2,1,1,16.53,1,2,916.77,USA,Sigma Spectrum #486,Baxter Healthcare Corp,Sigma,2006-08-11,29,2
PRK340,Infusion Pump,15,0,1,2,2,1,0.0,0,2,0.0,Germany,Infusomat Space #711,B. Braun Melsungen AG,Infusomat,2014-03-09,,1
PRK358,Infusion Pump,8,1,0,2,1,1,175.21,0,2,2073.35,USA,Sigma Spectrum #17,Baxter Healthcare Corp,Sigma,2010-03-21,38,2
PRK341,Infusion Pump,8,0,0,2,1,1,0.0,1,2,0.0,Germany,Infusomat Space #79,B. Braun Melsungen AG,Infusomat,2018-01-14,,1
PRK311,Physiologic Monitoring System,19,1,0,1,2,1,0.0,0,2,0.0,Japan,Life Scope #511,Nihon Kohden Corp,Nihon Kohden,2004-05-15,,1
PRK350,Ventilator,9,0,0,3,1,1,24.8,0,2,22326.72,USA,Carestation 650 #77,Datex-Ohmeda Inc,Carestation,2011-10-30,13,2
PRK320,Infusion Pump,9,1,0,2,1,1,9.09,0,2,0.0,USA,Sigma Spectrum #67,Baxter Healthcare Corp,Sigma,2017-03-09,40,2
PRK342,Ventilator,14,1,0,3,1,1,22.34,0,2,25616.74,UK,Blease 8200p #950,Blease Medical Equipment Ltd,Blease,2020-11-11,34,2
PRK342,Defibrillator,13,1,0,3,1,1,0.0,0,2,0.0,Netherlands,HeartStart XL #197,Koninklijke Philips N.V.,HeartStart,2020-02-01,,1
PRK320,Infusion Pump,9,0,0,2,1,1,55.03,1,2,211.37,Germany,Infusomat Space #849,B. Braun Melsungen AG,Infusomat,2010-07-29,10,2
PRK312,Physiologic Monitoring System,6,1,0,1,2,1,277.52,0,2,417.69,Netherlands,IntelliVue #417,Koninklijke Philips N.V.,Philips,2005-05-25,28,2
PRK342,Infusion Pump,5,1,0,2,1,1,0.0,0,2,0.0,Ireland,Alaris GP #353,Medtronic,Alaris,2014-05-15,,1
PRK358,Infusion Pump,18,1,0,2,1,1,0.0,0,2,0.0,USA,Sigma Spectrum #628,Baxter Healthcare Corp,Sigma,2016-04-27,,1
PRK358,Infusion Pump,9,1,0,2,1,1,639.42,0,2,8182.59,Germany,Infusomat Space #7,B. Braun Melsungen AG,Infusomat,2013-09-09,40,2
PRK341,Infusion Pump,4,1,0,2,1,1,97.8,0,2,15691.61,Germany,Infusomat Space #301,B. Braun Melsungen AG,Infusomat,2015-01-18,41,2
PRK319,Defibrillator,16,0,0,3,1,1,298.4,0,2,227.29,Netherlands,HeartStart XL #285,Koninklijke Philips N.V.,HeartStart,1999-04-13,29,2
PRK319,Defibrillator,9,1,0,3,1,1,49.26,0,2,0.0,Netherlands,HeartStart XL #10,Koninklijke Philips N.V.,HeartStart,2017-10-11,44,2
PRK342,Ventilator,1,1,0,3,1,1,231.8,0,1,3899.06,UK,Blease 8200p #252,Blease Medical Equipment Ltd,Blease,2003-12-05,33,2
PRK330,Physiologic Monitoring System,5,0,0,1,1,1,0.0,1,1,0.0,USA,CARESCAPE #344,GE Healthcare,GE,2006-04-29,,1
PRK342,Physiologic Monitoring System,9,0,0,1,1,1,4.31,0,2,3111.1,Japan,Life Scope #743,Nihon Kohden Corp,Nihon Kohden,2001-03-10,9,2
PRK319,Radiographic System,2,0,0,1,1,1,174.41,0,2,385.95,Germany,Somatom #407,Siemens Healthineers,Siemens,2003-10-09,26,2
PRK300,Infusion Pump,11,1,0,2,2,1,105.89,1,2,241.16,USA,Sigma Spectrum #472,Baxter Healthcare Corp,Sigma,2003-01-07,13,2
PRK341,Infusion Pump,12,0,0,2,1,1,58.53,0,2,1.03,Ireland,Alaris GP #206,Medtronic,Alaris,2019-10-06,22,3
PRK341,Physiologic Monitoring System,17,1,0,1,1,1,9.91,0,2,1223.73,Netherlands,IntelliVue #569,Koninklijke Philips N.V.,Philips,2020-04-02,20,2
PRK341,Infusion Pump,10,1,0,2,1,1,896.97,0,2,9754.49,USA,Sigma Spectrum #903,Baxter Healthcare Corp,Sigma,2019-09-18,24,3
PRK319,Infusion Pump,5,0,0,2,2,1,228.0,1,2,43.58,USA,Sigma Spectrum #889,Baxter Healthcare Corp,Sigma,2013-02-27,16,2
PRK350,Infusion Pump,2,0,0,2,1,1,17.42,0,2,1274.27,USA,Sigma Spectrum #938,Baxter Healthcare Corp,Sigma,2015-07-22,24,2
PRK333,Physiologic Monitoring System,1,0,0,1,1,1,0.0,1,2,0.0,USA,CARESCAPE #416,GE Healthcare,GE,2015-11-12,,1
PRK342,Infusion Pump,7,0,0,2,1,1,640.44,0,2,0.0,Ireland,Alaris GP #858,Medtronic,Alaris,2003-04-18,36,3
PRK341,Infusion Pump,7,0,0,2,1,1,37.9,1,2,1794.83,USA,Sigma Spectrum #8,Baxter Healthcare Corp,Sigma,1992-10-13,8,2
PRK330,Infusion Pump,2,1,0,2,1,1,11.69,0,2,5228.44,Ireland,Alaris GP #456,Medtronic,Alaris,2015-11-22,19,2
PRK342,Infusion Pump,11,1,0,2,2,1,127.48,0,2,1013.12,Ireland,Alaris GP #952,Medtronic,Alaris,2002-01-03,39,2
PRK340,Defibrillator,6,0,0,3,1,1,0.0,0,2,0.0,Netherlands,HeartStart XL #580,Koninklijke Philips N.V.,HeartStart,2017-12-23,,1
PRK333,Infusion Pump,4,0,0,2,1,1,6944.48,1,2,365.0,Germany,Infusomat Space #531,B. Braun Melsungen AG,Infusomat,2012-10-05,12,2
PRK341,Physiologic Monitoring System,3,1,0,1,1,1,8.52,1,2,4307.27,USA,CARESCAPE #980,GE Healthcare,GE,2008-09-19,28,2
PRK300,Physiologic Monitoring System,23,1,0,1,1,1,0.0,0,2,0.0,USA,CARESCAPE #112,GE Healthcare,GE,1997-06-06,,1
PRK358,Infusion Pump,1,0,0,2,1,1,26.22,0,2,3909.89,Germany,Infusomat Space #787,B. Braun Melsungen AG,Infusomat,2011-02-23,19,2
PRK320,Ventilator,27,0,2,3,1,1,35.84,0,2,11308.64,USA,Smartvent 7900 #836,Datex-Ohmeda Inc,Smartvent,2003-01-09,3,2
PRK319,Physiologic Monitoring System,4,0,0,1,1,1,12.0,0,2,118.24,Netherlands,IntelliVue #649,Koninklijke Philips N.V.,Philips,2013-11-09,28,2
PRK342,Physiologic Monitoring System,29,1,0,1,1,1,0.0,1,2,0.0,USA,CARESCAPE #192,GE Healthcare,GE,2002-01-29,,1
PRK319,Infusion Pump,2,0,0,2,1,1,0.0,0,2,0.0,Germany,Infusomat Space #985,B. Braun Melsungen AG,Infusomat,1992-03-29,,1
PRK360,Infusion Pump,11,1,0,2,1,1,0.0,1,2,0.0,Germany,Infusomat Space #704,B. Braun Melsungen AG,Infusomat,2002-06-26,,1
PRK330,Radiographic System,20,1,0,1,1,1,5.62,0,2,20.02,Japan,Aquilion #652,Canon Inc (Toshiba Medical),Canon,2004-06-04,15,2
PRK319,Ventilator,20,1,1,3,1,1,1.5,0,2,0.0,USA,Carestation 650 #337,Datex-Ohmeda Inc,Carestation,2009-04-25,8,3
PRK300,Sphygmomanometers,11,0,1,1,1,1,0.0,0,2,0.0,Malaysia,MV-BP100 #37,Med-Vantage Sdn Bhd,MedVantage,2013-07-25,5,2
PRK300,Defibrillator,10,0,0,3,1,1,569.47,1,2,396.9,USA,Lifepak 20e #935,Physio-Control Inc,Lifepak,2009-07-31,12,2
PRK310,Infusion Pump,2,1,0,2,1,1,0.0,1,2,0.0,Ireland,Alaris GP #826,Medtronic,Alaris,2007-09-20,,1
PRK300,Ventilator,16,1,0,3,1,1,39.79,0,2,2723.74,USA,Smartvent 7900 #571,Datex-Ohmeda Inc,Smartvent,2016-02-19,23,3
PRK320,Infusion Pump,18,1,1,2,1,1,0.0,0,2,711.2,USA,Sigma Spectrum #367,Baxter Healthcare Corp,Sigma,1997-05-13,26,3
PRK319,Ventilator,9,1,0,3,1,1,0.83,0,2,26159.26,UK,Blease 8200p #280,Blease Medical Equipment Ltd,Blease,2002-12-27,14,2
PRK330,Infusion Pump,10,1,0,2,1,1,0.0,1,2,864.5,Ireland,Alaris GP #344,Medtronic,Alaris,2015-03-17,19,2
PRK319,Infusion Pump,30,1,2,2,1,1,11.07,0,2,8.28,Germany,Infusomat Space #362,B. Braun Melsungen AG,Infusomat,2009-09-27,5,3
PRK300,Physiologic Monitoring System,2,1,0,1,1,1,58.27,0,2,2738.15,Netherlands,IntelliVue #431,Koninklijke Philips N.V.,Philips,2005-12-21,11,2
PRK300,Ventilator,11,1,0,3,1,1,13.11,0,2,851.87,Germany,Evita V500 #469,Drager Medical AG & Co KGaA,Evita,2021-02-06,15,2
PRK312,Physiologic Monitoring System,16,1,0,1,1,1,0.0,0,2,0.0,USA,CARESCAPE #24,GE Healthcare,GE,2014-10-29,,1
PRK319,Infusion Pump,1,1,0,2,1,1,0.0,0,2,0.0,Germany,Infusomat Space #893,B. Braun Melsungen AG,Infusomat,2014-04-21,,1
PRK311,Infusion Pump,2,0,0,2,1,1,38.46,0,2,4512.98,Ireland,Alaris GP #353,Medtronic,Alaris,2011-03-24,11,2
PRK320,Sphygmomanometers,4,0,0,1,1,1,14.44,1,2,91.23,Japan,HEM-907 #432,Omron Healthcare Co Ltd,Omron,2004-04-10,33,2
PRK358,Infusion Pump,5,0,0,2,1,1,0.0,0,2,0.0,Germany,Infusomat Space #948,B. Braun Melsungen AG,Infusomat,2008-07-01,,1
PRK319,Infusion Pump,4,1,0,2,2,1,212.15,0,2,21937.82,Germany,Infusomat Space #583,B. Braun Melsungen AG,Infusomat,1993-09-26,25,2
PRK312,Physiologic Monitoring System,5,1,0,1,1,1,0.0,1,1,794.67,Netherlands,IntelliVue #328,Koninklijke Philips N.V.,Philips,2012-10-03,13,2
PRK341,Infusion Pump,5,1,0,2,1,1,5.84,0,2,34.42,Germany,Infusomat Space #184,B. Braun Melsungen AG,Infusomat,2012-06-28,20,2
PRK333,Physiologic Monitoring System,9,1,0,1,2,1,2.52,0,2,1656.06,Japan,Life Scope #350,Nihon Kohden Corp,Nihon Kohden,2020-05-12,44,3
PRK300,Infusion Pump,4,0,0,2,1,1,87.85,1,2,325.43,Ireland,Alaris GP #191,Medtronic,Alaris,2017-04-02,7,3
PRK350,Ventilator,7,1,0,3,1,1,0.0,0,2,0.0,UK,Blease 8200p #615,Blease Medical Equipment Ltd,Blease,2014-10-13,,1
PRK342,Defibrillator,8,0,0,3,1,1,72.52,1,2,73.37,Netherlands,HeartStart XL #124,Koninklijke Philips N.V.,HeartStart,2014-08-14,24,3
PRK360,Sphygmomanometers,6,1,0,1,1,1,0.0,1,2,0.0,USA,DS66 #50,Welch Allyn Inc,Welch Allyn,2015-09-30,,1
PRK358,Physiologic Monitoring System,11,0,0,1,1,1,229.08,0,2,175.29,USA,CARESCAPE #181,GE Healthcare,GE,2007-03-13,13,2
PRK341,Infusion Pump,22,0,0,2,1,1,50.24,0,2,4259.56,Ireland,Alaris GP #510,Medtronic,Alaris,2017-04-30,19,2
PRK342,Physiologic Monitoring System,2,1,0,1,1,1,2.6,0,2,14862.07,Japan,Life Scope #340,Nihon Kohden Corp,Nihon Kohden,2018-12-25,53,2
PRK330,Ventilator,3,0,0,3,1,1,1002.94,0,2,1021.22,USA,Smartvent 7900 #868,Datex-Ohmeda Inc,Smartvent,2014-06-11,9,2
PRK358,Physiologic Monitoring System,14,0,0,1,1,1,61.47,0,1,74.68,USA,CARESCAPE #320,GE Healthcare,GE,2004-04-23,35,3
PRK340,Physiologic Monitoring System,10,1,0,1,1,1,0.0,0,2,0.0,Japan,Life Scope #177,Nihon Kohden Corp,Nihon Kohden,2018-02-22,,1
PRK320,Physiologic Monitoring System,15,1,0,1,1,1,12.46,1,2,0.0,USA,CARESCAPE #745,GE Healthcare,GE,2011-02-21,26,2
PRK300,Physiologic Monitoring System,14,1,0,1,1,1,5.28,0,2,0.0,Netherlands,IntelliVue #688,Koninklijke Philips N.V.,Philips,2013-09-26,9,2
PRK341,Physiologic Monitoring System,5,0,0,1,1,1,714.78,1,2,198.14,Netherlands,IntelliVue #638,Koninklijke Philips N.V.,Philips,2011-12-27,42,2
PRK333,Infusion Pump,23,1,0,2,1,1,0.0,0,2,0.0,USA,Sigma Spectrum #490,Baxter Healthcare Corp,Sigma,2011-10-18,,1
PRK350,Infusion Pump,23,1,0,2,1,1,508.8,0,2,0.0,Germany,Infusomat Space #260,B. Braun Melsungen AG,Infusomat,2008-05-09,4,3
PRK312,Physiologic Monitoring System,4,0,0,1,1,1,5.99,0,2,7802.55,USA,CARESCAPE #729,GE Healthcare,GE,2003-06-30,10,2
PRK350,Infusion Pump,21,1,2,2,1,1,5.85,0,2,652.16,USA,Sigma Spectrum #257,Baxter Healthcare Corp,Sigma,2000-04-26,14,3
PRK300,Defibrillator,22,1,2,3,1,1,8.55,0,2,2715.78,Netherlands,HeartStart XL #484,Koninklijke Philips N.V.,HeartStart,2002-07-28,12,3
PRK341,Physiologic Monitoring System,28,1,1,1,1,1,0.37,0,2,659.06,USA,CARESCAPE #282,GE Healthcare,GE,2014-08-14,8,3
PRK326,Infusion Pump,14,1,0,2,1,1,21.3,1,2,1367.98,USA,Sigma Spectrum #468,Baxter Healthcare Corp,Sigma,2003-11-18,19,2
PRK320,Ventilator,6,0,0,3,1,1,1.87,0,2,148.71,Germany,Evita V500 #389,Drager Medical AG & Co KGaA,Evita,2000-06-25,13,3
PRK330,Physiologic Monitoring System,5,1,0,1,1,1,0.0,0,2,0.0,Japan,Life Scope #67,Nihon Kohden Corp,Nihon Kohden,2004-09-24,,1
PRK319,Physiologic Monitoring System,6,1,0,1,1,1,45.89,1,2,15421.76,USA,CARESCAPE #521,GE Healthcare,GE,2014-09-23,16,2
PRK312,Infusion Pump,3,0,0,2,1,1,10.88,0,1,1545.85,USA,Sigma Spectrum #572,Baxter Healthcare Corp,Sigma,2015-07-24,49,2
PRK350,Defibrillator,12,0,0,3,1,1,136.76,0,2,1745.55,Netherlands,HeartStart XL #686,Koninklijke Philips N.V.,HeartStart,2020-10-18,39,2
PRK319,Infusion Pump,7,1,0,2,1,1,72.67,0,2,85.79,Ireland,Alaris GP #666,Medtronic,Alaris,2011-11-09,44,2
PRK342,Physiologic Monitoring System,2,1,0,1,1,1,597.17,0,2,1458.26,USA,CARESCAPE #575,GE Healthcare,GE,2008-03-28,14,2
PRK342,Infusion Pump,5,1,0,2,1,1,0.0,0,1,0.0,USA,Sigma Spectrum #617,Baxter Healthcare Corp,Sigma,2000-12-09,,1
PRK300,Physiologic Monitoring System,20,1,2,1,2,1,69.33,0,2,2992.82,USA,CARESCAPE #313,GE Healthcare,GE,2018-10-08,22,3
PRK358,Physiologic Monitoring System,12,1,0,1,1,1,118.88,0,2,0.0,USA,CARESCAPE #247,GE Healthcare,GE,2005-12-25,55,2
PRK350,Physiologic Monitoring System,4,0,0,1,1,1,156.13,0,2,196.28,Netherlands,IntelliVue #507,Koninklijke Philips N.V.,Philips,1997-09-06,33,2
PRK350,Infusion Pump,27,1,0,2,1,1,1751.57,0,2,384.3,Germany,Infusomat Space #188,B. Braun Melsungen AG,Infusomat,2000-04-05,3,3
PRK350,Ventilator,11,1,0,3,1,1,4.32,1,2,5993.2,Germany,Evita V500 #871,Drager Medical AG & Co KGaA,Evita,2020-10-10,42,3
PRK341,Physiologic Monitoring System,3,0,0,1,1,1,19.6,0,2,100.32,USA,CARESCAPE #890,GE Healthcare,GE,2016-10-17,34,2
PRK360,Infusion Pump,6,1,0,2,1,1,0.0,0,2,0.0,Germany,Infusomat Space #570,B. Braun Melsungen AG,Infusomat,2016-05-21,9,3
PRK312,Sphygmomanometers,2,0,0,1,1,1,17.59,1,2,0.0,Malaysia,MV-BP100 #741,Med-Vantage Sdn Bhd,MedVantage,2007-08-13,19,2
PRK300,Physiologic Monitoring System,23,1,1,1,1,1,0.0,0,2,0.0,Netherlands,IntelliVue #107,Koninklijke Philips N.V.,Philips,2004-03-31,,1
PRK342,Radiographic System,16,0,0,1,1,1,11.26,0,1,380.53,Netherlands,DigitalDiagnost #370,Koninklijke Philips N.V.,Philips,2018-04-10,16,2
PRK319,Sphygmomanometers,4,0,0,1,1,1,0.0,0,2,0.0,Malaysia,MV-BP100 #510,Med-Vantage Sdn Bhd,MedVantage,2000-08-01,,1
PRK341,Defibrillator,1,0,1,3,1,1,134.91,1,2,59.38,Netherlands,HeartStart XL #111,Koninklijke Philips N.V.,HeartStart,2002-08-09,12,2
PRK326,Physiologic Monitoring System,15,1,0,1,1,1,0.0,0,2,0.0,Japan,Life Scope #959,Nihon Kohden Corp,Nihon Kohden,2013-09-11,,1
PRK320,Physiologic Monitoring System,10,1,0,1,1,1,0.0,0,2,48732.36,Netherlands,IntelliVue #969,Koninklijke Philips N.V.,Philips,2010-06-20,19,2
PRK358,Infusion Pump,21,1,0,2,1,1,1331.38,1,2,379.47,Germany,Infusomat Space #552,B. Braun Melsungen AG,Infusomat,2010-07-02,13,2
PRK311,Infusion Pump,1,1,0,2,1,1,0.0,0,2,0.0,USA,Sigma Spectrum #993,Baxter Healthcare Corp,Sigma,2013-02-02,,1
PRK312,Physiologic Monitoring System,14,1,1,1,1,1,4.96,0,2,1360.57,Japan,Life Scope #134,Nihon Kohden Corp,Nihon Kohden,1999-04-24,3,2
PRK341,Infusion Pump,8,1,0,2,2,1,13.08,0,2,0.55,Ireland,Alaris GP #721,Medtronic,Alaris,2002-02-13,10,2
PRK350,Defibrillator,30,1,0,3,1,1,11.41,0,2,12485.2,Netherlands,HeartStart XL #818,Koninklijke Philips N.V.,HeartStart,2006-12-06,15,3
PRK358,Infusion Pump,3,0,0,2,1,1,0.0,1,2,0.0,Germany,Infusomat Space #191,B. Braun Melsungen AG,Infusomat,1999-12-23,,1
PRK319,Infusion Pump,17,1,0,2,1,1,22.02,1,2,208.12,Germany,Infusomat Space #288,B. Braun Melsungen AG,Infusomat,2007-10-16,29,2
PRK358,Infusion Pump,15,1,0,2,1,1,8.55,0,2,3507.06,Ireland,Alaris GP #328,Medtronic,Alaris,2004-05-18,34,2
PRK341,Infusion Pump,2,1,0,2,1,1,6.97,0,2,1330.36,Germany,Infusomat Space #374,B. Braun Melsungen AG,Infusomat,2007-07-15,55,2
PRK358,Infusion Pump,7,0,0,2,1,1,0.0,0,2,0.0,USA,Sigma Spectrum #289,Baxter Healthcare Corp,Sigma,1997-11-06,,1
PRK300,Infusion Pump,13,1,0,2,2,1,18.04,0,2,2338.08,Germany,Infusomat Space #969,B. Braun Melsungen AG,Infusomat,2012-04-01,21,3
PRK320,Ventilator,4,1,0,3,1,1,0.0,1,2,0.0,UK,Blease 8200p #121,Blease Medical Equipment Ltd,Blease,2005-01-29,,1
PRK333,Infusion Pump,5,0,0,2,1,1,263.52,0,2,981.61,Germany,Infusomat Space #200,B. Braun Melsungen AG,Infusomat,2006-04-24,44,2
PRK340,Infusion Pump,18,1,0,2,1,1,32.22,0,2,2386.99,Ireland,Alaris GP #487,Medtronic,Alaris,2013-05-30,29,2
PRK310,Infusion Pump,30,1,0,2,1,1,0.0,1,1,0.0,Ireland,Alaris GP #361,Medtronic,Alaris,2005-02-13,,1
PRK340,Infusion Pump,17,1,1,2,1,1,209.64,1,2,497.55,USA,Sigma Spectrum #808,Baxter Healthcare Corp,Sigma,2004-02-04,13,2
PRK341,Infusion Pump,2,0,0,2,1,1,0.0,0,2,0.0,Ireland,Alaris GP #960,Medtronic,Alaris,2007-11-02,,1
PRK320,Physiologic Monitoring System,0,1,0,1,1,1,18.15,1,2,34.6,Netherlands,IntelliVue #331,Koninklijke Philips N.V.,Philips,2010-01-27,34,2
PRK333,Ventilator,3,0,0,3,1,1,478.07,0,2,13.34,UK,Blease 8200p #896,Blease Medical Equipment Ltd,Blease,2007-06-12,34,2
PRK319,Infusion Pump,14,1,1,2,1,1,52.32,0,2,1538.12,Ireland,Alaris GP #650,Medtronic,Alaris,2019-05-28,21,2
PRK358,Physiologic Monitoring System,16,1,0,1,1,1,18.86,0,2,322.89,USA,CARESCAPE #16,GE Healthcare,GE,1995-06-15,13,2
PRK341,Infusion Pump,6,0,0,2,1,1,281.53,1,2,44.38,Germany,Infusomat Space #7,B. Braun Melsungen AG,Infusomat,2018-01-07,50,3
PRK340,Infusion Pump,3,0,0,2,1,1,110.61,0,2,274.62,Ireland,Alaris GP #775,Medtronic,Alaris,2009-11-21,54,2
PRK360,Defibrillator,7,0,0,3,1,1,92.64,0,2,0.0,Netherlands,HeartStart XL #52,Koninklijke Philips N.V.,HeartStart,1998-06-27,23,2
PRK341,Infusion Pump,1,0,0,2,2,1,28.44,0,2,0.0,USA,Sigma Spectrum #108,Baxter Healthcare Corp,Sigma,1994-12-17,50,2
PRK319,Defibrillator,11,1,0,3,1,1,0.0,0,2,0.0,USA,Lifepak 20e #729,Physio-Control Inc,Lifepak,2013-04-19,,1
PRK341,Infusion Pump,10,1,0,2,1,1,14.65,0,2,14086.4,USA,Sigma Spectrum #582,Baxter Healthcare Corp,Sigma,2012-11-19,22,2
PRK360,Infusion Pump,3,1,0,2,1,1,37.27,0,2,466.12,Germany,Infusomat Space #488,B. Braun Melsungen AG,Infusomat,2014-09-15,46,2
PRK300,Infusion Pump,17,0,0,2,1,1,0.0,1,2,0.0,USA,Sigma Spectrum #707,Baxter Healthcare Corp,Sigma,2012-01-18,,1
PRK341,Infusion Pump,9,1,0,2,1,1,84.68,0,2,10.47,USA,Sigma Spectrum #98,Baxter Healthcare Corp,Sigma,2013-08-16,30,2
PRK311,Radiographic System,4,1,0,1,1,1,869.89,0,2,23.07,Japan,Aquilion #494,Canon Inc (Toshiba Medical),Canon,2010-09-19,30,2
PRK358,Infusion Pump,11,1,0,2,1,1,0.0,0,2,0.0,USA,Sigma Spectrum #289,Baxter Healthcare Corp,Sigma,2010-03-09,,1
PRK341,Ventilator,30,1,1,3,1,1,224.36,0,2,992.01,USA,Carestation 650 #996,Datex-Ohmeda Inc,Carestation,2005-12-25,3,2
PRK358,Defibrillator,2,0,0,3,1,1,69.39,1,1,8816.87,Netherlands,HeartStart XL #5,Koninklijke Philips N.V.,HeartStart,2015-08-21,41,2
PRK341,Physiologic Monitoring System,30,0,1,1,2,1,430.7,0,2,8.71,USA,CARESCAPE #500,GE Healthcare,GE,2014-10-31,5,3
PRK300,Infusion Pump,9,1,0,2,2,1,1170.91,0,2,558.52,USA,Sigma Spectrum #40,Baxter Healthcare Corp,Sigma,2009-04-03,15,2
PRK333,Infusion Pump,13,1,0,2,1,1,0.0,0,2,0.0,Germany,Infusomat Space #135,B. Braun Melsungen AG,Infusomat,2015-08-02,,1
PRK358,Infusion Pump,14,1,0,2,1,1,2.53,0,2,4.53,USA,Sigma Spectrum #342,Baxter Healthcare Corp,Sigma,1995-08-20,12,2
PRK319,Ventilator,4,1,0,3,1,1,5.79,0,2,84.87,Germany,Evita V500 #37,Drager Medical AG & Co KGaA,Evita,2007-10-05,55,2
PRK300,Infusion Pump,6,1,0,2,1,1,321.63,1,2,44022.27,Ireland,Alaris GP #642,Medtronic,Alaris,2011-10-28,12,3
PRK342,Sphygmomanometers,22,1,0,1,1,1,96.87,0,2,104.19,Malaysia,MV-BP100 #669,Med-Vantage Sdn Bhd,MedVantage,2013-03-20,18,2
PRK333,Physiologic Monitoring System,25,1,1,1,1,1,0.0,0,2,0.0,Japan,Life Scope #800,Nihon Kohden Corp,Nihon Kohden,2001-11-19,,1
PRK300,Infusion Pump,7,0,0,2,1,1,976.97,0,2,0.0,Ireland,Alaris GP #415,Medtronic,Alaris,2015-05-17,44,2
PRK319,Physiologic Monitoring System,30,1,0,1,1,1,0.0,0,2,0.0,Japan,Life Scope #579,Nihon Kohden Corp,Nihon Kohden,2020-09-15,,1
PRK320,Infusion Pump,8,1,0,2,1,1,28.62,0,2,3188.17,Germany,Infusomat Space #675,B. Braun Melsungen AG,Infusomat,2010-10-27,8,2
PRK341,Defibrillator,16,1,2,3,2,1,32.24,1,2,13791.15,USA,Lifepak 20e #835,Physio-Control Inc,Lifepak,2014-09-17,22,2
PRK333,Infusion Pump,5,1,0,2,2,1,532.59,0,2,222.44,Ireland,Alaris GP #645,Medtronic,Alaris,2019-04-30,34,2
PRK333,Sphygmomanometers,15,1,0,1,1,1,13.77,1,2,1228.25,USA,DS66 #117,Welch Allyn Inc,Welch Allyn,2005-04-17,2,2
PRK350,Ventilator,7,1,0,3,1,1,0.0,0,2,0.0,USA,Carestation 650 #385,Datex-Ohmeda Inc,Carestation,2020-03-13,,1
PRK319,Defibrillator,30,1,2,3,1,1,150.43,0,1,228977.73,USA,Lifepak 20e #97,Physio-Control Inc,Lifepak,2005-02-15,9,2
PRK341,Infusion Pump,12,1,0,2,1,1,637.83,1,2,0.0,Germany,Infusomat Space #375,B. Braun Melsungen AG,Infusomat,2017-03-21,20,2
PRK320,Ventilator,28,1,0,3,1,1,216.63,0,2,477.73,USA,Carestation 650 #498,Datex-Ohmeda Inc,Carestation,1994-07-04,6,2
PRK330,Infusion Pump,10,1,0,2,1,1,102.86,0,2,71435.14,Ireland,Alaris GP #482,Medtronic,Alaris,2005-12-14,23,3
PRK340,Physiologic Monitoring System,9,1,0,1,1,1,0.0,1,2,0.0,USA,CARESCAPE #130,GE Healthcare,GE,2017-08-25,,1
PRK342,Infusion Pump,10,1,0,2,1,1,64.62,1,2,151.59,Ireland,Alaris GP #456,Medtronic,Alaris,1996-05-16,37,2
PRK360,Infusion Pump,30,1,1,2,2,1,0.0,0,2,0.0,Ireland,Alaris GP #22,Medtronic,Alaris,2008-07-25,,1
PRK319,Infusion Pump,6,0,0,2,1,1,179.64,0,2,276.75,Ireland,Alaris GP #217,Medtronic,Alaris,2008-06-06,35,3
PRK310,Infusion Pump,30,1,1,2,1,1,47.98,0,2,17.83,Germany,Infusomat Space #766,B. Braun Melsungen AG,Infusomat,2000-10-05,6,2
PRK330,Infusion Pump,18,1,1,2,1,1,530.32,1,1,1013.94,Ireland,Alaris GP #15,Medtronic,Alaris,2011-06-14,13,2
PRK340,Ventilator,30,1,1,3,1,1,497.56,0,2,0.59,Germany,Evita V500 #450,Drager Medical AG & Co KGaA,Evita,2007-12-13,10,2
PRK319,Infusion Pump,3,1,0,2,1,1,156.16,0,2,800.67,USA,Sigma Spectrum #829,Baxter Healthcare Corp,Sigma,2011-06-20,53,2
PRK358,Physiologic Monitoring System,16,0,0,1,1,1,0.0,0,1,0.0,USA,CARESCAPE #40,GE Healthcare,GE,2010-08-25,,1
PRK350,Infusion Pump,23,1,2,2,1,1,132.64,0,1,574.85,Ireland,Alaris GP #835,Medtronic,Alaris,2004-09-11,16,2
PRK333,Physiologic Monitoring System,23,1,1,1,1,1,134.83,0,2,407.53,Netherlands,IntelliVue #828,Koninklijke Philips N.V.,Philips,2014-01-22,10,2
PRK330,Ventilator,16,1,0,3,1,1,0.0,0,2,0.0,USA,Carestation 650 #733,Datex-Ohmeda Inc,Carestation,1999-02-15,,1
PRK300,Infusion Pump,6,1,0,2,1,1,0.0,0,2,0.0,Germany,Infusomat Space #225,B. Braun Melsungen AG,Infusomat,2020-07-20,,1
PRK340,Physiologic Monitoring System,6,0,0,1,1,1,0.0,0,2,0.0,Netherlands,IntelliVue #391,Koninklijke Philips N.V.,Philips,1993-12-21,,1
PRK341,Defibrillator,6,1,0,3,1,1,105.88,0,2,583.21,USA,Lifepak 20e #721,Physio-Control Inc,Lifepak,2002-06-25,42,2
PRK358,Ventilator,11,0,0,3,1,1,89.23,0,2,593.03,USA,Carestation 650 #516,Datex-Ohmeda Inc,Carestation,1997-06-30,18,2
PRK333,Infusion Pump,10,1,0,2,1,1,79.83,0,2,4808.51,Ireland,Alaris GP #294,Medtronic,Alaris,2017-11-10,17,3
PRK312,Infusion Pump,7,0,0,2,1,1,0.0,0,2,0.0,Ireland,Alaris GP #41,Medtronic,Alaris,2012-11-29,,1
PRK312,Ventilator,8,1,0,3,1,1,69.72,0,2,56.23,USA,Smartvent 7900 #745,Datex-Ohmeda Inc,Smartvent,2002-07-14,25,3
PRK312,Infusion Pump,9,0,0,2,1,1,208.14,0,2,325.14,Ireland,Alaris GP #952,Medtronic,Alaris,2006-01-12,53,2
PRK358,Ventilator,1,0,0,3,1,1,0.0,0,2,0.0,USA,Carestation 650 #887,Datex-Ohmeda Inc,Carestation,2009-09-11,,1
PRK350,Infusion Pump,7,0,0,2,1,1,100.97,0,2,998.56,USA,Sigma Spectrum #315,Baxter Healthcare Corp,Sigma,2019-11-28,36,2
PRK358,Ventilator,5,0,0,3,1,1,11.97,0,2,2481.41,USA,Carestation 650 #678,Datex-Ohmeda Inc,Carestation,2014-10-04,25,2
PRK358,Infusion Pump,3,0,0,2,1,1,19.6,0,2,13867.07,USA,Sigma Spectrum #678,Baxter Healthcare Corp,Sigma,2015-12-01,30,2
PRK310,Infusion Pump,3,0,0,2,1,1,23.34,0,2,1254.87,Ireland,Alaris GP #570,Medtronic,Alaris,1997-09-16,22,2
PRK342,Radiographic System,7,1,0,1,1,1,4.55,0,2,49.61,Netherlands,DigitalDiagnost #448,Koninklijke Philips N.V.,Philips,2009-12-26,35,2
PRK342,Defibrillator,12,0,0,3,1,1,70.45,0,2,135.3,USA,Lifepak 20e #689,Physio-Control Inc,Lifepak,2016-02-24,18,2
PRK319,Defibrillator,12,1,0,3,1,1,11.33,0,1,435.08,Netherlands,HeartStart XL #75,Koninklijke Philips N.V.,HeartStart,2017-04-16,25,2
PRK333,Sphygmomanometers,13,1,0,1,1,1,0.0,0,2,0.0,Malaysia,MV-BP100 #583,Med-Vantage Sdn Bhd,MedVantage,2012-12-14,,1
PRK341,Infusion Pump,12,1,1,2,1,1,2734.83,0,2,44.66,Germany,Infusomat Space #691,B. Braun Melsungen AG,Infusomat,2014-03-11,18,2
PRK358,Infusion Pump,6,1,0,2,1,1,454.44,1,2,164.26,Germany,Infusomat Space #483,B. Braun Melsungen AG,Infusomat,2004-05-25,22,3
PRK311,Infusion Pump,3,1,0,2,1,1,0.0,0,2,6154.7,Germany,Infusomat Space #242,B. Braun Melsungen AG,Infusomat,2012-01-11,55,2
PRK358,Infusion Pump,4,1,1,2,1,1,51.41,0,2,1564.38,USA,Sigma Spectrum #354,Baxter Healthcare Corp,Sigma,2019-03-10,9,2
PRK358,Infusion Pump,8,0,0,2,1,1,34.08,0,2,4719.0,USA,Sigma Spectrum #629,Baxter Healthcare Corp,Sigma,2014-04-18,7,2
PRK358,Sphygmomanometers,10,1,0,1,1,1,120.92,0,2,108.22,USA,DS66 #951,Welch Allyn Inc,Welch Allyn,2017-12-10,21,2
PRK300,Infusion Pump,17,1,0,2,1,1,118.77,1,2,15559.51,Ireland,Alaris GP #839,Medtronic,Alaris,2009-04-04,19,3
PRK319,Infusion Pump,23,1,0,2,1,1,0.0,0,2,0.0,Ireland,Alaris GP #639,Medtronic,Alaris,2000-12-11,,1
PRK342,Infusion Pump,6,1,0,2,1,1,0.0,0,2,0.0,Ireland,Alaris GP #355,Medtronic,Alaris,2016-09-13,,1
PRK319,Infusion Pump,10,1,1,2,1,1,0.0,1,2,0.0,USA,Sigma Spectrum #545,Baxter Healthcare Corp,Sigma,2008-01-26,,1
PRK300,Infusion Pump,14,1,0,2,1,1,3.52,0,2,2.24,USA,Sigma Spectrum #861,Baxter Healthcare Corp,Sigma,2014-01-19,9,3
PRK342,Physiologic Monitoring System,9,0,0,1,1,1,0.0,0,2,0.0,USA,CARESCAPE #463,GE Healthcare,GE,2015-11-18,,1
PRK300,Infusion Pump,4,0,0,2,1,1,35.52,0,2,1336.83,Germany,Infusomat Space #367,B. Braun Melsungen AG,Infusomat,1996-02-20,22,3
PRK330,Physiologic Monitoring System,5,0,0,1,1,1,0.0,1,2,0.0,Japan,Life Scope #957,Nihon Kohden Corp,Nihon Kohden,2009-10-25,,1
PRK360,Defibrillator,17,1,1,3,1,1,420.29,0,1,77653.72,Netherlands,HeartStart XL #370,Koninklijke Philips N.V.,HeartStart,2006-12-19,9,2
PRK330,Physiologic Monitoring System,7,1,0,1,1,1,170.85,0,1,691.49,Netherlands,IntelliVue #427,Koninklijke Philips N.V.,Philips,2018-01-30,28,2
PRK358,Physiologic Monitoring System,7,1,0,1,1,1,7.44,0,2,281.42,Japan,Life Scope #898,Nihon Kohden Corp,Nihon Kohden,2012-10-23,38,3
PRK330,Infusion Pump,1,0,0,2,1,1,0.0,0,2,0.0,USA,Sigma Spectrum #313,Baxter Healthcare Corp,Sigma,2017-08-21,,1
PRK320,Infusion Pump,21,1,0,2,1,1,3.53,0,2,155.46,Ireland,Alaris GP #711,Medtronic,Alaris,2002-12-08,24,2
PRK310,Infusion Pump,14,1,0,2,1,1,24.4,0,2,16.4,Germany,Infusomat Space #486,B. Braun Melsungen AG,Infusomat,2014-04-25,18,3
PRK320,Sphygmomanometers,2,0,0,1,1,1,4.15,0,2,237.2,Japan,HEM-907 #595,Omron Healthcare Co Ltd,Omron,2012-04-21,7,2
PRK320,Physiologic Monitoring System,13,1,0,1,1,1,53.04,0,2,494.59,Netherlands,IntelliVue #592,Koninklijke Philips N.V.,Philips,2016-12-13,13,3
PRK358,Infusion Pump,14,1,0,2,1,1,11.44,0,2,2370.06,Ireland,Alaris GP #140,Medtronic,Alaris,2003-05-18,30,3
PRK358,Infusion Pump,28,1,0,2,1,1,20.36,0,2,10.08,Ireland,Alaris GP #418,Medtronic,Alaris,1997-10-22,8,2
PRK300,Ventilator,4,1,0,3,1,1,0.0,0,2,0.0,USA,Carestation 650 #46,Datex-Ohmeda Inc,Carestation,2014-08-26,,1
PRK310,Physiologic Monitoring System,12,1,0,1,1,1,113.93,1,2,38.7,USA,CARESCAPE #454,GE Healthcare,GE,2011-07-09,32,2
PRK341,Physiologic Monitoring System,6,0,0,1,2,1,0.0,1,1,0.0,Japan,Life Scope #713,Nihon Kohden Corp,Nihon Kohden,2014-11-07,,1
PRK333,Defibrillator,5,1,0,3,2,1,25.88,0,2,3122.81,USA,Lifepak 20e #573,Physio-Control Inc,Lifepak,2020-07-29,42,3
PRK319,Physiologic Monitoring System,25,1,2,1,1,1,105.26,0,2,8.19,USA,CARESCAPE #416,GE Healthcare,GE,2014-06-16,10,2
PRK319,Physiologic Monitoring System,18,0,0,1,1,1,44.49,0,2,351.32,Netherlands,IntelliVue #270,Koninklijke Philips N.V.,Philips,2007-11-14,10,2
PRK319,Infusion Pump,2,1,0,2,1,1,42.19,1,2,16583.44,USA,Sigma Spectrum #69,Baxter Healthcare Corp,Sigma,2007-07-11,35,2
PRK333,Infusion Pump,2,1,0,2,1,1,189.4,0,2,3614.81,Ireland,Alaris GP #322,Medtronic,Alaris,2013-09-14,50,2
PRK300,Sphygmomanometers,13,0,0,1,1,1,11.01,0,2,298.63,Malaysia,MV-BP100 #76,Med-Vantage Sdn Bhd,MedVantage,2011-07-13,38,2
PRK342,Physiologic Monitoring System,8,1,0,1,1,1,245.99,0,2,0.0,Japan,Life Scope #926,Nihon Kohden Corp,Nihon Kohden,2015-12-21,45,2
PRK319,Infusion Pump,4,0,0,2,1,1,3371.92,1,2,4151.13,Ireland,Alaris GP #20,Medtronic,Alaris,2000-02-26,16,3
PRK330,Physiologic Monitoring System,13,1,0,1,1,1,91.59,1,2,38318.42,Netherlands,IntelliVue #278,Koninklijke Philips N.V.,Philips,2004-02-20,25,2
PRK333,Infusion Pump,12,1,0,2,1,1,24.63,1,2,244.68,USA,Sigma Spectrum #509,Baxter Healthcare Corp,Sigma,2017-04-07,9,2
PRK319,Ventilator,9,1,0,3,1,1,0.0,0,2,0.0,UK,Blease 8200p #359,Blease Medical Equipment Ltd,Blease,2014-08-01,,1
PRK358,Infusion Pump,10,1,0,2,1,1,22.5,0,2,187.55,USA,Sigma Spectrum #785,Baxter Healthcare Corp,Sigma,2017-06-11,32,2
PRK342,Ventilator,4,0,0,3,1,1,105.58,1,2,167.62,Germany,Evita V500 #630,Drager Medical AG & Co KGaA,Evita,2005-11-11,55,2
PRK358,Infusion Pump,12,1,0,2,1,1,0.0,0,2,0.0,Germany,Infusomat Space #745,B. Braun Melsungen AG,Infusomat,2012-08-31,,1
PRK333,Infusion Pump,30,0,0,2,1,1,49.74,0,2,960.05,Germany,Infusomat Space #847,B. Braun Melsungen AG,Infusomat,2008-04-12,2,2
PRK330,Infusion Pump,3,1,0,2,1,1,44.97,0,2,3769.45,Ireland,Alaris GP #261,Medtronic,Alaris,2010-05-17,40,2
PRK319,Ventilator,17,0,0,3,1,1,0.0,0,2,0.0,USA,Carestation 650 #932,Datex-Ohmeda Inc,Carestation,2018-04-19,,1
PRK340,Infusion Pump,3,0,0,2,1,1,0.0,0,2,0.0,Ireland,Alaris GP #680,Medtronic,Alaris,2002-08-18,,1
PRK341,Infusion Pump,15,0,0,2,1,1,0.0,0,2,0.0,Ireland,Alaris GP #159,Medtronic,Alaris,2017-09-29,,1
PRK330,Physiologic Monitoring System,8,1,0,1,1,1,65.25,1,2,0.0,USA,CARESCAPE #951,GE Healthcare,GE,2018-08-12,45,2
PRK311,Infusion Pump,15,1,0,2,1,1,0.0,1,2,727.37,USA,Sigma Spectrum #905,Baxter Healthcare Corp,Sigma,2005-06-18,31,3
PRK319,Infusion Pump,3,1,0,2,1,1,676.14,0,2,1311.79,USA,Sigma Spectrum #801,Baxter Healthcare Corp,Sigma,2005-08-21,27,2
PRK300,Infusion Pump,10,1,0,2,1,1,13.7,0,2,1648.82,Ireland,Alaris GP #504,Medtronic,Alaris,2003-03-01,10,2
PRK319,Defibrillator,16,1,0,3,1,1,204.56,0,2,0.0,Netherlands,HeartStart XL #424,Koninklijke Philips N.V.,HeartStart,2003-12-01,37,3
PRK341,Infusion Pump,10,1,0,2,1,1,250.83,0,2,8726.28,Germany,Infusomat Space #502,B. Braun Melsungen AG,Infusomat,2008-03-14,42,2
PRK360,Infusion Pump,14,1,0,2,1,1,34.8,0,2,3719.06,USA,Sigma Spectrum #728,Baxter Healthcare Corp,Sigma,2003-04-09,24,3
PRK312,Infusion Pump,6,1,0,2,1,1,16.44,1,2,469.18,Ireland,Alaris GP #216,Medtronic,Alaris,2015-05-13,51,2
PRK300,Infusion Pump,14,1,0,2,1,1,605.21,0,2,35.07,Ireland,Alaris GP #164,Medtronic,Alaris,2017-05-01,6,2
PRK319,Infusion Pump,25,1,0,2,1,1,5.25,0,1,220.29,USA,Sigma Spectrum #497,Baxter Healthcare Corp,Sigma,2003-12-12,7,2
PRK311,Infusion Pump,6,0,0,2,1,1,0.0,1,2,0.0,USA,Sigma Spectrum #778,Baxter Healthcare Corp,Sigma,2002-03-13,,1
PRK342,Infusion Pump,14,1,0,2,1,1,7.93,1,2,138.1,Ireland,Alaris GP #859,Medtronic,Alaris,2019-02-02,3,2
PRK300,Infusion Pump,5,0,0,2,1,1,16.18,0,2,2438.53,Ireland,Alaris GP #214,Medtronic,Alaris,2008-10-11,51,2
PRK360,Defibrillator,26,1,0,3,1,1,0.0,0,2,0.0,Netherlands,HeartStart XL #360,Koninklijke Philips N.V.,HeartStart,2008-01-17,,1
PRK358,Infusion Pump,2,0,0,2,1,1,788.41,0,2,84.25,USA,Sigma Spectrum #378,Baxter Healthcare Corp,Sigma,2007-08-23,9,2
PRK333,Infusion Pump,12,1,0,2,1,1,25.58,0,1,15181.41,Ireland,Alaris GP #717,Medtronic,Alaris,2009-05-24,37,2
PRK358,Defibrillator,9,0,0,3,1,1,2406.97,0,2,1836.94,USA,Lifepak 20e #599,Physio-Control Inc,Lifepak,2018-10-23,29,2
PRK341,Defibrillator,6,0,0,3,1,1,276.08,0,2,839.06,Netherlands,HeartStart XL #325,Koninklijke Philips N.V.,HeartStart,1995-07-28,11,2
PRK360,Physiologic Monitoring System,6,0,0,1,1,1,22.04,0,1,8123.72,Netherlands,IntelliVue #560,Koninklijke Philips N.V.,Philips,2018-04-21,9,3
PRK319,Infusion Pump,8,1,0,2,1,1,22.49,0,2,108.78,USA,Sigma Spectrum #249,Baxter Healthcare Corp,Sigma,2019-01-15,20,3
PRK360,Infusion Pump,24,1,2,2,1,1,77.71,0,2,158.87,USA,Sigma Spectrum #563,Baxter Healthcare Corp,Sigma,2007-12-01,15,2
PRK312,Infusion Pump,11,1,0,2,1,1,62.64,0,2,291.33,Ireland,Alaris GP #959,Medtronic,Alaris,2016-02-05,11,2
PRK320,Infusion Pump,1,0,0,2,2,1,6.71,0,2,2221.58,Ireland,Alaris GP #782,Medtronic,Alaris,2015-05-07,53,2
PRK358,Infusion Pump,2,0,0,2,1,1,14.66,0,1,1421.06,Germany,Infusomat Space #612,B. Braun Melsungen AG,Infusomat,2011-03-13,20,2
PRK320,Physiologic Monitoring System,11,1,0,1,1,1,0.0,0,2,0.0,USA,CARESCAPE #227,GE Healthcare,GE,2004-05-20,,1
PRK319,Infusion Pump,18,1,0,2,1,1,1293.87,1,2,71.56,Germany,Infusomat Space #130,B. Braun Melsungen AG,Infusomat,2015-11-05,16,2
PRK300,Physiologic Monitoring System,4,1,0,1,2,1,0.0,0,2,0.0,USA,CARESCAPE #867,GE Healthcare,GE,2018-10-27,,1
PRK311,Infusion Pump,10,1,1,2,1,1,0.0,0,2,0.0,Ireland,Alaris GP #532,Medtronic,Alaris,2009-04-08,,1
PRK320,Infusion Pump,19,1,0,2,1,1,0.0,0,1,0.0,Ireland,Alaris GP #36,Medtronic,Alaris,1998-08-23,,1
PRK330,Ventilator,11,0,0,3,1,1,0.0,1,2,0.0,UK,Blease 8200p #457,Blease Medical Equipment Ltd,Blease,2011-07-14,,1
PRK340,Defibrillator,9,1,0,3,1,1,0.0,0,2,0.0,Netherlands,HeartStart XL #151,Koninklijke Philips N.V.,HeartStart,1997-11-10,,1
PRK350,Infusion Pump,7,1,0,2,1,1,73.22,0,2,1553.16,Germany,Infusomat Space #532,B. Braun Melsungen AG,Infusomat,2007-01-12,15,2
PRK300,Physiologic Monitoring System,8,0,2,1,1,1,0.0,1,2,0.0,Netherlands,IntelliVue #969,Koninklijke Philips N.V.,Philips,2014-02-23,,1
PRK358,Infusion Pump,14,1,0,2,1,1,917.18,0,2,28530.34,Ireland,Alaris GP #181,Medtronic,Alaris,2020-12-02,20,3
PRK341,Infusion Pump,16,1,1,2,1,1,0.0,0,2,0.0,Ireland,Alaris GP #757,Medtronic,Alaris,2011-08-18,,1
PRK342,Physiologic Monitoring System,16,0,2,1,1,1,210.0,0,2,0.49,Japan,Life Scope #598,Nihon Kohden Corp,Nihon Kohden,2007-01-18,18,3
PRK342,Infusion Pump,5,1,0,2,1,1,445.41,1,2,0.0,Ireland,Alaris GP #149,Medtronic,Alaris,2001-03-24,8,2
PRK358,Infusion Pump,0,0,0,2,2,1,41.24,0,2,159569.98,Ireland,Alaris GP #300,Medtronic,Alaris,2015-04-29,38,2
PRK310,Infusion Pump,6,0,0,2,1,1,0.0,0,2,0.0,USA,Sigma Spectrum #448,Baxter Healthcare Corp,Sigma,2019-06-22,,1
PRK340,Infusion Pump,17,1,0,2,1,1,221.48,1,2,2013.37,Ireland,Alaris GP #826,Medtronic,Alaris,2016-01-13,26,3
PRK358,Infusion Pump,28,0,0,2,1,1,0.0,0,2,0.0,USA,Sigma Spectrum #8,Baxter Healthcare Corp,Sigma,2019-03-20,,1
PRK342,Infusion Pump,4,0,0,2,1,1,0.0,0,2,0.0,Germany,Infusomat Space #536,B. Braun Melsungen AG,Infusomat,2012-07-10,,1
PRK310,Sphygmomanometers,14,1,0,1,1,1,0.0,0,2,0.0,Malaysia,MV-BP100 #521,Med-Vantage Sdn Bhd,MedVantage,2014-03-24,,1
PRK341,Physiologic Monitoring System,5,0,0,1,1,1,435.45,0,2,231.96,Japan,Life Scope #537,Nihon Kohden Corp,Nihon Kohden,2006-08-09,51,2
PRK350,Infusion Pump,23,1,0,2,1,1,0.0,0,2,0.0,Germany,Infusomat Space #981,B. Braun Melsungen AG,Infusomat,2016-06-07,,1
PRK319,Infusion Pump,17,1,0,2,1,1,4.37,0,2,8031.36,Ireland,Alaris GP #685,Medtronic,Alaris,2020-07-14,20,3
PRK341,Physiologic Monitoring System,11,1,0,1,1,1,65.56,1,1,1385.07,USA,CARESCAPE #646,GE Healthcare,GE,2014-08-24,38,2
PRK358,Infusion Pump,12,1,0,2,1,1,355.49,0,2,563.32,USA,Sigma Spectrum #324,Baxter Healthcare Corp,Sigma,2006-11-14,36,3
PRK333,Infusion Pump,21,1,1,2,1,1,43.46,0,2,398.43,USA,Sigma Spectrum #609,Baxter Healthcare Corp,Sigma,2007-07-03,24,2
PRK312,Physiologic Monitoring System,1,0,0,1,1,1,0.0,0,2,0.0,USA,CARESCAPE #899,GE Healthcare,GE,2010-01-23,,1
PRK340,Infusion Pump,8,1,0,2,1,1,311.09,0,2,50.18,USA,Sigma Spectrum #827,Baxter Healthcare Corp,Sigma,2013-11-08,22,2
PRK341,Infusion Pump,3,0,0,2,1,1,0.0,0,2,0.0,USA,Sigma Spectrum #258,Baxter Healthcare Corp,Sigma,2016-12-03,,1
PRK330,Infusion Pump,12,0,0,2,1,1,46.79,0,2,1468.6,Germany,Infusomat Space #576,B. Braun Melsungen AG,Infusomat,2013-08-03,35,3
PRK342,Infusion Pump,10,1,0,2,1,1,224.59,0,2,1730.11,USA,Sigma Spectrum #438,Baxter Healthcare Corp,Sigma,2017-02-10,28,2
PRK330,Infusion Pump,11,1,0,2,1,1,8.91,0,2,6778.85,Germany,Infusomat Space #642,B. Braun Melsungen AG,Infusomat,2006-07-17,8,2
PRK358,Defibrillator,3,0,0,3,1,1,15.96,0,2,630.41,Netherlands,HeartStart XL #553,Koninklijke Philips N.V.,HeartStart,2012-07-10,21,2
PRK350,Infusion Pump,19,1,0,2,1,1,2.51,1,2,14392.45,Germany,Infusomat Space #297,B. Braun Melsungen AG,Infusomat,2014-03-11,20,2
PRK350,Physiologic Monitoring System,15,0,0,1,1,1,2026.69,0,2,15.66,Japan,Life Scope #888,Nihon Kohden Corp,Nihon Kohden,1995-03-01,9,3
PRK333,Physiologic Monitoring System,6,1,0,1,1,1,67.47,0,2,0.0,Japan,Life Scope #563,Nihon Kohden Corp,Nihon Kohden,2007-07-08,27,2
PRK312,Infusion Pump,16,1,0,2,1,1,361.55,0,2,619.03,Ireland,Alaris GP #935,Medtronic,Alaris,2014-04-23,27,2
PRK342,Infusion Pump,1,1,0,2,1,1,6.38,0,2,131.55,Germany,Infusomat Space #734,B. Braun Melsungen AG,Infusomat,2017-11-10,16,2
PRK300,Infusion Pump,3,1,0,2,1,1,0.0,0,2,0.0,Germany,Infusomat Space #600,B. Braun Melsungen AG,Infusomat,2015-05-16,,1
PRK333,Physiologic Monitoring System,8,1,0,1,1,1,32.14,0,2,25289.01,Japan,Life Scope #515,Nihon Kohden Corp,Nihon Kohden,2007-08-06,27,2
PRK300,Infusion Pump,7,1,0,2,2,1,650.89,0,2,145.47,Germany,Infusomat Space #88,B. Braun Melsungen AG,Infusomat,2004-03-10,16,2
PRK333,Physiologic Monitoring System,22,0,2,1,1,1,38.0,1,1,834.76,Japan,Life Scope #406,Nihon Kohden Corp,Nihon Kohden,2009-04-23,13,3
PRK342,Defibrillator,14,1,0,3,1,1,7.76,0,2,0.0,USA,Lifepak 20e #606,Physio-Control Inc,Lifepak,2010-07-03,13,2
PRK330,Physiologic Monitoring System,25,1,0,1,2,1,386.07,0,2,1675.89,Japan,Life Scope #211,Nihon Kohden Corp,Nihon Kohden,2006-06-15,17,3
PRK330,Radiographic System,2,0,0,1,1,1,60.78,0,2,11863.75,Germany,Somatom #666,Siemens Healthineers,Siemens,2007-10-22,12,2
PRK311,Physiologic Monitoring System,7,0,0,1,2,1,0.0,0,2,1287.4,Japan,Life Scope #246,Nihon Kohden Corp,Nihon Kohden,2011-07-30,48,2
PRK319,Ventilator,3,1,0,3,2,1,0.0,0,2,0.0,UK,Blease 8200p #654,Blease Medical Equipment Ltd,Blease,2014-03-31,,1
PRK330,Ventilator,11,1,0,3,1,1,115.26,1,2,259.58,USA,Smartvent 7900 #918,Datex-Ohmeda Inc,Smartvent,2004-05-30,35,2
PRK358,Physiologic Monitoring System,2,0,0,1,1,1,0.0,0,2,0.0,USA,CARESCAPE #211,GE Healthcare,GE,2000-07-15,,1
PRK358,Ventilator,10,1,2,3,1,1,79.1,1,2,2344.54,USA,Smartvent 7900 #130,Datex-Ohmeda Inc,Smartvent,2005-09-18,39,2
PRK360,Sphygmomanometers,5,0,0,1,1,1,83.17,0,2,4913.56,USA,DS66 #967,Welch Allyn Inc,Welch Allyn,2013-02-11,47,2
PRK310,Infusion Pump,16,1,0,2,1,1,42.24,1,2,0.0,Germany,Infusomat Space #629,B. Braun Melsungen AG,Infusomat,1997-02-04,10,2
PRK319,Physiologic Monitoring System,8,1,0,1,1,1,108.18,1,2,218.19,Japan,Life Scope #928,Nihon Kohden Corp,Nihon Kohden,2008-04-02,45,3
PRK330,Infusion Pump,2,1,0,2,1,1,199.88,1,2,18597.01,USA,Sigma Spectrum #734,Baxter Healthcare Corp,Sigma,2010-07-05,38,2
PRK341,Ventilator,18,1,2,3,1,1,41.78,0,2,2090.86,USA,Smartvent 7900 #131,Datex-Ohmeda Inc,Smartvent,2001-04-13,29,2
PRK342,Infusion Pump,18,1,0,2,1,1,0.0,1,2,933.92,Germany,Infusomat Space #200,B. Braun Melsungen AG,Infusomat,2020-08-31,3,2
PRK350,Ventilator,15,1,0,3,1,1,153.02,0,2,4031.81,UK,Blease 8200p #660,Blease Medical Equipment Ltd,Blease,2014-05-22,22,2
PRK333,Ventilator,6,1,0,3,1,1,374.47,0,2,0.0,USA,Carestation 650 #172,Datex-Ohmeda Inc,Carestation,2010-07-12,24,2
PRK340,Sphygmomanometers,13,1,0,1,1,1,0.0,0,1,0.0,Japan,HEM-907 #925,Omron Healthcare Co Ltd,Omron,2013-05-15,,1
PRK360,Infusion Pump,19,0,0,2,2,1,25.19,0,2,221368.54,Germany,Infusomat Space #209,B. Braun Melsungen AG,Infusomat,1999-04-26,6,3
PRK319,Physiologic Monitoring System,8,1,0,1,1,1,0.0,0,2,0.0,Netherlands,IntelliVue #208,Koninklijke Philips N.V.,Philips,2000-10-27,,1
PRK350,Physiologic Monitoring System,8,1,0,1,2,1,2373.68,0,2,1265.19,Japan,Life Scope #547,Nihon Kohden Corp,Nihon Kohden,2011-10-07,11,3
PRK342,Sphygmomanometers,9,1,0,1,1,1,457.7,0,2,314.2,USA,DS66 #455,Welch Allyn Inc,Welch Allyn,2015-05-26,22,2
PRK311,Defibrillator,16,1,0,3,1,1,475.56,0,2,73.93,Netherlands,HeartStart XL #191,Koninklijke Philips N.V.,HeartStart,2016-09-04,28,2
PRK358,Physiologic Monitoring System,10,1,1,1,1,1,6523.95,0,2,212.16,Netherlands,IntelliVue #862,Koninklijke Philips N.V.,Philips,2012-10-29,37,2
PRK358,Physiologic Monitoring System,14,1,0,1,1,1,46.84,1,2,5232.08,Japan,Life Scope #279,Nihon Kohden Corp,Nihon Kohden,2018-01-18,21,2
PRK350,Infusion Pump,7,1,0,2,1,1,2271.48,0,2,2447.18,Germany,Infusomat Space #510,B. Braun Melsungen AG,Infusomat,1999-03-05,17,2
PRK311,Sphygmomanometers,7,1,0,1,1,1,186.73,1,2,89.67,Japan,HEM-907 #355,Omron Healthcare Co Ltd,Omron,2001-06-02,8,2
PRK311,Infusion Pump,14,1,0,2,1,1,0.0,1,2,0.0,Germany,Infusomat Space #789,B. Braun Melsungen AG,Infusomat,1995-07-19,,1
PRK342,Physiologic Monitoring System,5,1,0,1,1,1,0.0,0,2,0.0,Netherlands,IntelliVue #41,Koninklijke Philips N.V.,Philips,2013-11-27,,1
PRK310,Ventilator,4,0,0,3,1,1,36.31,0,2,0.0,Germany,Evita V500 #575,Drager Medical AG & Co KGaA,Evita,2010-06-02,43,2
PRK311,Infusion Pump,5,0,0,2,1,1,179.54,0,2,421.48,Ireland,Alaris GP #28,Medtronic,Alaris,2014-09-20,53,2
PRK326,Infusion Pump,7,1,0,2,1,1,33.87,0,2,566.97,Germany,Infusomat Space #239,B. Braun Melsungen AG,Infusomat,2014-03-22,38,3
PRK300,Infusion Pump,9,1,1,2,1,1,67.48,0,2,0.0,Ireland,Alaris GP #7,Medtronic,Alaris,2003-07-12,37,2
PRK342,Defibrillator,6,0,0,3,1,1,1720.94,0,2,27834.23,USA,Lifepak 20e #515,Physio-Control Inc,Lifepak,2016-10-31,48,2
PRK340,Infusion Pump,6,1,0,2,1,1,59.28,0,2,1324.97,USA,Sigma Spectrum #883,Baxter Healthcare Corp,Sigma,2011-02-07,26,2
PRK300,Infusion Pump,12,1,0,2,1,1,1874.22,0,2,199.92,Germany,Infusomat Space #394,B. Braun Melsungen AG,Infusomat,2011-01-24,10,2
PRK340,Physiologic Monitoring System,4,1,0,1,1,1,219.79,0,2,106.7,USA,CARESCAPE #917,GE Healthcare,GE,2007-04-04,25,2
PRK300,Infusion Pump,15,1,0,2,1,1,0.0,1,2,0.0,Germany,Infusomat Space #230,B. Braun Melsungen AG,Infusomat,2007-02-03,,1
PRK300,Defibrillator,4,0,0,3,1,1,0.0,0,2,0.0,Netherlands,HeartStart XL #570,Koninklijke Philips N.V.,HeartStart,2017-09-07,,1
PRK333,Infusion Pump,9,1,0,2,1,1,0.0,1,1,0.0,USA,Sigma Spectrum #170,Baxter Healthcare Corp,Sigma,2007-04-24,,1
PRK333,Infusion Pump,8,1,0,2,2,1,56.31,0,2,154.79,Ireland,Alaris GP #43,Medtronic,Alaris,2009-01-04,12,2
PRK320,Infusion Pump,22,1,1,2,1,1,46.63,0,2,242.98,USA,Sigma Spectrum #141,Baxter Healthcare Corp,Sigma,1994-03-30,18,2
PRK341,Infusion Pump,8,0,0,2,1,1,0.0,0,2,0.0,Ireland,Alaris GP #528,Medtronic,Alaris,2013-12-20,,1
PRK326,Infusion Pump,17,0,0,2,1,1,557.48,0,2,16.36,Germany,Infusomat Space #731,B. Braun Melsungen AG,Infusomat,2009-02-11,8,2
PRK341,Physiologic Monitoring System,14,1,0,1,1,1,4595.05,0,2,904.59,Japan,Life Scope #877,Nihon Kohden Corp,Nihon Kohden,1997-03-30,5,2
PRK320,Infusion Pump,6,0,0,2,1,1,15.52,0,2,0.0,USA,Sigma Spectrum #489,Baxter Healthcare Corp,Sigma,2014-09-09,46,2
PRK342,Infusion Pump,20,1,0,2,1,1,54.46,0,2,291.02,USA,Sigma Spectrum #852,Baxter Healthcare Corp,Sigma,2015-06-30,22,3
PRK341,Infusion Pump,6,0,0,2,1,1,327.21,1,2,212.8,Ireland,Alaris GP #457,Medtronic,Alaris,1999-03-06,17,2
PRK312,Infusion Pump,7,1,0,2,2,1,0.0,0,1,0.0,USA,Sigma Spectrum #590,Baxter Healthcare Corp,Sigma,2019-10-31,,1
PRK342,Sphygmomanometers,12,1,0,1,1,1,5.3,0,2,0.0,USA,DS66 #908,Welch Allyn Inc,Welch Allyn,2012-02-03,35,2
PRK350,Infusion Pump,6,0,0,2,1,1,0.0,1,2,0.0,Germany,Infusomat Space #118,B. Braun Melsungen AG,Infusomat,2013-08-23,,1
PRK300,Radiographic System,2,0,0,1,1,1,0.0,0,1,0.0,Germany,Somatom #970,Siemens Healthineers,Siemens,2014-01-18,,1
PRK341,Infusion Pump,7,1,0,2,1,1,77.72,1,2,56.71,Germany,Infusomat Space #344,B. Braun Melsungen AG,Infusomat,2008-05-07,9,3
PRK350,Infusion Pump,7,1,0,2,1,1,0.0,0,2,0.0,Germany,Infusomat Space #79,B. Braun Melsungen AG,Infusomat,2013-07-22,,1
PRK311,Infusion Pump,4,0,0,2,1,1,194.45,0,2,27344.12,Ireland,Alaris GP #988,Medtronic,Alaris,2015-09-15,21,2
PRK358,Infusion Pump,9,1,0,2,1,1,0.0,0,2,0.0,Ireland,Alaris GP #154,Medtronic,Alaris,2016-10-19,,1
PRK330,Ventilator,9,1,0,3,1,1,0.0,0,2,0.0,UK,Blease 8200p #824,Blease Medical Equipment Ltd,Blease,2015-03-25,,1
PRK342,Infusion Pump,12,1,0,2,1,1,43.66,0,2,50.39,Germany,Infusomat Space #406,B. Braun Melsungen AG,Infusomat,2009-12-16,30,2
PRK358,Infusion Pump,3,1,0,2,1,1,101.1,1,2,58.12,USA,Sigma Spectrum #717,Baxter Healthcare Corp,Sigma,2012-09-28,22,2
PRK360,Physiologic Monitoring System,3,1,0,1,1,1,0.0,0,2,0.0,Japan,Life Scope #762,Nihon Kohden Corp,Nihon Kohden,2007-01-29,,1
PRK341,Physiologic Monitoring System,16,1,0,1,1,1,224.61,1,2,37.47,Netherlands,IntelliVue #317,Koninklijke Philips N.V.,Philips,2007-02-25,26,2
PRK342,Sphygmomanometers,4,1,0,1,1,1,0.0,0,2,0.0,USA,DS66 #483,Welch Allyn Inc,Welch Allyn,2020-06-22,,1
PRK319,Sphygmomanometers,11,1,0,1,1,1,11.05,0,2,4636.77,Malaysia,MV-BP100 #186,Med-Vantage Sdn Bhd,MedVantage,2008-11-03,38,2
PRK319,Physiologic Monitoring System,7,1,0,1,1,1,0.0,1,2,137.23,Japan,Life Scope #211,Nihon Kohden Corp,Nihon Kohden,2012-06-25,9,3
PRK358,Ventilator,5,0,0,3,1,1,161.73,1,2,23945.67,USA,Carestation 650 #428,Datex-Ohmeda Inc,Carestation,2010-07-15,9,2
PRK326,Ventilator,22,1,0,3,1,1,1680.42,0,2,0.0,USA,Smartvent 7900 #23,Datex-Ohmeda Inc,Smartvent,1996-03-18,46,2
PRK358,Infusion Pump,9,1,0,2,1,1,10.93,0,2,419.96,Ireland,Alaris GP #234,Medtronic,Alaris,2007-02-16,27,2
PRK300,Physiologic Monitoring System,5,0,0,1,1,1,0.0,0,2,0.0,Netherlands,IntelliVue #897,Koninklijke Philips N.V.,Philips,2018-04-11,,1
PRK319,Infusion Pump,2,1,1,2,1,1,0.0,0,2,0.0,Germany,Infusomat Space #335,B. Braun Melsungen AG,Infusomat,2005-12-01,,1
PRK312,Physiologic Monitoring System,14,0,0,1,1,1,0.0,1,2,0.0,Japan,Life Scope #996,Nihon Kohden Corp,Nihon Kohden,2013-06-21,,1
PRK333,Sphygmomanometers,4,0,0,1,1,1,14.18,0,2,3959.73,USA,DS66 #810,Welch Allyn Inc,Welch Allyn,2020-11-28,32,2
PRK300,Infusion Pump,20,1,1,2,1,1,0.0,0,2,0.0,USA,Sigma Spectrum #565,Baxter Healthcare Corp,Sigma,2010-05-15,,1
PRK320,Ventilator,8,1,0,3,2,1,147.99,0,2,19361.29,USA,Carestation 650 #172,Datex-Ohmeda Inc,Carestation,2005-04-07,26,2
PRK360,Sphygmomanometers,30,1,0,1,1,1,0.0,0,2,0.0,Japan,HEM-907 #793,Omron Healthcare Co Ltd,Omron,2017-03-23,,1
PRK350,Infusion Pump,7,0,0,2,1,1,497.35,0,2,42.52,Ireland,Alaris GP #251,Medtronic,Alaris,2010-06-30,25,2
PRK342,Infusion Pump,4,0,0,2,1,1,0.0,0,2,0.0,USA,Sigma Spectrum #664,Baxter Healthcare Corp,Sigma,1999-09-21,,1
PRK311,Sphygmomanometers,9,1,0,1,1,1,0.0,0,2,0.0,Japan,HEM-907 #255,Omron Healthcare Co Ltd,Omron,2013-02-04,,1
PRK320,Sphygmomanometers,5,0,0,1,1,1,0.0,1,2,0.0,USA,DS66 #505,Welch Allyn Inc,Welch Allyn,2000-01-22,,1
PRK342,Infusion Pump,1,0,0,2,1,1,108.99,1,2,951.93,Germany,Infusomat Space #913,B. Braun Melsungen AG,Infusomat,2013-02-24,44,2
PRK300,Infusion Pump,16,1,1,2,1,1,0.0,0,2,0.0,Ireland,Alaris GP #564,Medtronic,Alaris,2010-09-21,,1
PRK330,Physiologic Monitoring System,11,1,0,1,1,1,144.15,0,2,2821.1,Netherlands,IntelliVue #103,Koninklijke Philips N.V.,Philips,2019-05-04,27,3
PRK358,Infusion Pump,4,0,0,2,1,1,436.43,1,2,12139.79,Ireland,Alaris GP #233,Medtronic,Alaris,2019-02-14,15,2
PRK300,Infusion Pump,3,1,0,2,1,1,13.92,1,2,1690.04,Ireland,Alaris GP #459,Medtronic,Alaris,2013-10-05,38,2
PRK358,Infusion Pump,3,0,1,2,1,1,0.0,1,2,0.0,USA,Sigma Spectrum #90,Baxter Healthcare Corp,Sigma,2008-04-22,,1
PRK312,Infusion Pump,9,1,0,2,1,1,546.11,0,2,27.43,Germany,Infusomat Space #930,B. Braun Melsungen AG,Infusomat,2012-04-07,33,3
PRK312,Physiologic Monitoring System,30,1,0,1,1,1,0.0,0,2,0.0,Netherlands,IntelliVue #98,Koninklijke Philips N.V.,Philips,2006-03-25,,1
PRK312,Physiologic Monitoring System,7,1,0,1,1,1,9.61,1,1,535.47,USA,CARESCAPE #860,GE Healthcare,GE,2013-09-02,11,2
PRK358,Physiologic Monitoring System,2,0,0,1,1,1,12.06,0,2,4118.85,Netherlands,IntelliVue #772,Koninklijke Philips N.V.,Philips,2005-12-01,34,2
PRK341,Ventilator,4,1,0,3,1,1,11.83,0,2,165.87,Germany,Evita V500 #658,Drager Medical AG & Co KGaA,Evita,2014-10-20,45,2
PRK342,Infusion Pump,9,1,0,2,1,1,83.77,0,2,28504.66,Germany,Infusomat Space #372,B. Braun Melsungen AG,Infusomat,2014-10-28,31,2
PRK320,Infusion Pump,4,1,0,2,1,1,4.46,0,2,28794.53,Germany,Infusomat Space #696,B. Braun Melsungen AG,Infusomat,2018-11-16,14,2
PRK358,Infusion Pump,3,0,0,2,1,1,58.0,0,2,89.5,USA,Sigma Spectrum #290,Baxter Healthcare Corp,Sigma,1999-05-01,9,2
PRK341,Infusion Pump,7,0,0,2,2,1,50.8,0,1,1417.83,USA,Sigma Spectrum #699,Baxter Healthcare Corp,Sigma,2002-07-30,31,3
PRK341,Infusion Pump,4,0,0,2,1,1,18.07,0,2,17.98,USA,Sigma Spectrum #428,Baxter Healthcare Corp,Sigma,2003-09-25,30,3
PRK342,Infusion Pump,10,1,0,2,1,1,0.0,0,2,0.0,Ireland,Alaris GP #123,Medtronic,Alaris,2002-03-07,,1
PRK342,Infusion Pump,10,1,0,2,2,1,64.01,0,2,89.19,Ireland,Alaris GP #738,Medtronic,Alaris,2013-02-06,43,3
PRK342,Infusion Pump,12,1,0,2,1,1,28.71,1,2,165.93,USA,Sigma Spectrum #61,Baxter Healthcare Corp,Sigma,2010-03-30,24,2
PRK311,Physiologic Monitoring System,14,0,0,1,1,1,1125.53,0,2,355.52,Japan,Life Scope #457,Nihon Kohden Corp,Nihon Kohden,2017-11-29,43,2
PRK358,Physiologic Monitoring System,4,1,0,1,1,1,26.22,0,2,111.24,Japan,Life Scope #7,Nihon Kohden Corp,Nihon Kohden,2018-11-08,18,2
PRK319,Sphygmomanometers,16,1,0,1,1,1,58.89,0,2,946.72,USA,DS66 #156,Welch Allyn Inc,Welch Allyn,2012-11-01,17,2
PRK360,Ventilator,6,0,0,3,1,1,18.47,0,2,19.69,USA,Carestation 650 #488,Datex-Ohmeda Inc,Carestation,2008-06-07,14,3
PRK326,Physiologic Monitoring System,1,1,0,1,1,1,312.97,0,2,0.0,Japan,Life Scope #369,Nihon Kohden Corp,Nihon Kohden,2004-06-03,38,2
PRK311,Infusion Pump,15,1,0,2,1,1,7.09,0,2,57.71,Germany,Infusomat Space #700,B. Braun Melsungen AG,Infusomat,2015-06-04,10,3
PRK319,Physiologic Monitoring System,21,1,0,1,1,1,71.34,1,2,463.75,Japan,Life Scope #629,Nihon Kohden Corp,Nihon Kohden,2014-07-27,3,3
PRK340,Infusion Pump,7,0,0,2,1,1,10.67,0,2,250.36,USA,Sigma Spectrum #477,Baxter Healthcare Corp,Sigma,2017-10-09,21,3
PRK326,Infusion Pump,16,1,0,2,1,1,0.0,1,2,7088.88,USA,Sigma Spectrum #774,Baxter Healthcare Corp,Sigma,2013-08-22,10,3
PRK358,Infusion Pump,8,1,0,2,1,1,0.0,0,2,0.0,Ireland,Alaris GP #9,Medtronic,Alaris,2013-06-23,,1
PRK342,Infusion Pump,5,0,0,2,1,1,17.41,0,2,19037.23,Ireland,Alaris GP #264,Medtronic,Alaris,2010-07-10,12,2
PRK319,Infusion Pump,8,1,0,2,1,1,143.64,0,2,0.0,Germany,Infusomat Space #702,B. Braun Melsungen AG,Infusomat,2011-05-01,27,2
PRK340,Physiologic Monitoring System,8,0,2,1,1,1,11.91,0,2,77.39,USA,CARESCAPE #975,GE Healthcare,GE,2012-12-12,45,2
PRK350,Ventilator,9,1,0,3,1,1,1.3,1,2,407.41,UK,Blease 8200p #395,Blease Medical Equipment Ltd,Blease,2007-10-23,14,2
PRK358,Physiologic Monitoring System,7,1,0,1,1,1,1.52,1,2,600.93,Japan,Life Scope #470,Nihon Kohden Corp,Nihon Kohden,2014-07-26,24,3
PRK326,Physiologic Monitoring System,14,1,0,1,1,1,0.0,0,2,3601.77,Japan,Life Scope #803,Nihon Kohden Corp,Nihon Kohden,2011-05-15,13,2
PRK358,Infusion Pump,12,1,0,2,1,1,126.74,0,2,980.13,Germany,Infusomat Space #538,B. Braun Melsungen AG,Infusomat,2015-06-27,34,2
PRK300,Infusion Pump,3,1,0,2,1,1,74.89,1,2,399.38,USA,Sigma Spectrum #934,Baxter Healthcare Corp,Sigma,2017-01-09,28,2
PRK342,Physiologic Monitoring System,6,0,0,1,1,1,25.39,0,1,114.64,USA,CARESCAPE #291,GE Healthcare,GE,2008-12-25,50,3
PRK350,Physiologic Monitoring System,14,1,0,1,1,1,0.0,0,2,0.0,Netherlands,IntelliVue #459,Koninklijke Philips N.V.,Philips,2011-12-17,,1
PRK330,Infusion Pump,7,0,0,2,1,1,1.96,0,2,295.21,USA,Sigma Spectrum #860,Baxter Healthcare Corp,Sigma,2010-07-28,17,2
PRK300,Infusion Pump,4,0,0,2,2,1,1.46,0,1,126.6,Ireland,Alaris GP #466,Medtronic,Alaris,2017-11-09,11,3
PRK342,Sphygmomanometers,7,0,0,1,1,1,3.96,0,2,62.45,Malaysia,MV-BP100 #371,Med-Vantage Sdn Bhd,MedVantage,2008-01-12,40,2
PRK320,Physiologic Monitoring System,2,0,0,1,1,1,0.0,0,2,0.0,Japan,Life Scope #398,Nihon Kohden Corp,Nihon Kohden,2010-07-16,,1
PRK311,Infusion Pump,19,0,0,2,1,1,0.0,1,2,0.0,Ireland,Alaris GP #33,Medtronic,Alaris,2012-09-21,,1
PRK311,Physiologic Monitoring System,8,0,0,1,1,1,8.91,0,2,2007.19,Netherlands,IntelliVue #423,Koninklijke Philips N.V.,Philips,2014-08-04,33,2
PRK342,Infusion Pump,5,0,0,2,1,1,10.92,0,2,698.38,USA,Sigma Spectrum #368,Baxter Healthcare Corp,Sigma,2013-02-25,53,3
PRK312,Infusion Pump,2,0,0,2,2,1,0.0,0,2,189.2,Ireland,Alaris GP #619,Medtronic,Alaris,2011-04-27,15,2
PRK333,Infusion Pump,26,1,0,2,1,1,25.74,1,2,127.84,Ireland,Alaris GP #896,Medtronic,Alaris,1998-11-08,14,2
PRK360,Infusion Pump,2,0,0,2,2,1,75.62,0,2,693.68,USA,Sigma Spectrum #737,Baxter Healthcare Corp,Sigma,2016-12-31,40,2
PRK342,Physiologic Monitoring System,11,0,2,1,1,1,65.22,1,1,193.22,Netherlands,IntelliVue #981,Koninklijke Philips N.V.,Philips,2017-05-16,19,3
PRK340,Infusion Pump,7,1,0,2,1,1,5.79,0,2,0.0,Germany,Infusomat Space #399,B. Braun Melsungen AG,Infusomat,1994-08-17,25,2
PRK333,Ventilator,7,1,0,3,1,1,1378.83,0,2,6542.48,Germany,Evita V500 #431,Drager Medical AG & Co KGaA,Evita,2018-04-14,4,2
PRK312,Infusion Pump,8,1,0,2,2,1,0.0,1,2,0.0,Germany,Infusomat Space #241,B. Braun Melsungen AG,Infusomat,2003-12-18,,1
PRK330,Physiologic Monitoring System,5,1,0,1,1,1,0.0,1,2,0.0,Japan,Life Scope #541,Nihon Kohden Corp,Nihon Kohden,2003-06-25,,1
PRK311,Physiologic Monitoring System,8,1,0,1,1,1,0.0,0,2,0.0,Netherlands,IntelliVue #107,Koninklijke Philips N.V.,Philips,2010-06-05,,1
PRK300,Physiologic Monitoring System,9,1,0,1,1,1,0.0,0,2,0.0,Japan,Life Scope #258,Nihon Kohden Corp,Nihon Kohden,2005-01-03,,1
PRK311,Physiologic Monitoring System,13,1,0,1,1,1,0.0,0,2,0.0,USA,CARESCAPE #732,GE Healthcare,GE,2016-03-03,,1
PRK341,Sphygmomanometers,12,1,0,1,1,1,0.0,0,2,1099.5,USA,DS66 #115,Welch Allyn Inc,Welch Allyn,2008-10-31,21,2
PRK312,Infusion Pump,4,0,0,2,1,1,0.0,1,2,0.0,USA,Sigma Spectrum #414,Baxter Healthcare Corp,Sigma,1994-09-30,,1
PRK311,Physiologic Monitoring System,4,1,0,1,1,1,36.27,1,2,190.44,Japan,Life Scope #22,Nihon Kohden Corp,Nihon Kohden,2011-04-27,25,3
PRK358,Physiologic Monitoring System,16,0,0,1,1,1,5.24,0,2,5510.31,USA,CARESCAPE #711,GE Healthcare,GE,2005-04-28,6,3
PRK311,Infusion Pump,6,1,0,2,1,1,264.15,1,2,277.96,USA,Sigma Spectrum #340,Baxter Healthcare Corp,Sigma,2013-07-15,16,2
PRK342,Infusion Pump,11,1,0,2,1,1,286.58,0,2,219.4,USA,Sigma Spectrum #359,Baxter Healthcare Corp,Sigma,2004-06-30,25,3
PRK330,Infusion Pump,18,1,0,2,1,1,2.51,1,2,16590.77,Germany,Infusomat Space #132,B. Braun Melsungen AG,Infusomat,2019-07-21,13,2
PRK341,Infusion Pump,9,1,0,2,1,1,18.54,1,2,288.77,Germany,Infusomat Space #654,B. Braun Melsungen AG,Infusomat,2002-06-29,46,3
PRK300,Infusion Pump,3,1,0,2,1,1,32.58,1,2,0.0,USA,Sigma Spectrum #169,Baxter Healthcare Corp,Sigma,2014-02-06,31,2
PRK300,Infusion Pump,3,0,0,2,2,1,0.0,1,2,0.0,USA,Sigma Spectrum #432,Baxter Healthcare Corp,Sigma,2015-03-12,,1
PRK358,Physiologic Monitoring System,7,0,0,1,1,1,70.66,1,2,677.82,USA,CARESCAPE #321,GE Healthcare,GE,2014-01-20,48,2
PRK333,Infusion Pump,7,1,0,2,1,1,48.0,0,2,62.79,Ireland,Alaris GP #936,Medtronic,Alaris,2014-07-05,35,2
PRK300,Ventilator,3,0,0,3,1,1,130.91,0,1,62430.63,USA,Carestation 650 #781,Datex-Ohmeda Inc,Carestation,2005-07-19,9,2
PRK320,Infusion Pump,4,0,0,2,1,1,1572.5,0,2,36401.06,USA,Sigma Spectrum #476,Baxter Healthcare Corp,Sigma,2002-12-10,17,3
PRK333,Physiologic Monitoring System,12,1,0,1,1,1,32.09,1,2,0.67,Japan,Life Scope #836,Nihon Kohden Corp,Nihon Kohden,2003-01-14,38,2
PRK311,Infusion Pump,16,1,0,2,1,1,350.08,0,2,28594.32,Ireland,Alaris GP #672,Medtronic,Alaris,2013-08-29,20,2
PRK340,Infusion Pump,6,0,0,2,1,1,1281.6,1,2,110.14,USA,Sigma Spectrum #275,Baxter Healthcare Corp,Sigma,2006-03-17,21,3
PRK333,Infusion Pump,0,0,0,2,1,1,853.83,0,2,11847.04,Ireland,Alaris GP #569,Medtronic,Alaris,1997-07-13,36,2
PRK341,Physiologic Monitoring System,11,1,0,1,1,1,178.54,1,2,7605.09,Japan,Life Scope #91,Nihon Kohden Corp,Nihon Kohden,2008-08-04,39,2
PRK350,Infusion Pump,2,1,0,2,1,1,0.0,0,2,0.0,Ireland,Alaris GP #829,Medtronic,Alaris,2016-04-27,,1
PRK330,Sphygmomanometers,2,1,0,1,1,1,118.42,1,2,41698.33,Malaysia,MV-BP100 #248,Med-Vantage Sdn Bhd,MedVantage,2016-03-26,28,2
PRK358,Infusion Pump,7,1,0,2,1,1,1146.47,1,2,46.39,USA,Sigma Spectrum #713,Baxter Healthcare Corp,Sigma,2015-03-08,8,3
PRK333,Physiologic Monitoring System,19,1,0,1,1,1,27.21,0,2,59.99,Japan,Life Scope #403,Nihon Kohden Corp,Nihon Kohden,2002-11-16,11,2
PRK330,Infusion Pump,13,1,2,2,1,1,27.83,0,1,4281.33,Germany,Infusomat Space #409,B. Braun Melsungen AG,Infusomat,2012-12-17,36,3
PRK341,Physiologic Monitoring System,12,1,1,1,2,1,16.67,0,1,0.0,USA,CARESCAPE #62,GE Healthcare,GE,2019-04-06,32,2
PRK341,Infusion Pump,7,0,0,2,1,1,4408.58,1,1,0.0,Ireland,Alaris GP #157,Medtronic,Alaris,1996-01-03,43,2
PRK300,Infusion Pump,3,0,0,2,1,1,864.35,1,2,297.44,Ireland,Alaris GP #820,Medtronic,Alaris,2014-08-19,52,2
PRK360,Infusion Pump,17,1,0,2,1,1,18.43,0,2,0.0,Ireland,Alaris GP #425,Medtronic,Alaris,2018-11-27,8,2
PRK358,Infusion Pump,3,0,0,2,1,1,6.24,0,2,33.78,Germany,Infusomat Space #25,B. Braun Melsungen AG,Infusomat,2011-01-13,21,2
PRK319,Infusion Pump,10,1,0,2,1,1,38.2,0,2,60428.94,USA,Sigma Spectrum #911,Baxter Healthcare Corp,Sigma,2018-08-05,9,3
PRK340,Radiographic System,9,1,0,1,1,1,62.02,0,2,194584.72,Japan,Aquilion #852,Canon Inc (Toshiba Medical),Canon,2006-12-12,4,3
PRK342,Infusion Pump,2,0,0,2,1,1,86.38,1,1,10.49,USA,Sigma Spectrum #751,Baxter Healthcare Corp,Sigma,2017-12-19,50,2
PRK358,Infusion Pump,1,1,2,2,1,1,3.42,0,2,24252.86,Ireland,Alaris GP #519,Medtronic,Alaris,2009-08-17,57,2
PRK341,Sphygmomanometers,12,0,2,1,2,1,14.43,1,2,12.24,Japan,HEM-907 #413,Omron Healthcare Co Ltd,Omron,2019-04-25,11,3
PRK300,Infusion Pump,8,0,0,2,1,1,0.0,1,2,0.0,USA,Sigma Spectrum #535,Baxter Healthcare Corp,Sigma,2012-05-05,,1
PRK342,Infusion Pump,17,0,1,2,1,1,164.33,1,2,74.06,Germany,Infusomat Space #378,B. Braun Melsungen AG,Infusomat,2011-01-23,14,2
PRK310,Physiologic Monitoring System,10,1,1,1,1,1,15.52,0,2,1914.56,USA,CARESCAPE #188,GE Healthcare,GE,2012-11-17,27,2
PRK341,Defibrillator,9,1,0,3,1,1,311.46,0,2,0.0,USA,Lifepak 20e #50,Physio-Control Inc,Lifepak,2003-07-06,9,3
PRK341,Physiologic Monitoring System,1,0,0,1,1,1,317.2,1,2,1696.71,USA,CARESCAPE #447,GE Healthcare,GE,2008-05-23,56,2
PRK341,Infusion Pump,9,1,0,2,1,1,2989.06,0,2,432.17,Ireland,Alaris GP #303,Medtronic,Alaris,2017-10-20,41,2
PRK312,Sphygmomanometers,8,1,0,1,1,1,0.0,1,2,360.79,Japan,HEM-907 #467,Omron Healthcare Co Ltd,Omron,2001-04-25,30,2
PRK333,Infusion Pump,10,0,0,2,1,1,16.23,0,2,1516.44,Ireland,Alaris GP #648,Medtronic,Alaris,2015-05-01,33,2
PRK341,Radiographic System,8,1,0,1,1,1,41.76,0,2,13.1,Germany,Somatom #532,Siemens Healthineers,Siemens,2009-04-22,23,2
PRK319,Ventilator,7,1,0,3,2,1,0.0,1,2,0.0,USA,Carestation 650 #900,Datex-Ohmeda Inc,Carestation,2013-07-28,,1
PRK312,Sphygmomanometers,7,0,0,1,1,1,5.72,1,2,323.59,Malaysia,MV-BP100 #332,Med-Vantage Sdn Bhd,MedVantage,2019-08-22,41,2
PRK319,Infusion Pump,5,0,0,2,1,1,0.0,0,2,0.0,Ireland,Alaris GP #668,Medtronic,Alaris,2011-08-14,,1
PRK358,Infusion Pump,12,1,0,2,1,1,58.55,0,2,3174.42,Ireland,Alaris GP #888,Medtronic,Alaris,2014-09-28,21,3
PRK330,Physiologic Monitoring System,30,1,2,1,1,1,0.0,0,2,0.0,Japan,Life Scope #34,Nihon Kohden Corp,Nihon Kohden,2004-12-11,,1
PRK341,Infusion Pump,3,0,0,2,1,1,20.75,0,2,588.4,Germany,Infusomat Space #562,B. Braun Melsungen AG,Infusomat,2006-11-09,56,2
PRK333,Infusion Pump,4,0,0,2,1,1,0.0,0,2,0.0,USA,Sigma Spectrum #326,Baxter Healthcare Corp,Sigma,2003-02-11,,1
PRK358,Defibrillator,12,0,0,3,1,1,139.89,0,2,567.91,Netherlands,HeartStart XL #601,Koninklijke Philips N.V.,HeartStart,2002-10-03,7,2
PRK333,Physiologic Monitoring System,6,1,0,1,2,1,18.05,0,2,617.02,USA,CARESCAPE #778,GE Healthcare,GE,2020-11-20,20,2
PRK310,Infusion Pump,5,0,0,2,1,1,13.02,0,2,2577.01,Ireland,Alaris GP #538,Medtronic,Alaris,2014-05-14,52,2
PRK312,Infusion Pump,2,0,0,2,1,1,1588.59,0,2,352.93,Ireland,Alaris GP #831,Medtronic,Alaris,2004-01-19,34,2
PRK300,Infusion Pump,4,0,0,2,2,1,148.93,0,2,6992.26,USA,Sigma Spectrum #4,Baxter Healthcare Corp,Sigma,2016-07-19,22,2
PRK358,Infusion Pump,3,0,0,2,1,1,486.86,0,2,9302.81,USA,Sigma Spectrum #94,Baxter Healthcare Corp,Sigma,2014-06-30,46,2
PRK341,Infusion Pump,2,1,0,2,1,1,201.82,0,2,173.11,Ireland,Alaris GP #856,Medtronic,Alaris,2011-11-26,18,2
PRK342,Ventilator,15,1,0,3,1,1,44.21,0,2,183.4,Germany,Evita V500 #264,Drager Medical AG & Co KGaA,Evita,2012-02-26,20,2
PRK342,Physiologic Monitoring System,9,1,0,1,1,1,18.36,0,2,2804.38,Netherlands,IntelliVue #680,Koninklijke Philips N.V.,Philips,2009-07-02,18,2
PRK358,Infusion Pump,30,1,1,2,1,1,19.76,0,2,31301.81,Ireland,Alaris GP #323,Medtronic,Alaris,2002-06-20,14,2
PRK360,Infusion Pump,9,1,0,2,1,1,14.55,0,2,8297.14,Germany,Infusomat Space #147,B. Braun Melsungen AG,Infusomat,2004-05-11,50,2
PRK341,Physiologic Monitoring System,3,1,0,1,1,1,0.0,1,1,0.0,USA,CARESCAPE #891,GE Healthcare,GE,2012-05-06,,1
PRK319,Ventilator,10,1,0,3,1,1,13.41,1,2,340.18,UK,Blease 8200p #411,Blease Medical Equipment Ltd,Blease,2012-05-09,14,2
PRK310,Defibrillator,12,1,0,3,1,1,222.51,1,2,101.51,USA,Lifepak 20e #575,Physio-Control Inc,Lifepak,2014-09-24,9,2
PRK341,Physiologic Monitoring System,5,1,1,1,1,1,0.0,1,2,0.0,USA,CARESCAPE #898,GE Healthcare,GE,2017-10-07,,1
PRK342,Ventilator,11,1,0,3,1,1,0.0,0,2,0.0,USA,Smartvent 7900 #187,Datex-Ohmeda Inc,Smartvent,2017-03-22,,1
PRK340,Infusion Pump,11,1,0,2,1,1,0.0,1,2,0.0,Ireland,Alaris GP #704,Medtronic,Alaris,2018-12-14,,1
PRK319,Infusion Pump,4,1,0,2,1,1,183.3,0,2,243.17,USA,Sigma Spectrum #578,Baxter Healthcare Corp,Sigma,2018-09-17,40,3
PRK342,Defibrillator,13,1,1,3,1,1,83.81,1,2,75.83,USA,Lifepak 20e #860,Physio-Control Inc,Lifepak,2001-11-16,34,2
PRK330,Infusion Pump,10,1,0,2,1,1,0.0,1,1,0.0,USA,Sigma Spectrum #726,Baxter Healthcare Corp,Sigma,2004-04-11,,1
PRK319,Infusion Pump,8,1,0,2,2,1,25.5,1,2,2447.85,Ireland,Alaris GP #478,Medtronic,Alaris,2009-04-12,12,3
PRK358,Infusion Pump,9,1,0,2,1,1,11.97,0,2,159.9,USA,Sigma Spectrum #361,Baxter Healthcare Corp,Sigma,2017-04-09,35,2
PRK340,Infusion Pump,3,0,0,2,1,1,24.52,0,2,823.87,USA,Sigma Spectrum #702,Baxter Healthcare Corp,Sigma,2007-08-11,34,2
PRK319,Physiologic Monitoring System,20,1,0,1,1,1,5.15,0,2,1356.6,Netherlands,IntelliVue #940,Koninklijke Philips N.V.,Philips,2002-10-25,23,3
PRK320,Physiologic Monitoring System,6,0,0,1,1,1,124.57,0,2,8.22,Japan,Life Scope #682,Nihon Kohden Corp,Nihon Kohden,2011-01-03,13,3
PRK340,Infusion Pump,6,0,0,2,1,1,9.05,1,2,13.21,Germany,Infusomat Space #827,B. Braun Melsungen AG,Infusomat,2002-09-05,50,2
PRK330,Infusion Pump,10,1,0,2,1,1,176.49,0,1,220.93,Ireland,Alaris GP #355,Medtronic,Alaris,2017-02-08,30,2
PRK312,Defibrillator,30,1,2,3,2,1,0.0,0,2,0.0,USA,Lifepak 20e #623,Physio-Control Inc,Lifepak,2008-12-10,,1
PRK341,Infusion Pump,13,1,0,2,2,1,87.15,0,2,1714.78,USA,Sigma Spectrum #822,Baxter Healthcare Corp,Sigma,2009-09-30,33,2
PRK342,Defibrillator,6,0,0,3,1,1,21.94,0,2,299.41,USA,Lifepak 20e #379,Physio-Control Inc,Lifepak,2018-09-01,23,2
PRK300,Infusion Pump,10,1,0,2,1,1,0.0,0,1,0.0,Ireland,Alaris GP #181,Medtronic,Alaris,2001-02-23,,1
PRK340,Physiologic Monitoring System,10,1,0,1,1,1,14.78,0,2,2102.66,Japan,Life Scope #12,Nihon Kohden Corp,Nihon Kohden,2010-06-15,42,2
PRK340,Infusion Pump,8,1,0,2,1,1,10.34,0,2,4820.53,Ireland,Alaris GP #466,Medtronic,Alaris,2011-09-08,32,2
PRK320,Ventilator,3,0,0,3,1,1,0.0,0,2,0.0,USA,Smartvent 7900 #72,Datex-Ohmeda Inc,Smartvent,2009-09-18,,1
PRK320,Infusion Pump,14,1,0,2,1,1,44.8,0,2,400.67,Ireland,Alaris GP #913,Medtronic,Alaris,2018-02-04,10,3
PRK319,Defibrillator,5,1,0,3,1,1,0.0,1,2,0.0,Netherlands,HeartStart XL #804,Koninklijke Philips N.V.,HeartStart,2001-06-16,,1
PRK330,Infusion Pump,4,1,0,2,1,1,1547.33,0,2,0.0,Germany,Infusomat Space #687,B. Braun Melsungen AG,Infusomat,2013-10-13,52,3
PRK350,Physiologic Monitoring System,6,0,0,1,2,1,852.89,0,2,0.0,Japan,Life Scope #894,Nihon Kohden Corp,Nihon Kohden,2015-03-22,43,2
PRK333,Infusion Pump,16,1,0,2,1,1,0.0,0,1,0.0,Germany,Infusomat Space #423,B. Braun Melsungen AG,Infusomat,2017-06-01,,1
PRK360,Infusion Pump,5,1,0,2,1,1,4.28,0,2,1979.76,Ireland,Alaris GP #124,Medtronic,Alaris,2011-05-15,21,2
PRK326,Infusion Pump,7,0,0,2,1,1,76.1,0,2,5205.76,USA,Sigma Spectrum #667,Baxter Healthcare Corp,Sigma,2006-10-14,30,2
PRK342,Infusion Pump,28,1,0,2,1,1,0.0,0,2,0.0,USA,Sigma Spectrum #90,Baxter Healthcare Corp,Sigma,2008-11-11,,1
PRK340,Infusion Pump,6,1,1,2,2,1,58.5,1,2,2020.09,Germany,Infusomat Space #122,B. Braun Melsungen AG,Infusomat,2015-04-24,25,2
PRK342,Physiologic Monitoring System,7,1,0,1,1,1,118.79,0,2,1109.59,Japan,Life Scope #687,Nihon Kohden Corp,Nihon Kohden,2005-01-30,30,2
PRK358,Infusion Pump,8,1,2,2,1,1,0.0,1,2,0.0,USA,Sigma Spectrum #295,Baxter Healthcare Corp,Sigma,2016-10-14,,1
PRK333,Infusion Pump,6,1,0,2,1,1,2.22,0,2,403.11,Ireland,Alaris GP #557,Medtronic,Alaris,1993-09-17,50,2
PRK333,Infusion Pump,7,0,0,2,1,1,0.0,0,2,0.0,USA,Sigma Spectrum #188,Baxter Healthcare Corp,Sigma,2011-06-27,,1
PRK358,Infusion Pump,9,1,0,2,1,1,306.06,1,2,2848.8,Ireland,Alaris GP #368,Medtronic,Alaris,2009-06-03,42,2
PRK358,Infusion Pump,5,1,0,2,1,1,19.44,0,2,0.0,USA,Sigma Spectrum #493,Baxter Healthcare Corp,Sigma,2008-04-23,17,2
PRK360,Physiologic Monitoring System,1,0,0,1,1,1,270.76,1,2,5955.73,Japan,Life Scope #310,Nihon Kohden Corp,Nihon Kohden,2008-07-03,59,2
PRK311,Infusion Pump,2,1,0,2,1,1,34.71,1,2,48.57,Germany,Infusomat Space #975,B. Braun Melsungen AG,Infusomat,1997-01-21,30,2
PRK300,Defibrillator,8,1,0,3,1,1,58.14,0,2,834.78,USA,Lifepak 20e #244,Physio-Control Inc,Lifepak,2004-01-26,35,2
PRK330,Infusion Pump,22,0,0,2,1,1,41.89,1,2,0.0,Ireland,Alaris GP #569,Medtronic,Alaris,2018-05-11,18,3
PRK342,Infusion Pump,6,1,0,2,1,1,14.83,1,2,67975.73,Ireland,Alaris GP #200,Medtronic,Alaris,1998-08-20,29,3
PRK300,Defibrillator,10,1,0,3,2,1,5.7,0,2,425.86,USA,Lifepak 20e #530,Physio-Control Inc,Lifepak,2020-11-07,24,3
PRK326,Infusion Pump,17,1,0,2,1,1,7482.96,0,2,187.33,USA,Sigma Spectrum #228,Baxter Healthcare Corp,Sigma,2014-07-26,17,2
PRK341,Infusion Pump,11,1,0,2,1,1,169.23,0,2,715.92,Germany,Infusomat Space #181,B. Braun Melsungen AG,Infusomat,2005-12-09,37,2
PRK319,Sphygmomanometers,8,1,0,1,1,1,70.06,1,2,29694.13,Malaysia,MV-BP100 #331,Med-Vantage Sdn Bhd,MedVantage,2015-12-10,22,3
PRK342,Sphygmomanometers,7,1,0,1,2,1,1426.02,1,2,0.0,Japan,HEM-907 #852,Omron Healthcare Co Ltd,Omron,2009-09-11,19,3
PRK319,Physiologic Monitoring System,5,0,0,1,1,1,2.65,1,2,2984.84,USA,CARESCAPE #511,GE Healthcare,GE,2006-07-12,24,3
PRK358,Infusion Pump,13,1,0,2,1,1,35.12,0,2,389.07,USA,Sigma Spectrum #452,Baxter Healthcare Corp,Sigma,2015-08-08,12,2
PRK320,Physiologic Monitoring System,16,1,0,1,2,1,18.0,0,2,400.73,Netherlands,IntelliVue #977,Koninklijke Philips N.V.,Philips,2008-03-13,16,2
PRK341,Radiographic System,0,0,0,1,1,1,0.0,0,2,0.0,Japan,Aquilion #695,Canon Inc (Toshiba Medical),Canon,2001-12-17,,1
PRK340,Sphygmomanometers,13,0,0,1,2,1,0.0,0,2,0.0,USA,DS66 #29,Welch Allyn Inc,Welch Allyn,2012-04-30,,1
PRK319,Infusion Pump,12,1,0,2,1,1,24.82,0,2,0.0,Germany,Infusomat Space #459,B. Braun Melsungen AG,Infusomat,2012-03-19,9,2
PRK330,Infusion Pump,6,0,0,2,1,1,2.22,0,2,13.99,Germany,Infusomat Space #762,B. Braun Melsungen AG,Infusomat,2013-09-20,2,2
PRK358,Infusion Pump,5,1,0,2,1,1,0.0,0,2,0.0,Germany,Infusomat Space #246,B. Braun Melsungen AG,Infusomat,2014-04-01,,1
PRK340,Infusion Pump,11,0,0,2,2,1,0.0,0,2,0.0,USA,Sigma Spectrum #105,Baxter Healthcare Corp,Sigma,2018-06-13,,1
PRK300,Physiologic Monitoring System,2,0,0,1,1,1,24.54,1,2,6.3,Netherlands,IntelliVue #364,Koninklijke Philips N.V.,Philips,2016-11-06,45,2
PRK342,Infusion Pump,6,0,0,2,1,1,9.81,0,2,27009.05,Ireland,Alaris GP #550,Medtronic,Alaris,2013-01-01,11,3
PRK312,Infusion Pump,10,1,1,2,1,1,39.64,0,2,369.31,Germany,Infusomat Space #392,B. Braun Melsungen AG,Infusomat,1999-02-03,28,2
PRK333,Infusion Pump,19,0,0,2,1,1,41.91,0,2,1552.57,Germany,Infusomat Space #190,B. Braun Melsungen AG,Infusomat,2016-11-22,23,3
PRK333,Infusion Pump,23,1,1,2,1,1,1.13,1,2,7650.24,Ireland,Alaris GP #880,Medtronic,Alaris,1999-05-30,16,3
PRK333,Infusion Pump,3,1,0,2,1,1,0.0,1,2,0.0,USA,Sigma Spectrum #13,Baxter Healthcare Corp,Sigma,2016-03-10,,1
PRK300,Infusion Pump,10,1,0,2,1,1,80.6,0,1,2637.3,Germany,Infusomat Space #218,B. Braun Melsungen AG,Infusomat,2004-01-11,23,3
PRK319,Infusion Pump,8,1,0,2,1,1,0.0,0,2,0.0,USA,Sigma Spectrum #126,Baxter Healthcare Corp,Sigma,2016-05-05,,1
PRK300,Sphygmomanometers,12,0,0,1,1,1,0.0,0,2,0.0,USA,DS66 #248,Welch Allyn Inc,Welch Allyn,2015-05-18,,1
PRK330,Infusion Pump,7,1,0,2,1,1,232.51,0,2,1819.99,Germany,Infusomat Space #225,B. Braun Melsungen AG,Infusomat,2008-07-10,37,2
PRK341,Infusion Pump,13,1,0,2,1,1,162.83,0,2,1733.83,Ireland,Alaris GP #610,Medtronic,Alaris,2010-02-07,36,2
PRK341,Infusion Pump,9,1,0,2,1,1,3617.35,0,2,1526.36,USA,Sigma Spectrum #295,Baxter Healthcare Corp,Sigma,2016-03-25,40,2
PRK300,Infusion Pump,5,1,0,2,1,1,0.0,0,2,0.0,Germany,Infusomat Space #615,B. Braun Melsungen AG,Infusomat,2008-11-07,,1
PRK311,Infusion Pump,13,1,0,2,1,1,11.76,0,2,556.99,Germany,Infusomat Space #185,B. Braun Melsungen AG,Infusomat,1998-09-22,26,2
PRK341,Infusion Pump,7,0,0,2,1,1,43.4,0,2,26866.0,Germany,Infusomat Space #934,B. Braun Melsungen AG,Infusomat,2018-05-19,10,3
PRK333,Infusion Pump,8,1,0,2,1,1,57.8,0,2,764.12,Ireland,Alaris GP #301,Medtronic,Alaris,2012-02-27,8,3
PRK358,Infusion Pump,4,1,0,2,1,1,0.0,0,1,0.0,USA,Sigma Spectrum #478,Baxter Healthcare Corp,Sigma,2003-01-01,23,2
PRK319,Physiologic Monitoring System,6,0,0,1,1,1,0.0,0,2,3589.35,Japan,Life Scope #298,Nihon Kohden Corp,Nihon Kohden,2008-12-06,14,3
PRK311,Infusion Pump,18,1,2,2,1,1,615.46,0,2,208.18,Ireland,Alaris GP #279,Medtronic,Alaris,2014-06-30,26,2
PRK320,Infusion Pump,5,0,0,2,1,1,90.98,0,2,1078.75,Germany,Infusomat Space #907,B. Braun Melsungen AG,Infusomat,2016-07-22,4,3
PRK341,Physiologic Monitoring System,24,1,1,1,1,1,0.0,0,2,0.0,Japan,Life Scope #409,Nihon Kohden Corp,Nihon Kohden,2011-05-18,,1
PRK333,Infusion Pump,9,1,0,2,1,1,6.54,0,2,853.22,Germany,Infusomat Space #765,B. Braun Melsungen AG,Infusomat,1999-12-09,18,3
PRK310,Infusion Pump,10,1,0,2,1,1,340.9,0,2,781.56,Germany,Infusomat Space #788,B. Braun Melsungen AG,Infusomat,2004-06-15,44,2
PRK300,Infusion Pump,4,1,0,2,1,1,311.63,0,2,2291.22,USA,Sigma Spectrum #187,Baxter Healthcare Corp,Sigma,2018-07-03,47,2
PRK342,Infusion Pump,13,1,0,2,1,1,391.08,0,2,500.32,USA,Sigma Spectrum #148,Baxter Healthcare Corp,Sigma,2004-03-05,6,3
PRK319,Infusion Pump,2,1,0,2,1,1,0.52,0,2,40358.96,Germany,Infusomat Space #646,B. Braun Melsungen AG,Infusomat,2014-07-29,28,2
PRK341,Radiographic System,7,0,0,1,1,1,43.2,0,2,13.38,Netherlands,DigitalDiagnost #230,Koninklijke Philips N.V.,Philips,2012-01-02,29,2
PRK319,Radiographic System,4,0,0,1,1,1,521.23,0,2,44.58,Japan,Aquilion #410,Canon Inc (Toshiba Medical),Canon,2009-07-21,39,2
PRK319,Sphygmomanometers,2,1,0,1,1,1,4.16,0,2,73.63,Malaysia,MV-BP100 #923,Med-Vantage Sdn Bhd,MedVantage,2009-03-04,55,2
PRK319,Infusion Pump,12,1,0,2,1,1,0.0,0,2,0.0,Ireland,Alaris GP #462,Medtronic,Alaris,2017-08-24,,1
PRK360,Infusion Pump,7,1,0,2,1,1,20.16,1,2,110.77,USA,Sigma Spectrum #353,Baxter Healthcare Corp,Sigma,2011-10-01,44,2
PRK300,Infusion Pump,8,1,0,2,1,1,10.03,0,2,0.0,USA,Sigma Spectrum #333,Baxter Healthcare Corp,Sigma,2009-12-23,47,2
PRK311,Infusion Pump,5,1,0,2,1,1,0.0,0,2,0.0,Ireland,Alaris GP #722,Medtronic,Alaris,2018-10-13,,1
PRK358,Infusion Pump,14,1,0,2,1,1,0.0,0,2,0.0,Ireland,Alaris GP #656,Medtronic,Alaris,2013-03-09,,1
PRK311,Infusion Pump,9,1,0,2,1,1,0.0,1,2,0.0,Germany,Infusomat Space #719,B. Braun Melsungen AG,Infusomat,2018-06-17,,1
PRK319,Infusion Pump,21,1,2,2,1,1,44.2,0,1,1346.59,Germany,Infusomat Space #26,B. Braun Melsungen AG,Infusomat,2018-11-02,4,2
PRK319,Infusion Pump,5,1,0,2,1,1,0.0,1,2,0.0,USA,Sigma Spectrum #149,Baxter Healthcare Corp,Sigma,2010-09-03,,1
PRK342,Infusion Pump,5,0,0,2,2,1,0.0,0,2,0.0,USA,Sigma Spectrum #376,Baxter Healthcare Corp,Sigma,2001-11-27,,1
PRK330,Physiologic Monitoring System,11,0,0,1,1,1,17.26,0,2,30.92,Japan,Life Scope #722,Nihon Kohden Corp,Nihon Kohden,2001-02-18,14,2
PRK358,Infusion Pump,22,1,2,2,1,1,972.48,0,2,192.3,USA,Sigma Spectrum #768,Baxter Healthcare Corp,Sigma,2011-10-26,14,3
PRK342,Ventilator,5,1,0,3,1,1,39.5,1,2,0.0,USA,Smartvent 7900 #429,Datex-Ohmeda Inc,Smartvent,2016-02-06,12,2
PRK333,Infusion Pump,1,0,0,2,1,1,0.0,1,2,0.0,USA,Sigma Spectrum #992,Baxter Healthcare Corp,Sigma,2009-05-16,,1
PRK319,Infusion Pump,3,1,0,2,1,1,43.9,1,2,18.27,Ireland,Alaris GP #539,Medtronic,Alaris,2003-03-06,25,2
PRK350,Infusion Pump,18,1,0,2,1,1,23.95,0,2,1852.5,Ireland,Alaris GP #136,Medtronic,Alaris,2011-11-12,7,2
PRK358,Infusion Pump,6,1,0,2,1,1,290.39,1,1,596.24,USA,Sigma Spectrum #875,Baxter Healthcare Corp,Sigma,2008-07-08,49,3
PRK358,Infusion Pump,25,1,1,2,1,1,12.35,0,2,51911.01,USA,Sigma Spectrum #334,Baxter Healthcare Corp,Sigma,2018-02-03,3,3
PRK300,Infusion Pump,3,0,0,2,1,1,6904.45,0,2,2613.61,Ireland,Alaris GP #290,Medtronic,Alaris,2008-05-26,28,2
PRK342,Physiologic Monitoring System,11,1,0,1,1,1,0.0,0,2,0.0,Netherlands,IntelliVue #387,Koninklijke Philips N.V.,Philips,2007-11-19,,1
PRK342,Infusion Pump,12,1,0,2,2,1,0.0,1,2,0.0,Ireland,Alaris GP #878,Medtronic,Alaris,1998-06-29,,1
PRK358,Infusion Pump,2,0,0,2,1,1,241.2,0,2,17.66,Ireland,Alaris GP #546,Medtronic,Alaris,2011-11-22,18,2
PRK319,Sphygmomanometers,2,1,0,1,1,1,15.99,0,2,14027.8,USA,DS66 #412,Welch Allyn Inc,Welch Allyn,2001-11-30,16,2
PRK350,Infusion Pump,7,1,0,2,1,1,0.0,0,1,0.0,Ireland,Alaris GP #484,Medtronic,Alaris,2001-05-29,,1
PRK342,Physiologic Monitoring System,12,1,0,1,1,1,249.73,0,2,0.0,USA,CARESCAPE #979,GE Healthcare,GE,2012-02-02,25,2
PRK358,Physiologic Monitoring System,10,0,0,1,1,1,168.5,0,2,0.0,Japan,Life Scope #828,Nihon Kohden Corp,Nihon Kohden,2016-03-23,20,2
PRK342,Infusion Pump,7,0,0,2,1,1,1.78,1,2,7761.42,Germany,Infusomat Space #122,B. Braun Melsungen AG,Infusomat,2010-12-11,46,2
PRK358,Infusion Pump,7,0,0,2,1,1,0.0,0,2,0.0,Germany,Infusomat Space #639,B. Braun Melsungen AG,Infusomat,2011-03-06,,1
PRK320,Infusion Pump,1,0,0,2,1,1,4.49,0,2,92.75,Germany,Infusomat Space #855,B. Braun Melsungen AG,Infusomat,2016-04-13,22,2
PRK312,Physiologic Monitoring System,4,1,0,1,1,1,360.21,0,2,65.02,Japan,Life Scope #815,Nihon Kohden Corp,Nihon Kohden,2017-03-29,33,2
PRK320,Infusion Pump,2,1,0,2,1,1,374.6,0,2,6.29,Ireland,Alaris GP #299,Medtronic,Alaris,2002-03-15,42,2
PRK350,Infusion Pump,10,0,0,2,2,1,4.64,0,2,199.48,USA,Sigma Spectrum #715,Baxter Healthcare Corp,Sigma,2000-03-12,37,3
PRK311,Infusion Pump,3,1,0,2,1,1,1.56,0,2,649.46,Ireland,Alaris GP #546,Medtronic,Alaris,2012-10-01,47,2
PRK341,Defibrillator,18,1,0,3,1,1,31.54,0,2,527.91,USA,Lifepak 20e #944,Physio-Control Inc,Lifepak,2010-06-11,9,2
PRK360,Ventilator,8,1,0,3,1,1,35.36,0,2,0.0,Germany,Evita V500 #579,Drager Medical AG & Co KGaA,Evita,2010-05-15,27,2
PRK358,Sphygmomanometers,4,1,0,1,2,1,55.37,1,2,4.98,USA,DS66 #736,Welch Allyn Inc,Welch Allyn,2019-05-17,46,2
PRK341,Physiologic Monitoring System,16,1,0,1,1,1,116.54,0,1,1048.46,USA,CARESCAPE #214,GE Healthcare,GE,2013-12-26,30,3
PRK350,Physiologic Monitoring System,3,1,0,1,1,1,0.0,0,2,0.0,Netherlands,IntelliVue #100,Koninklijke Philips N.V.,Philips,1998-04-05,,1
PRK311,Infusion Pump,3,0,0,2,1,1,65.81,1,2,106.64,USA,Sigma Spectrum #654,Baxter Healthcare Corp,Sigma,2016-04-23,38,2
PRK333,Defibrillator,4,0,0,3,1,1,0.0,0,2,0.0,Netherlands,HeartStart XL #689,Koninklijke Philips N.V.,HeartStart,2018-03-26,,1
PRK333,Infusion Pump,16,1,0,2,1,1,0.0,1,2,0.0,Germany,Infusomat Space #897,B. Braun Melsungen AG,Infusomat,2008-05-06,,1
PRK350,Infusion Pump,25,0,2,2,1,1,161.81,1,2,155.21,Ireland,Alaris GP #33,Medtronic,Alaris,2005-02-12,12,3
PRK319,Physiologic Monitoring System,2,0,0,1,1,1,139.16,1,2,279.73,Japan,Life Scope #474,Nihon Kohden Corp,Nihon Kohden,2014-10-18,52,2
PRK310,Physiologic Monitoring System,30,1,1,1,1,1,28.68,0,2,1022.67,Japan,Life Scope #177,Nihon Kohden Corp,Nihon Kohden,2007-03-26,8,3
PRK342,Infusion Pump,12,0,0,2,1,1,8.21,0,2,3889.13,Germany,Infusomat Space #172,B. Braun Melsungen AG,Infusomat,2001-03-30,39,3
PRK333,Infusion Pump,6,0,0,2,1,1,892.64,0,2,71.64,Ireland,Alaris GP #935,Medtronic,Alaris,2014-04-20,13,2
PRK358,Infusion Pump,12,0,0,2,1,1,0.0,0,2,0.0,Ireland,Alaris GP #772,Medtronic,Alaris,2014-09-28,,1
PRK333,Ventilator,16,1,0,3,1,1,424.43,1,2,15.14,USA,Carestation 650 #954,Datex-Ohmeda Inc,Carestation,2011-11-15,15,2
PRK358,Infusion Pump,4,1,0,2,1,1,170.61,0,2,0.0,Ireland,Alaris GP #632,Medtronic,Alaris,2015-06-12,13,3
PRK333,Ventilator,17,1,0,3,1,1,0.0,1,2,0.0,UK,Blease 8200p #108,Blease Medical Equipment Ltd,Blease,2009-01-17,,1
PRK350,Infusion Pump,8,1,0,2,1,1,547.88,0,2,377.14,Ireland,Alaris GP #824,Medtronic,Alaris,2017-07-09,10,2
PRK342,Physiologic Monitoring System,2,1,0,1,2,1,0.0,0,2,0.0,Japan,Life Scope #397,Nihon Kohden Corp,Nihon Kohden,2010-09-23,,1
PRK319,Infusion Pump,12,1,2,2,1,1,0.0,0,2,0.0,USA,Sigma Spectrum #61,Baxter Healthcare Corp,Sigma,2006-04-02,,1
PRK319,Defibrillator,21,1,0,3,1,1,194.4,1,2,0.0,Netherlands,HeartStart XL #987,Koninklijke Philips N.V.,HeartStart,2001-09-22,28,2
PRK358,Infusion Pump,11,1,2,2,1,1,21.78,0,2,3606.2,Germany,Infusomat Space #989,B. Braun Melsungen AG,Infusomat,2001-09-05,5,2
PRK319,Infusion Pump,3,0,0,2,1,1,242.79,1,2,241.43,Ireland,Alaris GP #74,Medtronic,Alaris,2019-01-12,27,2
PRK342,Infusion Pump,11,1,0,2,1,1,428.34,0,2,49.66,Ireland,Alaris GP #255,Medtronic,Alaris,2007-09-10,22,2
PRK311,Infusion Pump,10,1,0,2,1,1,139.17,1,2,448.32,Germany,Infusomat Space #910,B. Braun Melsungen AG,Infusomat,2009-02-10,30,2
PRK342,Infusion Pump,12,1,0,2,1,1,12.15,0,2,6757.0,Germany,Infusomat Space #130,B. Braun Melsungen AG,Infusomat,2009-06-11,39,2
PRK319,Physiologic Monitoring System,2,0,0,1,1,1,166.04,1,2,26.48,USA,CARESCAPE #981,GE Healthcare,GE,2009-07-27,51,2
PRK341,Sphygmomanometers,2,0,0,1,1,1,0.0,0,2,0.0,Malaysia,MV-BP100 #285,Med-Vantage Sdn Bhd,MedVantage,2008-05-25,,1
PRK340,Physiologic Monitoring System,5,0,0,1,1,1,15.45,0,2,95.76,USA,CARESCAPE #881,GE Healthcare,GE,2006-04-16,25,3
PRK319,Physiologic Monitoring System,14,1,0,1,1,1,0.0,1,2,0.0,USA,CARESCAPE #335,GE Healthcare,GE,2001-11-01,,1
PRK333,Infusion Pump,13,1,0,2,2,1,1683.99,0,2,1622.83,USA,Sigma Spectrum #817,Baxter Healthcare Corp,Sigma,2011-06-16,16,3
PRK358,Ventilator,16,1,0,3,1,1,1076.39,0,2,1027.29,USA,Carestation 650 #244,Datex-Ohmeda Inc,Carestation,2018-07-05,27,3
PRK342,Ventilator,12,1,0,3,2,1,20.38,1,2,980.89,UK,Blease 8200p #571,Blease Medical Equipment Ltd,Blease,1998-05-18,10,3
PRK360,Infusion Pump,14,1,2,2,1,1,1.43,0,2,26.45,Germany,Infusomat Space #789,B. Braun Melsungen AG,Infusomat,1999-03-25,23,2
PRK350,Sphygmomanometers,10,1,0,1,1,1,0.0,1,2,0.0,Japan,HEM-907 #911,Omron Healthcare Co Ltd,Omron,2015-10-12,,1
PRK341,Infusion Pump,7,0,0,2,1,1,2480.56,0,2,6496.49,USA,Sigma Spectrum #203,Baxter Healthcare Corp,Sigma,2015-11-28,25,3
PRK340,Ventilator,13,1,2,3,1,1,927.63,1,2,378.44,USA,Carestation 650 #101,Datex-Ohmeda Inc,Carestation,2015-11-30,12,2
PRK358,Sphygmomanometers,3,1,2,1,1,1,28.83,0,2,83.84,USA,DS66 #597,Welch Allyn Inc,Welch Allyn,2014-05-06,38,2
PRK333,Physiologic Monitoring System,4,1,0,1,1,1,182.58,0,1,4292.94,Netherlands,IntelliVue #114,Koninklijke Philips N.V.,Philips,2010-07-15,23,2
PRK330,Infusion Pump,3,1,0,2,1,1,0.0,1,2,0.0,Germany,Infusomat Space #247,B. Braun Melsungen AG,Infusomat,1995-08-31,,1
PRK358,Physiologic Monitoring System,9,1,0,1,1,1,382.21,0,2,1576.99,USA,CARESCAPE #691,GE Healthcare,GE,2018-06-05,14,2
PRK358,Infusion Pump,3,0,0,2,1,1,19.14,0,2,124.43,Germany,Infusomat Space #214,B. Braun Melsungen AG,Infusomat,2016-11-30,46,2
PRK333,Ventilator,1,0,0,3,1,1,17.4,0,2,57.65,UK,Blease 8200p #9,Blease Medical Equipment Ltd,Blease,2010-01-24,18,2
PRK311,Infusion Pump,2,0,0,2,1,1,46.82,0,1,2437.36,Ireland,Alaris GP #142,Medtronic,Alaris,2016-07-14,42,2
PRK341,Physiologic Monitoring System,21,1,2,1,1,1,19.92,1,2,0.0,Netherlands,IntelliVue #639,Koninklijke Philips N.V.,Philips,2018-08-22,7,3
PRK342,Defibrillator,9,1,0,3,1,1,0.0,0,2,0.0,USA,Lifepak 20e #60,Physio-Control Inc,Lifepak,2020-04-01,,1
PRK326,Infusion Pump,16,1,0,2,1,1,11.74,1,2,0.0,Ireland,Alaris GP #617,Medtronic,Alaris,2017-05-02,17,2
PRK342,Infusion Pump,2,0,0,2,1,1,5751.66,1,2,0.0,USA,Sigma Spectrum #257,Baxter Healthcare Corp,Sigma,2014-07-24,49,2
PRK333,Physiologic Monitoring System,11,1,0,1,1,1,147.08,0,2,9355.32,USA,CARESCAPE #611,GE Healthcare,GE,2011-05-14,14,2
PRK319,Infusion Pump,3,0,0,2,1,1,29.09,0,2,1593.28,USA,Sigma Spectrum #933,Baxter Healthcare Corp,Sigma,2015-06-18,45,2
PRK341,Infusion Pump,11,1,0,2,1,1,0.0,0,2,0.0,Ireland,Alaris GP #173,Medtronic,Alaris,2012-08-14,,1
PRK326,Infusion Pump,16,1,0,2,2,1,31.22,0,2,2.34,Ireland,Alaris GP #320,Medtronic,Alaris,2002-07-17,25,2
PRK350,Infusion Pump,12,0,0,2,3,1,37.53,0,2,445.83,USA,Sigma Spectrum #914,Baxter Healthcare Corp,Sigma,2017-11-20,37,2
PRK300,Physiologic Monitoring System,8,0,0,1,1,1,33.5,0,2,38506.89,Netherlands,IntelliVue #398,Koninklijke Philips N.V.,Philips,2002-11-08,13,2
PRK358,Physiologic Monitoring System,20,0,0,1,1,1,0.0,1,2,85.46,USA,CARESCAPE #733,GE Healthcare,GE,2011-06-07,20,3
PRK319,Infusion Pump,14,0,0,2,1,1,12.41,0,2,4834.75,Ireland,Alaris GP #598,Medtronic,Alaris,1997-03-21,43,3
PRK360,Infusion Pump,4,1,0,2,1,1,279.33,0,2,1353.42,Germany,Infusomat Space #281,B. Braun Melsungen AG,Infusomat,2005-06-03,44,2
PRK342,Infusion Pump,3,1,0,2,1,1,694.69,0,1,177.72,Germany,Infusomat Space #959,B. Braun Melsungen AG,Infusomat,2008-02-09,17,2
PRK319,Infusion Pump,30,0,1,2,1,1,11.57,1,2,258.6,USA,Sigma Spectrum #598,Baxter Healthcare Corp,Sigma,1999-12-15,11,2
PRK360,Physiologic Monitoring System,4,0,0,1,1,1,49.95,0,2,0.0,Netherlands,IntelliVue #641,Koninklijke Philips N.V.,Philips,2015-11-19,13,2
PRK333,Infusion Pump,7,1,0,2,2,1,2.14,0,2,1828.54,Ireland,Alaris GP #397,Medtronic,Alaris,2005-09-27,32,2
PRK333,Infusion Pump,3,0,0,2,1,1,20.44,1,2,147.47,Germany,Infusomat Space #710,B. Braun Melsungen AG,Infusomat,2003-04-23,32,2
PRK358,Defibrillator,14,1,0,3,2,1,0.0,0,2,0.0,USA,Lifepak 20e #760,Physio-Control Inc,Lifepak,2008-01-23,,1
PRK358,Infusion Pump,4,0,0,2,1,1,473.29,0,2,396.02,Germany,Infusomat Space #539,B. Braun Melsungen AG,Infusomat,2007-08-28,33,3
PRK342,Physiologic Monitoring System,8,0,0,1,1,1,0.0,0,2,0.0,Netherlands,IntelliVue #495,Koninklijke Philips N.V.,Philips,1998-02-16,,1
PRK360,Infusion Pump,11,1,0,2,1,1,0.0,0,2,0.0,Germany,Infusomat Space #460,B. Braun Melsungen AG,Infusomat,2011-11-28,,1
PRK320,Infusion Pump,5,1,1,2,1,1,15.57,1,2,1290.61,Germany,Infusomat Space #290,B. Braun Melsungen AG,Infusomat,2018-12-17,31,3
PRK319,Infusion Pump,11,1,0,2,1,1,21.57,0,2,2153.4,Ireland,Alaris GP #585,Medtronic,Alaris,2017-02-27,7,2
PRK300,Physiologic Monitoring System,24,1,2,1,1,1,343.38,1,2,12031.78,Netherlands,IntelliVue #815,Koninklijke Philips N.V.,Philips,2013-03-12,11,3
PRK320,Ventilator,10,1,0,3,1,1,568.02,0,2,95.27,UK,Blease 8200p #960,Blease Medical Equipment Ltd,Blease,2007-02-16,42,2
PRK341,Infusion Pump,13,1,0,2,1,1,55.46,1,2,1223.53,Germany,Infusomat Space #398,B. Braun Melsungen AG,Infusomat,2005-10-02,20,2
PRK319,Infusion Pump,6,0,0,2,1,1,280.32,1,1,1668.1,Germany,Infusomat Space #875,B. Braun Melsungen AG,Infusomat,2018-02-24,20,2
PRK341,Infusion Pump,5,1,0,2,1,1,14.76,1,2,35.32,Germany,Infusomat Space #994,B. Braun Melsungen AG,Infusomat,2013-04-03,53,2
PRK300,Physiologic Monitoring System,3,1,0,1,1,1,99.02,0,2,157.57,Japan,Life Scope #517,Nihon Kohden Corp,Nihon Kohden,2018-12-17,12,2
PRK320,Physiologic Monitoring System,9,1,0,1,1,1,367.65,0,2,43.4,USA,CARESCAPE #392,GE Healthcare,GE,2012-10-30,26,2
PRK342,Physiologic Monitoring System,16,0,0,1,1,1,983.28,1,2,52.61,Japan,Life Scope #519,Nihon Kohden Corp,Nihon Kohden,2016-10-27,11,2
PRK310,Defibrillator,13,1,0,3,1,1,6.91,0,2,267.61,USA,Lifepak 20e #569,Physio-Control Inc,Lifepak,1998-03-21,21,3
PRK342,Infusion Pump,5,1,0,2,1,1,760.5,0,2,135.33,Germany,Infusomat Space #497,B. Braun Melsungen AG,Infusomat,2007-11-14,50,2
PRK342,Physiologic Monitoring System,6,0,0,1,2,1,4290.74,1,2,639.45,Netherlands,IntelliVue #400,Koninklijke Philips N.V.,Philips,2004-08-30,26,2
PRK340,Physiologic Monitoring System,24,1,1,1,1,1,0.0,1,2,0.0,Netherlands,IntelliVue #962,Koninklijke Philips N.V.,Philips,2014-11-13,,1
PRK358,Infusion Pump,12,1,0,2,1,1,3.25,0,2,2596.94,Ireland,Alaris GP #534,Medtronic,Alaris,2018-04-17,40,2
PRK360,Defibrillator,14,1,0,3,1,1,1059.73,1,1,0.0,USA,Lifepak 20e #25,Physio-Control Inc,Lifepak,2005-08-18,8,2
PRK300,Infusion Pump,15,1,0,2,1,1,28.91,0,2,361.06,Ireland,Alaris GP #990,Medtronic,Alaris,2007-12-14,27,3
PRK342,Physiologic Monitoring System,6,1,0,1,1,1,41.51,1,2,203.44,Japan,Life Scope #120,Nihon Kohden Corp,Nihon Kohden,2003-09-06,34,2
PRK319,Physiologic Monitoring System,5,1,0,1,1,1,524.87,1,2,0.0,Netherlands,IntelliVue #112,Koninklijke Philips N.V.,Philips,2016-02-03,19,2
PRK330,Defibrillator,6,0,0,3,1,1,0.0,0,2,0.0,USA,Lifepak 20e #456,Physio-Control Inc,Lifepak,2018-05-23,,1
PRK341,Infusion Pump,5,1,0,2,1,1,101.5,0,2,6283.63,USA,Sigma Spectrum #813,Baxter Healthcare Corp,Sigma,2005-06-08,15,2
PRK342,Infusion Pump,21,1,0,2,2,1,5.4,1,2,11871.06,USA,Sigma Spectrum #817,Baxter Healthcare Corp,Sigma,1995-04-15,19,2
PRK358,Ventilator,7,0,0,3,1,1,303.02,0,2,1370.37,UK,Blease 8200p #887,Blease Medical Equipment Ltd,Blease,2003-08-17,34,2
PRK342,Physiologic Monitoring System,19,1,2,1,1,1,300.19,0,2,227.35,Japan,Life Scope #567,Nihon Kohden Corp,Nihon Kohden,2018-06-04,19,2
PRK342,Infusion Pump,7,1,0,2,1,1,87.34,0,2,54.67,Germany,Infusomat Space #670,B. Braun Melsungen AG,Infusomat,2001-10-27,9,2
PRK341,Physiologic Monitoring System,8,0,0,1,1,1,65.68,0,2,30.48,USA,CARESCAPE #257,GE Healthcare,GE,2006-03-29,5,2
PRK311,Infusion Pump,1,1,0,2,1,1,62.58,0,2,7.3,USA,Sigma Spectrum #491,Baxter Healthcare Corp,Sigma,2014-08-29,60,2
PRK300,Physiologic Monitoring System,5,1,0,1,2,1,47.18,1,2,7076.77,Japan,Life Scope #993,Nihon Kohden Corp,Nihon Kohden,2014-09-02,8,2
PRK333,Defibrillator,21,1,0,3,2,1,56.24,0,2,1602.79,Netherlands,HeartStart XL #541,Koninklijke Philips N.V.,HeartStart,2010-04-12,13,2
PRK342,Infusion Pump,21,0,1,2,1,1,0.0,0,2,0.0,USA,Sigma Spectrum #173,Baxter Healthcare Corp,Sigma,1997-03-08,,1
PRK311,Infusion Pump,5,0,0,2,1,1,0.0,0,2,0.0,Germany,Infusomat Space #684,B. Braun Melsungen AG,Infusomat,2017-09-02,,1
PRK330,Sphygmomanometers,1,0,0,1,2,1,1745.01,0,2,758.78,Malaysia,MV-BP100 #726,Med-Vantage Sdn Bhd,MedVantage,2010-04-05,34,2
PRK319,Ventilator,3,1,0,3,1,1,0.0,0,1,0.0,USA,Smartvent 7900 #951,Datex-Ohmeda Inc,Smartvent,2012-06-24,,1
PRK340,Defibrillator,5,0,0,3,1,1,3698.74,1,2,2633.37,USA,Lifepak 20e #868,Physio-Control Inc,Lifepak,1999-11-05,49,2
PRK326,Infusion Pump,5,0,0,2,1,1,100.92,1,2,140.7,USA,Sigma Spectrum #345,Baxter Healthcare Corp,Sigma,2016-06-19,21,2
PRK312,Radiographic System,5,1,0,1,2,2,65.42,0,2,604.06,Japan,Aquilion #848,Canon Inc (Toshiba Medical),Canon,2006-02-06,29,2
PRK300,Infusion Pump,8,1,0,2,1,1,198.2,1,2,3919.32,Germany,Infusomat Space #914,B. Braun Melsungen AG,Infusomat,2013-09-23,36,2
PRK319,Infusion Pump,3,1,0,2,3,1,6.77,0,2,25787.16,Ireland,Alaris GP #886,Medtronic,Alaris,2009-11-11,10,2
PRK333,Infusion Pump,7,1,0,2,1,1,0.0,0,2,0.0,USA,Sigma Spectrum #280,Baxter Healthcare Corp,Sigma,2018-11-29,,1
PRK358,Ventilator,10,1,0,3,1,1,0.0,1,2,0.0,USA,Smartvent 7900 #415,Datex-Ohmeda Inc,Smartvent,2002-08-14,,1
PRK319,Defibrillator,6,1,0,3,1,1,73.47,0,2,821.72,USA,Lifepak 20e #448,Physio-Control Inc,Lifepak,2019-10-24,43,2
PRK333,Physiologic Monitoring System,9,1,0,1,1,1,0.0,1,2,0.0,USA,CARESCAPE #904,GE Healthcare,GE,2009-07-11,,1
PRK340,Physiologic Monitoring System,24,1,1,1,1,1,73.73,0,2,6808.59,Netherlands,IntelliVue #440,Koninklijke Philips N.V.,Philips,2004-07-23,16,2
PRK341,Infusion Pump,13,0,0,2,1,1,875.09,1,2,126027.01,Ireland,Alaris GP #296,Medtronic,Alaris,1997-09-03,29,3
PRK320,Infusion Pump,12,1,0,2,2,1,0.0,0,2,0.0,Germany,Infusomat Space #174,B. Braun Melsungen AG,Infusomat,2014-02-09,,1
PRK310,Infusion Pump,6,0,0,2,1,1,1659.28,0,2,110.32,USA,Sigma Spectrum #576,Baxter Healthcare Corp,Sigma,2020-02-20,3,2
PRK358,Infusion Pump,5,1,0,2,1,1,30.62,0,2,25.04,USA,Sigma Spectrum #190,Baxter Healthcare Corp,Sigma,2020-04-27,42,3
PRK360,Infusion Pump,8,0,0,2,1,1,218.99,1,2,561.55,USA,Sigma Spectrum #66,Baxter Healthcare Corp,Sigma,2018-02-14,44,2
PRK330,Defibrillator,11,1,0,3,1,1,555.29,0,2,5828.19,Netherlands,HeartStart XL #860,Koninklijke Philips N.V.,HeartStart,2011-08-27,39,3
PRK341,Physiologic Monitoring System,9,1,0,1,1,1,0.0,0,1,0.0,Japan,Life Scope #160,Nihon Kohden Corp,Nihon Kohden,1999-01-05,,1
PRK300,Ventilator,9,1,0,3,2,1,863.57,0,2,1207.33,USA,Smartvent 7900 #989,Datex-Ohmeda Inc,Smartvent,1997-04-16,24,2
PRK300,Infusion Pump,14,1,0,2,1,1,248.68,0,2,59566.84,USA,Sigma Spectrum #476,Baxter Healthcare Corp,Sigma,2010-12-22,20,3
PRK300,Infusion Pump,11,1,0,2,1,1,1562.67,0,2,2953.96,Ireland,Alaris GP #946,Medtronic,Alaris,2013-07-04,29,3
PRK342,Infusion Pump,14,0,0,2,1,1,0.0,1,2,0.0,Germany,Infusomat Space #521,B. Braun Melsungen AG,Infusomat,2017-01-04,,1
PRK319,Infusion Pump,4,0,0,2,1,1,63.66,0,2,30.16,Germany,Infusomat Space #212,B. Braun Melsungen AG,Infusomat,2014-05-01,17,2
PRK312,Infusion Pump,3,1,0,2,1,1,16.85,0,2,4232.65,Germany,Infusomat Space #494,B. Braun Melsungen AG,Infusomat,2010-08-09,49,2
PRK300,Infusion Pump,22,1,1,2,1,1,18.01,0,2,2401.31,USA,Sigma Spectrum #288,Baxter Healthcare Corp,Sigma,2020-01-18,18,2
PRK300,Infusion Pump,1,0,0,2,1,1,0.0,0,2,0.0,USA,Sigma Spectrum #295,Baxter Healthcare Corp,Sigma,2014-02-26,,1
PRK330,Physiologic Monitoring System,3,0,0,1,1,1,183.09,0,2,37.28,USA,CARESCAPE #126,GE Healthcare,GE,1999-07-12,38,2
PRK340,Infusion Pump,6,0,0,2,1,1,0.0,0,2,0.0,Germany,Infusomat Space #542,B. Braun Melsungen AG,Infusomat,2020-02-09,,1
PRK341,Infusion Pump,19,1,0,2,1,1,10.38,0,2,2525.55,Ireland,Alaris GP #695,Medtronic,Alaris,2013-06-25,11,2
PRK330,Infusion Pump,3,0,0,2,1,1,53.31,0,2,22.75,Germany,Infusomat Space #641,B. Braun Melsungen AG,Infusomat,1998-10-11,25,2
PRK330,Infusion Pump,1,0,0,2,1,1,96.0,0,2,901.64,USA,Sigma Spectrum #5,Baxter Healthcare Corp,Sigma,2014-09-01,39,2
PRK342,Infusion Pump,4,0,0,2,1,1,1.32,0,2,8089.76,Germany,Infusomat Space #120,B. Braun Melsungen AG,Infusomat,2008-08-25,39,3
PRK319,Infusion Pump,5,1,0,2,1,1,0.0,0,2,0.0,Ireland,Alaris GP #678,Medtronic,Alaris,1997-01-23,,1
PRK319,Physiologic Monitoring System,8,1,0,1,1,1,39.88,1,2,0.0,USA,CARESCAPE #540,GE Healthcare,GE,2002-09-23,38,2
PRK358,Infusion Pump,12,1,0,2,1,1,0.0,1,2,0.0,Ireland,Alaris GP #265,Medtronic,Alaris,2021-02-17,,1
PRK342,Defibrillator,15,1,0,3,1,1,0.0,0,2,0.0,USA,Lifepak 20e #576,Physio-Control Inc,Lifepak,2017-01-26,,1
PRK333,Infusion Pump,2,0,0,2,2,1,10.57,0,2,6396.6,USA,Sigma Spectrum #719,Baxter Healthcare Corp,Sigma,2007-03-29,42,2
PRK319,Infusion Pump,1,1,0,2,1,1,0.0,0,2,0.0,Ireland,Alaris GP #251,Medtronic,Alaris,2011-06-25,,1
PRK311,Infusion Pump,8,1,0,2,1,1,1.03,1,2,34.0,USA,Sigma Spectrum #185,Baxter Healthcare Corp,Sigma,1997-01-26,45,2
PRK300,Infusion Pump,3,1,1,2,2,1,54.88,0,2,361.09,USA,Sigma Spectrum #91,Baxter Healthcare Corp,Sigma,2000-03-02,55,2
PRK358,Infusion Pump,5,0,0,2,1,1,0.0,0,2,0.0,Ireland,Alaris GP #932,Medtronic,Alaris,1996-09-02,,1
PRK341,Defibrillator,6,1,0,3,1,1,1.39,0,2,1487.37,Netherlands,HeartStart XL #215,Koninklijke Philips N.V.,HeartStart,2000-12-16,39,3
PRK300,Infusion Pump,5,0,0,2,1,1,0.0,0,2,0.0,Germany,Infusomat Space #111,B. Braun Melsungen AG,Infusomat,2016-12-17,,1
PRK312,Physiologic Monitoring System,1,1,0,1,1,1,82.94,0,2,120.09,Japan,Life Scope #376,Nihon Kohden Corp,Nihon Kohden,2010-09-11,28,2
PRK319,Infusion Pump,9,1,0,2,1,1,26.85,0,2,1984.74,USA,Sigma Spectrum #37,Baxter Healthcare Corp,Sigma,2007-12-02,30,2
PRK319,Infusion Pump,28,1,1,2,1,1,0.0,1,2,0.0,USA,Sigma Spectrum #142,Baxter Healthcare Corp,Sigma,2012-01-15,,1
PRK340,Infusion Pump,7,0,0,2,1,1,0.0,1,2,22281.19,USA,Sigma Spectrum #117,Baxter Healthcare Corp,Sigma,2012-01-03,25,2
PRK326,Infusion Pump,30,0,1,2,2,1,1679.46,0,2,5143.57,USA,Sigma Spectrum #665,Baxter Healthcare Corp,Sigma,1998-05-29,8,3
PRK358,Infusion Pump,1,0,0,2,1,1,66.38,0,2,2195.44,Germany,Infusomat Space #243,B. Braun Melsungen AG,Infusomat,1997-10-06,51,2
PRK342,Sphygmomanometers,4,1,0,1,1,1,94.93,1,2,438.35,Malaysia,MV-BP100 #185,Med-Vantage Sdn Bhd,MedVantage,2008-06-13,25,2
PRK358,Physiologic Monitoring System,25,1,0,1,1,1,146.64,1,2,293.33,USA,CARESCAPE #680,GE Healthcare,GE,2015-05-25,10,2
PRK358,Radiographic System,4,1,0,1,2,1,1.85,0,2,395.04,Netherlands,DigitalDiagnost #540,Koninklijke Philips N.V.,Philips,2013-04-25,10,2
PRK358,Infusion Pump,9,1,0,2,1,1,110.52,1,2,1252.57,Germany,Infusomat Space #439,B. Braun Melsungen AG,Infusomat,2014-11-11,36,2
PRK360,Ventilator,7,0,0,3,1,1,3.84,0,2,6314.58,UK,Blease 8200p #28,Blease Medical Equipment Ltd,Blease,2006-03-29,11,2
PRK319,Physiologic Monitoring System,6,1,0,1,1,1,0.0,0,2,0.0,USA,CARESCAPE #460,GE Healthcare,GE,2011-11-30,,1
PRK319,Physiologic Monitoring System,15,0,2,1,1,1,441.55,0,2,210.06,USA,CARESCAPE #177,GE Healthcare,GE,2015-06-08,19,2
PRK312,Radiographic System,8,0,0,1,1,1,29.09,0,1,11696.17,Japan,Aquilion #591,Canon Inc (Toshiba Medical),Canon,2019-05-06,28,2
PRK341,Physiologic Monitoring System,13,1,0,1,1,1,425.75,0,1,179.18,Netherlands,IntelliVue #95,Koninklijke Philips N.V.,Philips,2014-01-26,13,2
PRK342,Defibrillator,25,1,0,3,2,1,2.75,0,2,94.99,Netherlands,HeartStart XL #675,Koninklijke Philips N.V.,HeartStart,2019-06-09,11,2
PRK310,Physiologic Monitoring System,15,1,0,1,2,1,101.32,0,2,7756.75,Japan,Life Scope #434,Nihon Kohden Corp,Nihon Kohden,2014-04-06,28,2
PRK358,Infusion Pump,3,0,0,2,2,1,104.25,0,2,2108.48,Ireland,Alaris GP #718,Medtronic,Alaris,1998-07-06,25,2
PRK350,Physiologic Monitoring System,30,0,0,1,1,1,0.0,0,2,0.0,Japan,Life Scope #450,Nihon Kohden Corp,Nihon Kohden,2007-04-27,,1
PRK341,Infusion Pump,12,0,0,2,1,1,0.0,0,2,0.0,Germany,Infusomat Space #422,B. Braun Melsungen AG,Infusomat,1998-10-08,,1
PRK330,Defibrillator,6,0,0,3,1,1,0.0,0,2,0.0,Netherlands,HeartStart XL #953,Koninklijke Philips N.V.,HeartStart,2002-11-29,,1
PRK311,Ventilator,3,0,0,3,1,1,0.0,0,2,0.0,USA,Smartvent 7900 #126,Datex-Ohmeda Inc,Smartvent,2009-02-02,,1
PRK333,Infusion Pump,8,1,1,2,1,1,136.69,0,2,824.57,Ireland,Alaris GP #580,Medtronic,Alaris,2014-04-08,12,2
PRK312,Infusion Pump,4,0,0,2,1,1,0.0,0,1,0.0,Ireland,Alaris GP #95,Medtronic,Alaris,2006-09-29,,1
PRK341,Infusion Pump,2,0,0,2,1,1,82.53,0,2,310.32,USA,Sigma Spectrum #122,Baxter Healthcare Corp,Sigma,2005-09-28,28,2
PRK319,Infusion Pump,3,1,0,2,1,1,3597.22,0,2,88.24,Germany,Infusomat Space #258,B. Braun Melsungen AG,Infusomat,2009-07-23,17,2
PRK319,Infusion Pump,2,0,0,2,1,1,22.74,1,2,210.4,Ireland,Alaris GP #119,Medtronic,Alaris,2002-12-27,27,2
PRK330,Physiologic Monitoring System,6,1,0,1,1,1,0.0,0,2,0.0,Netherlands,IntelliVue #171,Koninklijke Philips N.V.,Philips,2009-10-06,,1
PRK341,Physiologic Monitoring System,7,0,0,1,1,1,2403.51,0,1,9.06,Japan,Life Scope #799,Nihon Kohden Corp,Nihon Kohden,2016-07-04,33,3
PRK320,Ventilator,10,1,0,3,1,1,0.0,1,2,0.0,USA,Carestation 650 #386,Datex-Ohmeda Inc,Carestation,2018-09-18,,1
PRK360,Infusion Pump,11,1,0,2,1,1,485.92,0,2,1228.39,Ireland,Alaris GP #737,Medtronic,Alaris,2013-06-16,10,2
PRK300,Infusion Pump,5,0,0,2,1,1,3.14,1,2,20152.72,USA,Sigma Spectrum #990,Baxter Healthcare Corp,Sigma,2003-12-24,42,3
PRK358,Infusion Pump,6,0,0,2,1,1,0.69,0,2,32.08,Ireland,Alaris GP #221,Medtronic,Alaris,2014-02-27,17,2
PRK300,Defibrillator,9,1,0,3,2,1,12.18,0,2,64.58,Netherlands,HeartStart XL #301,Koninklijke Philips N.V.,HeartStart,2019-06-18,42,3
PRK319,Infusion Pump,3,0,0,2,1,1,42.07,0,2,5713.21,Germany,Infusomat Space #241,B. Braun Melsungen AG,Infusomat,2009-05-27,43,2
PRK360,Infusion Pump,13,1,0,2,1,1,22.55,0,2,0.0,Ireland,Alaris GP #942,Medtronic,Alaris,2004-07-15,10,2
PRK342,Infusion Pump,6,1,2,2,1,1,0.0,1,2,0.0,Ireland,Alaris GP #1,Medtronic,Alaris,2004-03-08,,1
PRK341,Ventilator,14,1,0,3,1,1,1.98,0,2,377.74,UK,Blease 8200p #645,Blease Medical Equipment Ltd,Blease,2008-11-14,24,3
PRK342,Infusion Pump,8,1,2,2,1,1,85.5,0,2,22487.52,USA,Sigma Spectrum #222,Baxter Healthcare Corp,Sigma,2018-03-20,19,3
PRK330,Physiologic Monitoring System,6,0,0,1,1,1,35.79,0,2,587.93,USA,CARESCAPE #51,GE Healthcare,GE,2012-04-30,12,2
PRK350,Physiologic Monitoring System,17,1,0,1,1,1,1.09,1,2,0.0,Netherlands,IntelliVue #516,Koninklijke Philips N.V.,Philips,2018-10-17,30,2
PRK311,Physiologic Monitoring System,2,1,0,1,1,1,32.74,0,2,1099.26,USA,CARESCAPE #753,GE Healthcare,GE,2017-12-16,49,2
PRK350,Infusion Pump,10,1,0,2,1,1,0.0,0,2,0.0,Ireland,Alaris GP #897,Medtronic,Alaris,2015-11-07,,1
PRK358,Infusion Pump,22,1,1,2,2,1,384.22,1,2,0.0,USA,Sigma Spectrum #716,Baxter Healthcare Corp,Sigma,2009-03-11,6,2
PRK358,Infusion Pump,9,1,0,2,1,1,21.66,0,2,52.82,Ireland,Alaris GP #10,Medtronic,Alaris,2018-04-22,18,3
PRK342,Infusion Pump,7,1,0,2,1,1,0.0,0,2,0.0,Ireland,Alaris GP #703,Medtronic,Alaris,2002-04-17,,1
PRK341,Physiologic Monitoring System,15,1,0,1,1,1,267.83,0,2,3248.61,Netherlands,IntelliVue #85,Koninklijke Philips N.V.,Philips,2019-01-08,11,2
PRK333,Infusion Pump,5,1,0,2,1,1,0.0,0,2,0.0,Ireland,Alaris GP #138,Medtronic,Alaris,2014-11-25,,1
PRK326,Infusion Pump,6,1,0,2,1,1,191.14,1,2,366.67,USA,Sigma Spectrum #101,Baxter Healthcare Corp,Sigma,2012-03-14,25,2
PRK358,Infusion Pump,3,0,0,2,1,1,443.73,0,2,955.9,USA,Sigma Spectrum #21,Baxter Healthcare Corp,Sigma,2019-05-08,22,2
PRK341,Physiologic Monitoring System,5,1,0,1,1,1,405.4,1,2,27.38,USA,CARESCAPE #925,GE Healthcare,GE,2016-01-02,23,2
PRK330,Infusion Pump,12,1,0,2,2,1,106.31,0,2,2265.02,Germany,Infusomat Space #824,B. Braun Melsungen AG,Infusomat,2011-01-18,24,2
PRK350,Physiologic Monitoring System,6,0,0,1,1,1,46.39,0,2,56.59,Japan,Life Scope #824,Nihon Kohden Corp,Nihon Kohden,2013-10-29,16,3
PRK300,Infusion Pump,3,1,0,2,1,1,4.79,0,2,13.54,USA,Sigma Spectrum #745,Baxter Healthcare Corp,Sigma,2002-01-12,51,2
PRK350,Sphygmomanometers,18,1,0,1,1,1,473.94,0,2,760.05,Malaysia,MV-BP100 #500,Med-Vantage Sdn Bhd,MedVantage,2000-03-01,30,2
PRK350,Physiologic Monitoring System,16,1,0,1,1,1,4.01,0,2,2669.27,Netherlands,IntelliVue #582,Koninklijke Philips N.V.,Philips,2017-02-25,27,2
PRK319,Infusion Pump,4,1,0,2,1,1,41.39,0,2,5242.35,Ireland,Alaris GP #621,Medtronic,Alaris,2007-05-17,16,2
PRK300,Infusion Pump,16,0,0,2,1,1,392.74,0,2,1918.06,USA,Sigma Spectrum #761,Baxter Healthcare Corp,Sigma,2006-07-13,25,2
PRK342,Infusion Pump,12,1,0,2,1,1,9.19,1,2,0.0,Ireland,Alaris GP #71,Medtronic,Alaris,2017-07-28,35,2
PRK312,Infusion Pump,9,1,0,2,1,1,0.0,0,2,0.0,Germany,Infusomat Space #576,B. Braun Melsungen AG,Infusomat,2017-03-12,,1
PRK360,Infusion Pump,23,1,2,2,1,1,3.23,0,1,768.81,USA,Sigma Spectrum #295,Baxter Healthcare Corp,Sigma,2000-03-03,6,2
PRK300,Defibrillator,10,1,0,3,1,1,0.0,0,2,0.0,Netherlands,HeartStart XL #592,Koninklijke Philips N.V.,HeartStart,2019-06-04,,1
PRK319,Physiologic Monitoring System,4,0,0,1,1,1,9.14,0,2,6149.92,USA,CARESCAPE #215,GE Healthcare,GE,1998-08-21,44,2
PRK300,Infusion Pump,6,1,0,2,1,1,13.37,0,2,1294.82,Ireland,Alaris GP #960,Medtronic,Alaris,2000-08-02,23,3
PRK350,Physiologic Monitoring System,2,0,0,1,1,1,0.0,1,2,71174.85,USA,CARESCAPE #30,GE Healthcare,GE,2015-02-23,48,2
PRK341,Infusion Pump,12,1,0,2,1,1,181.05,0,2,23351.81,Ireland,Alaris GP #146,Medtronic,Alaris,2001-12-31,22,3
PRK358,Sphygmomanometers,23,1,0,1,1,1,19.62,0,2,0.0,Japan,HEM-907 #886,Omron Healthcare Co Ltd,Omron,1996-09-13,17,3
PRK360,Infusion Pump,10,0,0,2,1,1,90.46,0,2,40.11,USA,Sigma Spectrum #299,Baxter Healthcare Corp,Sigma,2016-09-24,12,2
PRK341,Physiologic Monitoring System,9,1,0,1,1,1,24.15,0,2,211.06,USA,CARESCAPE #519,GE Healthcare,GE,2011-12-02,22,3
PRK319,Ventilator,14,1,0,3,1,1,0.0,0,2,0.0,Germany,Evita V500 #113,Drager Medical AG & Co KGaA,Evita,2015-07-12,,1
PRK310,Infusion Pump,13,0,0,2,1,1,6.91,0,2,721.54,USA,Sigma Spectrum #657,Baxter Healthcare Corp,Sigma,1996-12-29,50,2
PRK358,Infusion Pump,18,1,0,2,1,1,21.64,0,2,6369.58,Germany,Infusomat Space #233,B. Braun Melsungen AG,Infusomat,2011-02-11,10,3
PRK319,Infusion Pump,8,1,0,2,1,1,1.59,0,2,703.62,Ireland,Alaris GP #748,Medtronic,Alaris,2003-03-07,35,2
PRK358,Defibrillator,11,0,1,3,1,1,0.0,1,2,2001.24,USA,Lifepak 20e #843,Physio-Control Inc,Lifepak,2017-12-25,20,2
PRK358,Infusion Pump,7,1,0,2,1,1,481.6,0,2,3928.26,USA,Sigma Spectrum #405,Baxter Healthcare Corp,Sigma,2008-02-18,12,2
PRK341,Physiologic Monitoring System,2,0,2,1,1,1,4550.62,0,2,20663.56,USA,CARESCAPE #717,GE Healthcare,GE,2002-09-19,44,2
PRK341,Ventilator,3,1,0,3,1,1,0.0,0,2,0.0,Germany,Evita V500 #396,Drager Medical AG & Co KGaA,Evita,2011-10-31,,1
PRK360,Ventilator,4,0,0,3,1,1,96.57,0,2,403.03,USA,Carestation 650 #570,Datex-Ohmeda Inc,Carestation,1995-07-12,34,2
PRK342,Infusion Pump,2,1,0,2,1,1,1.08,0,2,178.97,Germany,Infusomat Space #33,B. Braun Melsungen AG,Infusomat,2004-08-26,11,2
PRK342,Infusion Pump,9,1,0,2,1,1,360.79,0,2,26526.33,Ireland,Alaris GP #212,Medtronic,Alaris,2011-09-23,35,3
PRK330,Physiologic Monitoring System,15,1,0,1,1,1,631.81,0,2,170.72,Netherlands,IntelliVue #498,Koninklijke Philips N.V.,Philips,1997-12-08,9,2
PRK333,Infusion Pump,5,0,0,2,1,1,7.2,0,2,47082.71,Germany,Infusomat Space #480,B. Braun Melsungen AG,Infusomat,2012-03-28,11,2
PRK326,Defibrillator,1,0,0,3,1,1,0.0,0,2,311.36,Netherlands,HeartStart XL #281,Koninklijke Philips N.V.,HeartStart,2000-06-24,11,2
PRK360,Infusion Pump,4,0,0,2,1,1,73.65,1,2,97.25,Germany,Infusomat Space #558,B. Braun Melsungen AG,Infusomat,2008-06-30,31,3
PRK341,Infusion Pump,6,1,0,2,1,1,49.33,1,2,1778.52,USA,Sigma Spectrum #247,Baxter Healthcare Corp,Sigma,2010-11-17,8,2
PRK350,Ventilator,14,1,0,3,1,1,150.66,1,2,0.0,Germany,Evita V500 #129,Drager Medical AG & Co KGaA,Evita,2015-11-02,31,2
PRK300,Infusion Pump,8,1,0,2,1,1,129.78,0,2,14.66,USA,Sigma Spectrum #884,Baxter Healthcare Corp,Sigma,2009-06-19,30,3
PRK358,Infusion Pump,8,1,0,2,1,1,9.34,1,2,3312.0,Germany,Infusomat Space #75,B. Braun Melsungen AG,Infusomat,2021-03-28,37,2
PRK330,Infusion Pump,11,1,0,2,1,1,0.0,0,2,0.0,Ireland,Alaris GP #199,Medtronic,Alaris,2011-04-21,,1
PRK342,Infusion Pump,16,0,1,2,1,1,4.05,0,2,43129.83,Germany,Infusomat Space #182,B. Braun Melsungen AG,Infusomat,1999-08-19,8,3
PRK300,Ventilator,22,1,0,3,1,1,134.47,1,2,25.38,USA,Carestation 650 #932,Datex-Ohmeda Inc,Carestation,2010-08-31,19,2
PRK358,Infusion Pump,5,1,0,2,1,1,95.08,1,2,0.0,Germany,Infusomat Space #791,B. Braun Melsungen AG,Infusomat,2010-06-12,17,2
PRK341,Infusion Pump,8,1,0,2,2,1,14.44,0,2,2315.65,USA,Sigma Spectrum #815,Baxter Healthcare Corp,Sigma,2014-02-18,25,2
PRK330,Infusion Pump,5,0,0,2,1,1,528.28,1,2,6095.91,Germany,Infusomat Space #567,B. Braun Melsungen AG,Infusomat,2015-06-08,28,2
PRK319,Sphygmomanometers,11,1,1,1,1,1,1.85,0,2,24.49,Japan,HEM-907 #816,Omron Healthcare Co Ltd,Omron,2006-04-04,36,3
PRK319,Infusion Pump,1,0,0,2,1,1,90.66,0,2,2210.99,Germany,Infusomat Space #650,B. Braun Melsungen AG,Infusomat,2018-05-17,23,2
PRK319,Sphygmomanometers,27,1,0,1,1,1,79.32,0,2,56.79,USA,DS66 #769,Welch Allyn Inc,Welch Allyn,2005-02-09,4,2
PRK311,Defibrillator,12,0,0,3,1,1,961.25,0,2,1183.72,USA,Lifepak 20e #106,Physio-Control Inc,Lifepak,2012-11-22,17,2
PRK330,Infusion Pump,10,1,0,2,1,1,182.18,1,2,7.73,Germany,Infusomat Space #255,B. Braun Melsungen AG,Infusomat,2009-11-18,15,2
PRK330,Ventilator,4,1,1,3,1,1,1.02,0,2,2219.78,USA,Smartvent 7900 #314,Datex-Ohmeda Inc,Smartvent,2005-08-11,16,2
PRK330,Physiologic Monitoring System,6,0,0,1,1,1,0.0,0,2,0.0,Netherlands,IntelliVue #662,Koninklijke Philips N.V.,Philips,2014-03-26,,1
PRK342,Infusion Pump,2,0,0,2,1,1,1017.84,1,2,346.23,Germany,Infusomat Space #237,B. Braun Melsungen AG,Infusomat,2003-07-26,17,2
PRK330,Infusion Pump,4,0,0,2,1,1,41.4,1,2,822.86,Ireland,Alaris GP #93,Medtronic,Alaris,2004-07-24,19,2
PRK310,Ventilator,16,1,0,3,1,1,0.0,1,2,0.0,Germany,Evita V500 #785,Drager Medical AG & Co KGaA,Evita,2014-06-08,,1
PRK358,Ventilator,2,1,0,3,1,1,49.87,1,2,1453.54,Germany,Evita V500 #371,Drager Medical AG & Co KGaA,Evita,2003-05-08,32,2
PRK330,Physiologic Monitoring System,30,1,2,1,1,1,1119.3,1,2,16.82,USA,CARESCAPE #142,GE Healthcare,GE,2014-06-07,5,3
PRK341,Radiographic System,18,1,0,1,1,1,11.87,0,2,40.16,Germany,Somatom #913,Siemens Healthineers,Siemens,2017-09-27,14,2
PRK358,Infusion Pump,10,1,0,2,1,1,8.28,0,2,262.41,Ireland,Alaris GP #268,Medtronic,Alaris,2011-11-22,34,2
PRK342,Ventilator,4,0,1,3,1,1,36.24,1,2,865.01,Germany,Evita V500 #675,Drager Medical AG & Co KGaA,Evita,2007-09-11,19,2
PRK340,Defibrillator,13,1,0,3,2,1,16.97,0,2,223.57,USA,Lifepak 20e #694,Physio-Control Inc,Lifepak,2017-04-19,11,3
PRK340,Infusion Pump,12,1,0,2,1,1,205.83,0,2,831.54,Germany,Infusomat Space #825,B. Braun Melsungen AG,Infusomat,2014-02-01,32,2
PRK358,Infusion Pump,5,1,0,2,1,1,28.96,0,2,6774.44,USA,Sigma Spectrum #654,Baxter Healthcare Corp,Sigma,2015-04-24,16,2
PRK358,Infusion Pump,11,1,1,2,3,1,102.83,0,2,289.76,Ireland,Alaris GP #548,Medtronic,Alaris,1996-05-31,17,2
PRK312,Defibrillator,6,1,1,3,1,1,1025.45,0,2,52.61,USA,Lifepak 20e #873,Physio-Control Inc,Lifepak,2014-08-20,16,3
PRK341,Infusion Pump,1,0,0,2,1,1,9.91,1,2,2092.32,Ireland,Alaris GP #33,Medtronic,Alaris,2004-11-28,23,2
PRK358,Physiologic Monitoring System,3,1,0,1,1,1,353.0,0,2,0.0,USA,CARESCAPE #845,GE Healthcare,GE,2015-07-30,3,2
PRK350,Infusion Pump,18,1,0,2,1,1,278.48,0,2,1286.6,Germany,Infusomat Space #907,B. Braun Melsungen AG,Infusomat,2010-04-08,7,3
PRK311,Infusion Pump,5,0,0,2,1,1,0.0,0,1,0.0,USA,Sigma Spectrum #839,Baxter Healthcare Corp,Sigma,2010-04-06,,1
PRK330,Physiologic Monitoring System,4,0,0,1,1,1,650.79,0,2,444.84,Netherlands,IntelliVue #692,Koninklijke Philips N.V.,Philips,2007-01-29,8,2
PRK333,Infusion Pump,9,1,0,2,2,1,5.97,0,2,220.19,Germany,Infusomat Space #753,B. Braun Melsungen AG,Infusomat,2014-08-08,24,2
PRK319,Defibrillator,1,0,0,3,1,1,3.97,0,2,1294.44,USA,Lifepak 20e #838,Physio-Control Inc,Lifepak,2013-09-19,45,2
PRK342,Infusion Pump,8,0,0,2,1,1,12.03,0,2,5.21,USA,Sigma Spectrum #150,Baxter Healthcare Corp,Sigma,2012-05-31,19,2
PRK333,Defibrillator,9,1,0,3,1,1,0.0,0,2,0.0,USA,Lifepak 20e #654,Physio-Control Inc,Lifepak,2007-04-07,,1
PRK319,Infusion Pump,13,1,0,2,1,1,29.28,0,2,444.48,Ireland,Alaris GP #544,Medtronic,Alaris,2014-08-18,34,2
PRK320,Radiographic System,3,1,0,1,1,1,7.43,0,2,5272.12,Japan,Aquilion #755,Canon Inc (Toshiba Medical),Canon,2008-04-06,26,2
PRK358,Physiologic Monitoring System,5,1,0,1,1,1,0.0,0,2,0.0,USA,CARESCAPE #116,GE Healthcare,GE,2012-02-24,,1
PRK358,Infusion Pump,9,1,0,2,1,1,0.0,0,2,47.31,Germany,Infusomat Space #99,B. Braun Melsungen AG,Infusomat,2014-02-16,43,2
PRK350,Infusion Pump,3,0,0,2,1,1,0.0,0,2,0.0,USA,Sigma Spectrum #498,Baxter Healthcare Corp,Sigma,2012-11-29,,1
PRK358,Infusion Pump,10,1,1,2,1,1,185.14,0,2,13294.64,Germany,Infusomat Space #79,B. Braun Melsungen AG,Infusomat,2015-11-16,15,3
PRK360,Physiologic Monitoring System,9,0,0,1,1,1,0.0,1,2,0.0,USA,CARESCAPE #783,GE Healthcare,GE,2000-04-25,,1
PRK333,Ventilator,1,0,0,3,1,1,25.0,0,2,390.52,USA,Smartvent 7900 #258,Datex-Ohmeda Inc,Smartvent,1997-08-29,45,2
PRK310,Infusion Pump,16,1,0,2,1,1,18.06,0,2,109.92,Germany,Infusomat Space #510,B. Braun Melsungen AG,Infusomat,2013-02-22,11,2
PRK350,Infusion Pump,3,1,0,2,1,1,230.48,0,2,727.07,Ireland,Alaris GP #60,Medtronic,Alaris,2000-06-13,10,2
PRK341,Physiologic Monitoring System,8,1,0,1,1,1,522.5,0,2,72.31,Netherlands,IntelliVue #345,Koninklijke Philips N.V.,Philips,2017-07-16,4,2
PRK326,Infusion Pump,27,0,0,2,1,1,0.0,0,1,0.0,Ireland,Alaris GP #677,Medtronic,Alaris,2010-04-17,,1
PRK360,Physiologic Monitoring System,4,0,0,1,1,1,61.98,0,2,0.0,Netherlands,IntelliVue #998,Koninklijke Philips N.V.,Philips,2018-09-17,34,2
PRK320,Infusion Pump,11,1,0,2,1,1,37.43,0,2,89.68,USA,Sigma Spectrum #653,Baxter Healthcare Corp,Sigma,2019-11-27,24,2
PRK358,Physiologic Monitoring System,30,1,0,1,1,1,18.0,0,2,3085.24,USA,CARESCAPE #309,GE Healthcare,GE,2006-02-09,8,3
PRK341,Radiographic System,12,1,0,1,1,1,26.86,0,2,575.26,Netherlands,DigitalDiagnost #587,Koninklijke Philips N.V.,Philips,2007-10-03,7,2
PRK300,Infusion Pump,18,1,0,2,1,1,47.22,0,1,6300.14,Ireland,Alaris GP #184,Medtronic,Alaris,2015-01-25,4,3
PRK358,Infusion Pump,3,0,0,2,1,1,179.71,1,2,54.97,Ireland,Alaris GP #470,Medtronic,Alaris,2002-10-25,55,2
PRK342,Infusion Pump,22,1,1,2,1,1,246.74,1,2,4152.14,Ireland,Alaris GP #509,Medtronic,Alaris,2018-08-22,15,2
PRK341,Physiologic Monitoring System,1,0,0,1,1,1,0.0,0,2,0.0,Netherlands,IntelliVue #120,Koninklijke Philips N.V.,Philips,2012-12-11,,1
PRK341,Infusion Pump,12,0,1,2,1,1,0.0,0,2,0.0,USA,Sigma Spectrum #452,Baxter Healthcare Corp,Sigma,2012-07-18,,1
PRK319,Sphygmomanometers,8,1,0,1,1,1,15.01,0,2,0.0,Malaysia,MV-BP100 #759,Med-Vantage Sdn Bhd,MedVantage,2012-01-24,47,2
PRK319,Physiologic Monitoring System,6,0,0,1,1,1,34.39,0,2,136.04,USA,CARESCAPE #342,GE Healthcare,GE,2006-01-30,28,2
PRK300,Infusion Pump,5,0,0,2,1,1,68.97,0,2,1642.32,Ireland,Alaris GP #87,Medtronic,Alaris,2009-01-17,36,2
PRK311,Ventilator,13,1,0,3,1,1,307.06,0,2,74.05,Germany,Evita V500 #272,Drager Medical AG & Co KGaA,Evita,2011-11-09,20,2
PRK320,Infusion Pump,4,0,2,2,1,1,42.43,0,2,38.99,Ireland,Alaris GP #762,Medtronic,Alaris,2015-06-05,50,2
PRK340,Ventilator,6,1,0,3,2,1,121.47,1,2,262.47,UK,Blease 8200p #993,Blease Medical Equipment Ltd,Blease,2008-11-27,3,3
PRK311,Infusion Pump,12,1,0,2,1,1,0.0,0,2,0.0,Germany,Infusomat Space #876,B. Braun Melsungen AG,Infusomat,2001-03-27,,1
PRK340,Physiologic Monitoring System,17,1,1,1,1,1,0.0,0,2,0.0,USA,CARESCAPE #365,GE Healthcare,GE,2007-01-29,,1
PRK319,Sphygmomanometers,7,1,0,1,1,1,0.0,1,2,0.0,USA,DS66 #533,Welch Allyn Inc,Welch Allyn,2010-10-22,,1
PRK319,Ventilator,23,1,0,3,1,1,22158.13,0,2,2557.28,Germany,Evita V500 #553,Drager Medical AG & Co KGaA,Evita,2002-01-16,53,2
PRK360,Defibrillator,9,1,0,3,1,1,13.26,0,2,70.86,Netherlands,HeartStart XL #686,Koninklijke Philips N.V.,HeartStart,2005-12-13,27,2
PRK360,Infusion Pump,9,1,0,2,2,1,71.94,0,2,40710.74,USA,Sigma Spectrum #87,Baxter Healthcare Corp,Sigma,2017-09-18,38,2
PRK350,Ventilator,30,1,0,3,1,1,113.82,1,2,30384.91,Germany,Evita V500 #489,Drager Medical AG & Co KGaA,Evita,2016-04-17,23,2
PRK300,Physiologic Monitoring System,11,1,0,1,1,1,57.86,0,2,224.07,USA,CARESCAPE #465,GE Healthcare,GE,2014-06-11,23,2
PRK342,Physiologic Monitoring System,29,1,0,1,1,1,0.0,0,2,0.0,Netherlands,IntelliVue #223,Koninklijke Philips N.V.,Philips,2011-06-23,,1
PRK312,Infusion Pump,30,1,0,2,1,1,148.48,1,2,503.94,USA,Sigma Spectrum #502,Baxter Healthcare Corp,Sigma,2018-01-24,10,2
PRK340,Infusion Pump,3,0,0,2,1,1,10.6,0,2,193.81,Germany,Infusomat Space #55,B. Braun Melsungen AG,Infusomat,2011-04-18,11,2
PRK358,Physiologic Monitoring System,4,0,0,1,1,1,108.22,0,2,5309.17,USA,CARESCAPE #351,GE Healthcare,GE,2006-09-22,42,2
PRK326,Infusion Pump,2,0,0,2,1,1,0.0,0,2,0.0,Germany,Infusomat Space #686,B. Braun Melsungen AG,Infusomat,2016-06-09,,1
PRK358,Physiologic Monitoring System,13,1,2,1,1,1,328.0,0,1,273.36,Netherlands,IntelliVue #38,Koninklijke Philips N.V.,Philips,2008-11-25,6,2
PRK342,Ventilator,14,1,2,3,1,1,2.18,0,2,2070.9,Germany,Evita V500 #119,Drager Medical AG & Co KGaA,Evita,2004-01-26,24,2
PRK319,Defibrillator,5,1,2,3,1,1,0.0,0,2,0.0,Netherlands,HeartStart XL #528,Koninklijke Philips N.V.,HeartStart,2014-03-31,,1
PRK310,Infusion Pump,1,1,0,2,1,1,7.29,0,2,14604.61,Ireland,Alaris GP #525,Medtronic,Alaris,2018-04-07,33,2
PRK350,Sphygmomanometers,11,0,0,1,1,1,0.0,0,1,0.0,Japan,HEM-907 #44,Omron Healthcare Co Ltd,Omron,2006-10-22,,1
PRK330,Infusion Pump,2,0,0,2,1,1,247.67,1,2,104.59,USA,Sigma Spectrum #212,Baxter Healthcare Corp,Sigma,2012-02-18,32,2
PRK300,Infusion Pump,7,1,0,2,1,1,0.0,1,1,0.0,Germany,Infusomat Space #221,B. Braun Melsungen AG,Infusomat,2016-03-08,,1
PRK310,Ventilator,14,1,2,3,1,1,5.83,0,2,17022.88,UK,Blease 8200p #34,Blease Medical Equipment Ltd,Blease,2018-03-17,29,2
PRK360,Infusion Pump,9,1,0,2,1,1,292.05,1,2,1603.62,Ireland,Alaris GP #938,Medtronic,Alaris,2011-10-19,10,2
PRK319,Infusion Pump,17,1,0,2,1,1,0.0,0,2,0.0,USA,Sigma Spectrum #810,Baxter Healthcare Corp,Sigma,2015-08-29,,1
PRK360,Infusion Pump,6,0,0,2,1,1,163.76,0,1,2700.45,USA,Sigma Spectrum #344,Baxter Healthcare Corp,Sigma,2009-04-20,6,3
PRK342,Infusion Pump,4,0,0,2,1,1,52.91,0,2,30426.06,Germany,Infusomat Space #433,B. Braun Melsungen AG,Infusomat,2005-07-17,29,2
PRK319,Ventilator,4,1,0,3,1,1,72.84,0,2,509.82,USA,Carestation 650 #420,Datex-Ohmeda Inc,Carestation,2016-04-13,35,3
PRK326,Infusion Pump,14,1,0,2,1,1,323.68,0,2,95.43,USA,Sigma Spectrum #20,Baxter Healthcare Corp,Sigma,2015-12-01,30,2
PRK342,Infusion Pump,8,0,0,2,2,1,0.0,0,2,0.0,USA,Sigma Spectrum #525,Baxter Healthcare Corp,Sigma,2019-12-10,,1
PRK330,Physiologic Monitoring System,4,0,0,1,1,1,24.63,0,2,30.28,USA,CARESCAPE #274,GE Healthcare,GE,2015-05-14,2,3
PRK300,Infusion Pump,11,1,0,2,1,1,0.0,0,2,0.0,Germany,Infusomat Space #875,B. Braun Melsungen AG,Infusomat,2014-11-11,,1
PRK319,Physiologic Monitoring System,1,1,0,1,1,1,89.04,0,2,832.58,USA,CARESCAPE #560,GE Healthcare,GE,2013-03-21,42,2
PRK358,Sphygmomanometers,8,1,0,1,1,1,5.19,0,2,162.43,Malaysia,MV-BP100 #259,Med-Vantage Sdn Bhd,MedVantage,2012-04-11,41,2
PRK342,Physiologic Monitoring System,10,1,0,1,1,1,0.0,0,2,0.0,Netherlands,IntelliVue #634,Koninklijke Philips N.V.,Philips,2012-02-12,,1
PRK333,Defibrillator,11,1,0,3,1,1,20.85,0,2,447.34,Netherlands,HeartStart XL #952,Koninklijke Philips N.V.,HeartStart,2016-11-27,42,2
PRK319,Infusion Pump,23,1,0,2,1,1,137.1,0,2,85.74,Ireland,Alaris GP #885,Medtronic,Alaris,2015-04-20,4,3
PRK333,Ventilator,6,0,0,3,1,1,14.39,0,2,32.7,USA,Carestation 650 #744,Datex-Ohmeda Inc,Carestation,2017-02-01,39,2
PRK350,Infusion Pump,10,1,0,2,2,1,233.69,1,2,1739.09,Ireland,Alaris GP #530,Medtronic,Alaris,1999-10-09,15,2
PRK300,Infusion Pump,11,1,1,2,1,1,462.83,1,2,104.14,Ireland,Alaris GP #126,Medtronic,Alaris,2004-06-15,13,3
PRK360,Physiologic Monitoring System,8,1,0,1,1,1,215.05,0,2,189.93,Netherlands,IntelliVue #301,Koninklijke Philips N.V.,Philips,2010-02-28,39,3
PRK358,Infusion Pump,3,1,2,2,1,1,11.15,0,2,94.64,USA,Sigma Spectrum #753,Baxter Healthcare Corp,Sigma,2010-04-29,11,2
PRK319,Defibrillator,15,1,0,3,1,1,755.54,0,2,100.69,Netherlands,HeartStart XL #255,Koninklijke Philips N.V.,HeartStart,2006-06-13,8,2
PRK358,Physiologic Monitoring System,1,1,0,1,1,1,189.48,0,2,446.98,USA,CARESCAPE #724,GE Healthcare,GE,2012-03-22,49,2
PRK342,Sphygmomanometers,3,1,0,1,1,1,17.4,0,2,0.0,Japan,HEM-907 #770,Omron Healthcare Co Ltd,Omron,2006-07-20,56,2
PRK341,Infusion Pump,6,0,0,2,1,1,0.0,0,2,0.0,Ireland,Alaris GP #623,Medtronic,Alaris,2006-06-16,,1
PRK311,Infusion Pump,3,0,0,2,1,1,0.0,0,2,0.0,USA,Sigma Spectrum #373,Baxter Healthcare Corp,Sigma,1999-04-18,,1
PRK358,Physiologic Monitoring System,8,1,0,1,2,1,0.0,0,2,0.0,USA,CARESCAPE #397,GE Healthcare,GE,2014-12-04,,1
PRK330,Infusion Pump,18,1,0,2,1,1,0.0,0,2,0.0,USA,Sigma Spectrum #770,Baxter Healthcare Corp,Sigma,2016-04-30,,1
PRK350,Infusion Pump,29,1,2,2,1,1,0.0,0,2,0.0,Germany,Infusomat Space #793,B. Braun Melsungen AG,Infusomat,2018-03-02,,1
PRK319,Physiologic Monitoring System,8,1,0,1,1,1,0.0,0,2,0.0,USA,CARESCAPE #74,GE Healthcare,GE,2017-09-26,,1
PRK319,Sphygmomanometers,11,1,1,1,1,1,0.0,0,2,0.0,USA,DS66 #859,Welch Allyn Inc,Welch Allyn,2008-05-03,,1
PRK360,Physiologic Monitoring System,8,1,0,1,2,1,203.29,1,2,2047.82,Netherlands,IntelliVue #639,Koninklijke Philips N.V.,Philips,2011-03-14,6,2
PRK333,Infusion Pump,7,1,0,2,1,1,74.24,0,2,11266.99,Ireland,Alaris GP #71,Medtronic,Alaris,2009-09-26,44,2
PRK300,Infusion Pump,7,0,0,2,1,1,14.79,0,2,6974.63,USA,Sigma Spectrum #110,Baxter Healthcare Corp,Sigma,1994-09-18,12,3
PRK358,Physiologic Monitoring System,26,1,0,1,1,1,279.86,0,2,4790.13,USA,CARESCAPE #372,GE Healthcare,GE,2014-04-10,14,2
PRK319,Infusion Pump,1,1,0,2,1,1,40.15,0,2,10.76,Germany,Infusomat Space #816,B. Braun Melsungen AG,Infusomat,2009-03-06,17,2
PRK358,Infusion Pump,16,1,0,2,1,1,0.0,1,2,0.0,Ireland,Alaris GP #537,Medtronic,Alaris,2003-08-07,,1
PRK358,Infusion Pump,4,1,0,2,1,1,0.0,0,1,0.0,Germany,Infusomat Space #556,B. Braun Melsungen AG,Infusomat,2015-02-18,,1
PRK300,Infusion Pump,7,1,0,2,1,1,477.36,0,2,0.0,Germany,Infusomat Space #979,B. Braun Melsungen AG,Infusomat,2010-11-09,20,3
PRK341,Infusion Pump,3,1,0,2,1,1,19.24,0,2,279.79,USA,Sigma Spectrum #46,Baxter Healthcare Corp,Sigma,2008-02-21,14,2
PRK360,Infusion Pump,2,0,0,2,1,1,973.16,0,2,109.09,Germany,Infusomat Space #493,B. Braun Melsungen AG,Infusomat,2005-05-21,6,2
PRK358,Physiologic Monitoring System,17,1,1,1,1,1,62.8,0,2,1290.07,Japan,Life Scope #134,Nihon Kohden Corp,Nihon Kohden,2008-08-06,10,3
PRK333,Infusion Pump,5,1,0,2,2,1,68.67,1,2,2677.01,Ireland,Alaris GP #324,Medtronic,Alaris,2004-04-14,13,2
PRK342,Physiologic Monitoring System,8,1,0,1,1,1,67.13,0,2,1887.18,Japan,Life Scope #58,Nihon Kohden Corp,Nihon Kohden,2015-09-16,40,3
PRK341,Infusion Pump,12,0,1,2,1,1,20.16,1,2,658.35,Ireland,Alaris GP #97,Medtronic,Alaris,2007-08-01,27,2
PRK319,Defibrillator,23,1,0,3,1,1,5.58,0,2,9941.09,Netherlands,HeartStart XL #905,Koninklijke Philips N.V.,HeartStart,1996-02-02,14,2
PRK341,Infusion Pump,2,1,0,2,1,1,1845.83,0,2,293.38,Germany,Infusomat Space #608,B. Braun Melsungen AG,Infusomat,2009-10-11,55,2
PRK320,Infusion Pump,24,0,2,2,2,1,0.0,1,2,0.0,USA,Sigma Spectrum #935,Baxter Healthcare Corp,Sigma,2011-03-13,,1
PRK320,Infusion Pump,10,1,0,2,1,1,0.0,0,2,0.0,USA,Sigma Spectrum #803,Baxter Healthcare Corp,Sigma,2011-04-22,,1
PRK330,Infusion Pump,9,1,0,2,3,1,1227.62,1,2,233.8,Germany,Infusomat Space #383,B. Braun Melsungen AG,Infusomat,2009-09-01,24,2
PRK358,Infusion Pump,6,1,0,2,1,1,15.11,0,2,2772.71,USA,Sigma Spectrum #989,Baxter Healthcare Corp,Sigma,2013-11-21,23,3
PRK319,Ventilator,5,1,0,3,1,1,166.29,0,2,5429.78,UK,Blease 8200p #61,Blease Medical Equipment Ltd,Blease,2018-12-06,53,2
PRK319,Defibrillator,1,1,0,3,1,1,189.2,0,2,111.61,USA,Lifepak 20e #641,Physio-Control Inc,Lifepak,2017-03-09,37,2
PRK300,Infusion Pump,19,1,0,2,1,1,189.94,0,2,4.6,Ireland,Alaris GP #22,Medtronic,Alaris,2017-02-04,19,3
PRK311,Infusion Pump,2,0,0,2,1,1,17.54,1,2,59585.18,USA,Sigma Spectrum #612,Baxter Healthcare Corp,Sigma,2019-11-07,23,2
PRK360,Physiologic Monitoring System,5,0,2,1,2,1,27.18,0,2,1018.08,Japan,Life Scope #686,Nihon Kohden Corp,Nihon Kohden,2009-02-25,17,2
PRK330,Physiologic Monitoring System,17,0,0,1,2,1,232.22,0,2,0.0,Japan,Life Scope #565,Nihon Kohden Corp,Nihon Kohden,2011-10-06,9,3
PRK312,Infusion Pump,7,1,0,2,1,1,2.85,1,2,15.08,Germany,Infusomat Space #302,B. Braun Melsungen AG,Infusomat,2016-01-15,16,2
PRK360,Physiologic Monitoring System,3,0,0,1,2,1,1.49,0,2,1095.83,USA,CARESCAPE #759,GE Healthcare,GE,2009-03-06,17,2
PRK300,Infusion Pump,15,1,0,2,1,1,65.85,1,2,199.36,Ireland,Alaris GP #695,Medtronic,Alaris,2001-12-27,14,2
PRK333,Physiologic Monitoring System,5,1,0,1,1,1,43.28,1,2,11310.08,USA,CARESCAPE #506,GE Healthcare,GE,2011-05-05,10,2
PRK350,Infusion Pump,5,0,0,2,1,1,72.48,0,2,201.12,Germany,Infusomat Space #431,B. Braun Melsungen AG,Infusomat,2002-10-15,36,2
PRK342,Infusion Pump,2,0,0,2,1,1,0.0,0,2,0.0,USA,Sigma Spectrum #277,Baxter Healthcare Corp,Sigma,2002-09-21,,1
PRK312,Infusion Pump,5,1,0,2,1,1,224.3,1,2,164.61,Germany,Infusomat Space #448,B. Braun Melsungen AG,Infusomat,2017-08-29,3,2
PRK342,Physiologic Monitoring System,6,0,0,1,1,1,0.0,0,2,0.0,Netherlands,IntelliVue #357,Koninklijke Philips N.V.,Philips,2001-08-04,,1
PRK341,Infusion Pump,12,1,0,2,2,1,73.31,0,2,755.36,USA,Sigma Spectrum #686,Baxter Healthcare Corp,Sigma,2012-11-13,32,2
PRK342,Ventilator,4,0,0,3,1,1,5.05,1,2,14316.42,Germany,Evita V500 #703,Drager Medical AG & Co KGaA,Evita,2015-06-07,27,3
PRK319,Ventilator,20,1,1,3,1,1,0.0,0,2,0.0,USA,Carestation 650 #887,Datex-Ohmeda Inc,Carestation,2019-08-18,,1
PRK350,Physiologic Monitoring System,18,1,0,1,1,1,2.31,1,2,801.91,USA,CARESCAPE #824,GE Healthcare,GE,2003-02-09,5,2
PRK340,Infusion Pump,18,1,0,2,1,1,5.63,0,2,3667.24,Germany,Infusomat Space #498,B. Braun Melsungen AG,Infusomat,2010-10-30,25,2
PRK342,Infusion Pump,9,1,0,2,1,1,0.0,1,2,0.0,Germany,Infusomat Space #618,B. Braun Melsungen AG,Infusomat,2013-02-08,,1
PRK358,Infusion Pump,14,1,0,2,1,1,0.0,0,2,0.0,Germany,Infusomat Space #976,B. Braun Melsungen AG,Infusomat,1997-03-31,,1
PRK358,Physiologic Monitoring System,13,1,0,1,1,1,0.0,0,2,0.0,Japan,Life Scope #728,Nihon Kohden Corp,Nihon Kohden,2007-12-28,,1
PRK350,Defibrillator,16,1,0,3,1,1,0.0,1,2,0.0,USA,Lifepak 20e #153,Physio-Control Inc,Lifepak,2017-02-16,,1
PRK319,Infusion Pump,17,0,0,2,1,1,286.59,0,2,661.26,Germany,Infusomat Space #2,B. Braun Melsungen AG,Infusomat,2021-02-23,5,2
PRK300,Defibrillator,14,0,1,3,1,1,155.31,0,2,161.6,USA,Lifepak 20e #641,Physio-Control Inc,Lifepak,1998-10-22,27,2
PRK340,Infusion Pump,14,1,0,2,1,1,588.96,1,2,7.37,Ireland,Alaris GP #961,Medtronic,Alaris,2000-12-09,27,3
PRK300,Infusion Pump,13,1,0,2,1,1,24.29,1,2,345.45,Ireland,Alaris GP #759,Medtronic,Alaris,2016-10-25,12,2
PRK342,Infusion Pump,14,0,0,2,1,1,0.0,1,2,0.0,Germany,Infusomat Space #186,B. Braun Melsungen AG,Infusomat,2014-11-27,,1
PRK342,Physiologic Monitoring System,9,0,0,1,1,1,5.43,0,2,18245.91,Japan,Life Scope #1,Nihon Kohden Corp,Nihon Kohden,2019-07-03,36,2
PRK340,Infusion Pump,5,1,0,2,1,1,66.77,0,2,0.0,USA,Sigma Spectrum #263,Baxter Healthcare Corp,Sigma,2009-03-28,16,2
PRK312,Infusion Pump,3,1,1,2,1,1,89.45,0,2,675.46,Germany,Infusomat Space #708,B. Braun Melsungen AG,Infusomat,2010-06-03,19,2
PRK358,Ventilator,2,1,0,3,2,1,4478.52,0,1,109.57,Germany,Evita V500 #259,Drager Medical AG & Co KGaA,Evita,2011-02-13,49,2
PRK341,Infusion Pump,3,0,0,2,1,1,0.0,0,2,0.0,USA,Sigma Spectrum #358,Baxter Healthcare Corp,Sigma,2000-03-13,,1
PRK333,Infusion Pump,17,0,0,2,1,1,2.5,0,2,211.51,USA,Sigma Spectrum #280,Baxter Healthcare Corp,Sigma,2020-08-15,31,2
PRK340,Infusion Pump,22,1,0,2,1,1,0.0,0,2,0.0,Ireland,Alaris GP #737,Medtronic,Alaris,2011-05-11,,1
PRK300,Infusion Pump,13,0,0,2,1,1,11.93,0,2,1899.66,Ireland,Alaris GP #185,Medtronic,Alaris,1994-07-30,14,2
PRK342,Infusion Pump,10,1,0,2,2,1,5.14,0,2,17172.62,USA,Sigma Spectrum #382,Baxter Healthcare Corp,Sigma,2012-03-27,42,2
PRK300,Infusion Pump,1,1,0,2,1,1,351.66,0,2,1273.47,Germany,Infusomat Space #22,B. Braun Melsungen AG,Infusomat,1997-05-04,56,2
PRK341,Physiologic Monitoring System,7,0,0,1,1,1,248.07,0,2,2301.88,USA,CARESCAPE #223,GE Healthcare,GE,2018-02-19,46,2
PRK312,Infusion Pump,5,1,0,2,1,1,388.27,1,2,28.44,Ireland,Alaris GP #947,Medtronic,Alaris,2010-10-12,14,2
PRK319,Physiologic Monitoring System,5,1,0,1,1,1,0.0,1,2,0.0,Japan,Life Scope #142,Nihon Kohden Corp,Nihon Kohden,2004-01-11,,1
PRK319,Infusion Pump,9,1,2,2,1,1,0.0,0,2,0.0,Ireland,Alaris GP #413,Medtronic,Alaris,2015-03-01,,1
PRK300,Infusion Pump,13,1,0,2,1,1,284.03,1,2,866.31,Ireland,Alaris GP #252,Medtronic,Alaris,2016-09-20,15,2
PRK358,Infusion Pump,8,1,0,2,1,1,9.87,1,2,600.58,Ireland,Alaris GP #149,Medtronic,Alaris,2013-01-16,34,2
PRK350,Infusion Pump,30,1,0,2,1,1,2958.95,0,2,441.78,Germany,Infusomat Space #234,B. Braun Melsungen AG,Infusomat,2006-01-26,12,2
PRK300,Infusion Pump,10,0,0,2,1,1,0.0,0,2,0.0,Germany,Infusomat Space #446,B. Braun Melsungen AG,Infusomat,2001-02-01,,1
PRK300,Infusion Pump,1,0,0,2,1,1,0.0,0,2,0.0,Ireland,Alaris GP #50,Medtronic,Alaris,2019-11-05,,1
PRK350,Defibrillator,26,1,0,3,1,1,19.97,0,2,11963.97,USA,Lifepak 20e #562,Physio-Control Inc,Lifepak,2013-10-16,13,2
PRK300,Ventilator,8,1,0,3,2,1,0.17,0,2,1681.45,USA,Smartvent 7900 #431,Datex-Ohmeda Inc,Smartvent,1995-02-06,24,3
PRK333,Infusion Pump,22,1,2,2,1,1,216.29,0,2,0.0,Ireland,Alaris GP #750,Medtronic,Alaris,2017-12-20,7,2
PRK310,Physiologic Monitoring System,2,1,0,1,2,1,17.88,1,2,2297.47,USA,CARESCAPE #607,GE Healthcare,GE,2018-12-30,57,2
PRK341,Physiologic Monitoring System,4,0,0,1,1,1,35.74,0,2,0.0,Japan,Life Scope #511,Nihon Kohden Corp,Nihon Kohden,2004-10-01,21,3
PRK360,Ventilator,3,0,0,3,1,1,0.0,0,2,0.0,Germany,Evita V500 #449,Drager Medical AG & Co KGaA,Evita,2020-05-08,,1
PRK312,Infusion Pump,16,1,0,2,1,1,11.55,1,2,7608.27,Germany,Infusomat Space #651,B. Braun Melsungen AG,Infusomat,2001-05-02,14,3
PRK360,Infusion Pump,19,0,2,2,1,1,138.6,1,2,1074.09,USA,Sigma Spectrum #675,Baxter Healthcare Corp,Sigma,2011-09-08,28,2
PRK358,Infusion Pump,12,0,0,2,1,1,0.0,1,2,0.0,Germany,Infusomat Space #196,B. Braun Melsungen AG,Infusomat,2011-12-07,,1
PRK360,Infusion Pump,10,1,0,2,2,1,3.05,1,2,23134.47,Germany,Infusomat Space #375,B. Braun Melsungen AG,Infusomat,2001-06-22,28,2
PRK342,Infusion Pump,1,0,0,2,2,1,61.39,1,2,2702.8,Ireland,Alaris GP #861,Medtronic,Alaris,2016-08-12,22,2
PRK358,Defibrillator,4,0,0,3,1,1,0.0,0,2,0.0,USA,Lifepak 20e #611,Physio-Control Inc,Lifepak,2001-05-16,,1
PRK341,Defibrillator,5,0,0,3,1,1,0.0,1,2,0.0,USA,Lifepak 20e #856,Physio-Control Inc,Lifepak,2006-06-17,,1
PRK358,Infusion Pump,2,0,0,2,1,1,5.98,0,2,716.86,Germany,Infusomat Space #146,B. Braun Melsungen AG,Infusomat,2002-11-14,37,2
PRK311,Infusion Pump,8,1,0,2,1,1,73.78,0,2,4905.03,Ireland,Alaris GP #81,Medtronic,Alaris,2020-03-26,24,2
PRK342,Infusion Pump,12,1,0,2,1,1,70.22,0,2,4255.92,Germany,Infusomat Space #705,B. Braun Melsungen AG,Infusomat,2013-05-19,40,3
PRK341,Infusion Pump,15,1,0,2,1,1,668.0,0,1,192.05,Ireland,Alaris GP #371,Medtronic,Alaris,2020-01-29,18,3
PRK300,Physiologic Monitoring System,13,1,0,1,1,1,452.2,0,2,465.5,Japan,Life Scope #425,Nihon Kohden Corp,Nihon Kohden,2016-09-20,29,2
PRK319,Infusion Pump,6,1,0,2,1,1,120.41,0,2,232.72,Ireland,Alaris GP #832,Medtronic,Alaris,2005-10-29,19,2
PRK319,Ventilator,5,1,0,3,2,1,15.34,0,2,16636.08,USA,Smartvent 7900 #200,Datex-Ohmeda Inc,Smartvent,2010-04-11,43,3
PRK330,Sphygmomanometers,7,0,0,1,1,1,20.43,0,2,22.4,Malaysia,MV-BP100 #279,Med-Vantage Sdn Bhd,MedVantage,2017-11-28,40,2
PRK312,Physiologic Monitoring System,7,0,0,1,1,1,120.08,0,2,0.0,USA,CARESCAPE #254,GE Healthcare,GE,2016-02-27,33,3
PRK319,Physiologic Monitoring System,3,0,0,1,1,1,326.38,1,2,15606.86,USA,CARESCAPE #98,GE Healthcare,GE,2010-03-29,45,2
PRK319,Infusion Pump,6,0,0,2,1,1,145.43,0,2,40.93,Ireland,Alaris GP #900,Medtronic,Alaris,2017-07-25,33,3
PRK341,Infusion Pump,5,0,0,2,1,1,0.0,0,2,0.0,USA,Sigma Spectrum #53,Baxter Healthcare Corp,Sigma,2020-02-27,,1
PRK311,Infusion Pump,24,1,0,2,1,1,79.41,0,1,10853.24,Ireland,Alaris GP #796,Medtronic,Alaris,2006-12-09,9,2
PRK319,Physiologic Monitoring System,16,1,1,1,1,1,34.37,1,1,293.52,Netherlands,IntelliVue #197,Koninklijke Philips N.V.,Philips,2019-05-11,26,3
PRK319,Infusion Pump,12,1,0,2,1,1,1.22,0,2,936.76,Germany,Infusomat Space #322,B. Braun Melsungen AG,Infusomat,2010-03-19,35,2
PRK330,Ventilator,4,1,0,3,1,1,37.23,0,2,404.0,USA,Carestation 650 #221,Datex-Ohmeda Inc,Carestation,2007-09-17,48,2
PRK300,Infusion Pump,14,1,0,2,1,1,0.0,0,2,0.0,Germany,Infusomat Space #67,B. Braun Melsungen AG,Infusomat,2016-10-24,,1
PRK360,Infusion Pump,4,1,0,2,1,1,0.0,1,2,281.25,Ireland,Alaris GP #745,Medtronic,Alaris,2010-12-21,18,2
PRK319,Infusion Pump,14,1,0,2,1,1,0.0,1,2,0.0,USA,Sigma Spectrum #109,Baxter Healthcare Corp,Sigma,2016-09-13,,1
PRK319,Sphygmomanometers,7,1,0,1,1,1,9.22,1,2,19.36,USA,DS66 #15,Welch Allyn Inc,Welch Allyn,2008-06-12,36,3
PRK340,Infusion Pump,18,1,0,2,1,1,366.09,0,2,18559.24,USA,Sigma Spectrum #354,Baxter Healthcare Corp,Sigma,2013-02-11,4,2
PRK358,Infusion Pump,2,0,0,2,1,1,10.41,0,2,1861.87,USA,Sigma Spectrum #556,Baxter Healthcare Corp,Sigma,2010-09-25,37,2
PRK330,Infusion Pump,14,1,0,2,1,1,0.0,0,2,0.0,Germany,Infusomat Space #190,B. Braun Melsungen AG,Infusomat,2014-09-04,,1
PRK319,Physiologic Monitoring System,19,1,1,1,1,1,0.0,0,2,0.0,Japan,Life Scope #920,Nihon Kohden Corp,Nihon Kohden,2008-01-25,,1
PRK340,Radiographic System,7,1,0,1,1,1,197.15,0,2,251.88,Netherlands,DigitalDiagnost #262,Koninklijke Philips N.V.,Philips,2020-07-24,31,3
PRK333,Infusion Pump,7,0,0,2,1,1,674.31,1,2,118.13,USA,Sigma Spectrum #940,Baxter Healthcare Corp,Sigma,2013-08-05,10,2
PRK330,Defibrillator,8,1,0,3,1,1,0.0,1,2,272.76,Netherlands,HeartStart XL #226,Koninklijke Philips N.V.,HeartStart,2013-11-23,47,2
PRK360,Infusion Pump,12,1,0,2,1,1,31.95,0,2,82.24,USA,Sigma Spectrum #601,Baxter Healthcare Corp,Sigma,2009-03-23,36,3
PRK360,Physiologic Monitoring System,5,0,0,1,1,1,0.0,0,2,0.0,Netherlands,IntelliVue #109,Koninklijke Philips N.V.,Philips,2011-06-26,,1
PRK340,Infusion Pump,4,0,0,2,1,1,0.0,0,2,0.0,USA,Sigma Spectrum #398,Baxter Healthcare Corp,Sigma,2020-12-01,,1
PRK300,Infusion Pump,26,1,1,2,1,1,119.24,0,2,1058.43,Germany,Infusomat Space #804,B. Braun Melsungen AG,Infusomat,2013-12-23,2,2
PRK340,Physiologic Monitoring System,6,1,0,1,1,1,30.19,0,2,87.14,Japan,Life Scope #326,Nihon Kohden Corp,Nihon Kohden,2016-03-26,34,2
PRK360,Infusion Pump,8,1,0,2,1,1,0.0,0,2,0.0,Ireland,Alaris GP #259,Medtronic,Alaris,2018-11-25,,1
PRK358,Infusion Pump,6,0,0,2,1,1,2.27,0,2,448.3,Ireland,Alaris GP #529,Medtronic,Alaris,2013-03-24,17,2
PRK319,Ventilator,13,1,0,3,1,1,43.52,0,2,0.0,UK,Blease 8200p #319,Blease Medical Equipment Ltd,Blease,1996-10-29,35,2
PRK312,Sphygmomanometers,5,0,0,1,1,1,0.0,0,2,0.0,USA,DS66 #844,Welch Allyn Inc,Welch Allyn,2001-08-29,,1
PRK311,Infusion Pump,7,0,0,2,1,1,15.87,1,2,13221.13,USA,Sigma Spectrum #294,Baxter Healthcare Corp,Sigma,2008-04-10,29,2
PRK358,Physiologic Monitoring System,17,0,0,1,1,1,5.2,0,2,0.0,Japan,Life Scope #238,Nihon Kohden Corp,Nihon Kohden,2012-05-27,3,2
PRK333,Ventilator,15,1,0,3,1,1,864.38,0,2,143.94,USA,Carestation 650 #382,Datex-Ohmeda Inc,Carestation,2018-04-06,30,2
PRK320,Infusion Pump,6,0,0,2,1,1,28.85,0,2,69.39,USA,Sigma Spectrum #181,Baxter Healthcare Corp,Sigma,2015-06-16,41,2
PRK320,Defibrillator,8,1,0,3,1,1,275.73,1,2,569.24,USA,Lifepak 20e #594,Physio-Control Inc,Lifepak,2009-04-02,5,2
PRK319,Infusion Pump,4,0,0,2,1,1,363.11,0,2,818.8,Germany,Infusomat Space #182,B. Braun Melsungen AG,Infusomat,2006-03-26,14,2
PRK358,Ventilator,8,1,0,3,1,1,827.65,0,1,36.43,UK,Blease 8200p #293,Blease Medical Equipment Ltd,Blease,1999-06-20,23,2
PRK330,Infusion Pump,30,1,0,2,1,1,0.0,0,2,0.0,Ireland,Alaris GP #497,Medtronic,Alaris,2019-09-10,,1
PRK319,Infusion Pump,15,1,0,2,1,1,0.0,0,2,0.0,USA,Sigma Spectrum #272,Baxter Healthcare Corp,Sigma,1997-08-11,,1
PRK342,Infusion Pump,4,0,0,2,1,1,0.0,0,2,0.0,Ireland,Alaris GP #350,Medtronic,Alaris,2007-10-20,,1
PRK341,Infusion Pump,2,0,0,2,1,1,33.87,1,1,137.17,USA,Sigma Spectrum #210,Baxter Healthcare Corp,Sigma,2011-02-20,25,2
PRK342,Ventilator,4,0,0,3,1,1,1157.42,1,2,36171.02,Germany,Evita V500 #930,Drager Medical AG & Co KGaA,Evita,2016-05-22,43,2
PRK358,Radiographic System,3,1,0,1,2,1,62.37,0,2,918.45,Netherlands,DigitalDiagnost #534,Koninklijke Philips N.V.,Philips,2019-02-15,15,2
PRK310,Infusion Pump,7,0,0,2,1,1,628.58,1,2,144.63,Germany,Infusomat Space #401,B. Braun Melsungen AG,Infusomat,2016-06-09,22,2
PRK300,Infusion Pump,18,1,0,2,1,1,9.5,0,2,358.59,Ireland,Alaris GP #219,Medtronic,Alaris,2011-11-15,10,2
PRK300,Infusion Pump,7,0,0,2,1,1,746.06,0,2,18.45,Ireland,Alaris GP #667,Medtronic,Alaris,2020-06-22,15,2
PRK342,Infusion Pump,5,0,0,2,1,1,183.91,0,2,21.18,USA,Sigma Spectrum #548,Baxter Healthcare Corp,Sigma,2014-01-05,15,2
PRK358,Infusion Pump,6,1,0,2,1,1,0.0,0,2,0.0,USA,Sigma Spectrum #841,Baxter Healthcare Corp,Sigma,2009-10-12,,1
PRK320,Defibrillator,12,0,0,3,1,1,0.0,0,2,0.0,Netherlands,HeartStart XL #3,Koninklijke Philips N.V.,HeartStart,2001-06-13,,1
PRK350,Physiologic Monitoring System,9,0,0,1,1,1,19.61,0,2,4772.0,USA,CARESCAPE #823,GE Healthcare,GE,2019-12-03,14,2
PRK342,Infusion Pump,4,1,0,2,1,1,125.6,0,2,51489.77,USA,Sigma Spectrum #764,Baxter Healthcare Corp,Sigma,2014-04-11,35,2
PRK360,Infusion Pump,15,1,1,2,1,1,0.0,1,2,0.0,USA,Sigma Spectrum #184,Baxter Healthcare Corp,Sigma,2005-04-23,,1
PRK333,Physiologic Monitoring System,3,0,0,1,1,1,0.0,0,2,0.0,Japan,Life Scope #512,Nihon Kohden Corp,Nihon Kohden,2015-03-07,,1
PRK312,Infusion Pump,9,1,0,2,1,1,10.47,1,2,678.74,USA,Sigma Spectrum #725,Baxter Healthcare Corp,Sigma,2015-07-04,23,3
PRK342,Infusion Pump,6,0,0,2,1,1,0.0,1,2,0.0,USA,Sigma Spectrum #648,Baxter Healthcare Corp,Sigma,2006-05-09,,1
PRK358,Infusion Pump,7,1,0,2,2,1,2.4,1,2,0.0,Ireland,Alaris GP #627,Medtronic,Alaris,2020-02-03,25,2
PRK342,Infusion Pump,3,1,0,2,1,1,3278.57,0,2,20547.61,Germany,Infusomat Space #148,B. Braun Melsungen AG,Infusomat,2020-07-13,31,2
PRK358,Infusion Pump,8,1,0,2,1,1,6.27,0,2,42.29,Ireland,Alaris GP #457,Medtronic,Alaris,2011-11-17,37,2
PRK320,Physiologic Monitoring System,3,0,0,1,2,1,350.77,0,2,939.12,Japan,Life Scope #854,Nihon Kohden Corp,Nihon Kohden,2019-12-13,5,2
PRK342,Infusion Pump,5,0,0,2,1,1,2.62,1,2,588.61,USA,Sigma Spectrum #829,Baxter Healthcare Corp,Sigma,2016-06-27,32,3
PRK319,Physiologic Monitoring System,7,1,0,1,2,1,19.3,0,2,304.8,USA,CARESCAPE #120,GE Healthcare,GE,2000-01-01,34,2
PRK330,Infusion Pump,4,0,0,2,1,1,0.0,0,2,0.0,Germany,Infusomat Space #364,B. Braun Melsungen AG,Infusomat,2009-04-25,,1
PRK319,Defibrillator,20,1,0,3,1,1,706.05,0,2,23.21,USA,Lifepak 20e #864,Physio-Control Inc,Lifepak,2009-07-04,20,2
PRK311,Infusion Pump,5,0,0,2,1,1,0.0,0,2,12922.64,Ireland,Alaris GP #61,Medtronic,Alaris,2007-03-03,2,2
PRK300,Infusion Pump,6,1,0,2,1,1,7.92,1,1,4733.13,Germany,Infusomat Space #588,B. Braun Melsungen AG,Infusomat,2003-09-26,18,2
PRK341,Infusion Pump,8,1,0,2,1,1,35.16,0,2,48.08,Ireland,Alaris GP #21,Medtronic,Alaris,2015-05-05,47,3
PRK358,Infusion Pump,2,0,0,2,1,1,0.0,0,2,10.4,USA,Sigma Spectrum #945,Baxter Healthcare Corp,Sigma,2016-07-07,17,2
PRK319,Infusion Pump,1,0,0,2,1,1,361.58,0,2,709.49,Germany,Infusomat Space #635,B. Braun Melsungen AG,Infusomat,2018-04-23,30,2
PRK330,Physiologic Monitoring System,7,0,0,1,1,1,0.0,0,2,0.0,Japan,Life Scope #836,Nihon Kohden Corp,Nihon Kohden,2018-09-03,,1
PRK300,Infusion Pump,2,1,0,2,1,1,3.87,0,2,0.0,Ireland,Alaris GP #462,Medtronic,Alaris,2011-09-20,41,2
PRK330,Infusion Pump,10,1,0,2,1,1,17.18,0,2,0.0,USA,Sigma Spectrum #28,Baxter Healthcare Corp,Sigma,2006-02-24,22,2
PRK319,Infusion Pump,11,1,0,2,1,1,185.34,0,2,0.0,USA,Sigma Spectrum #766,Baxter Healthcare Corp,Sigma,1997-04-07,14,2
PRK340,Ventilator,10,1,0,3,2,1,2.32,1,2,55.52,Germany,Evita V500 #972,Drager Medical AG & Co KGaA,Evita,1992-12-11,42,2
PRK358,Ventilator,14,1,0,3,1,1,0.0,0,2,0.0,USA,Smartvent 7900 #895,Datex-Ohmeda Inc,Smartvent,2002-01-12,,1
PRK333,Physiologic Monitoring System,7,1,0,1,1,1,6.08,1,2,1126.37,Japan,Life Scope #155,Nihon Kohden Corp,Nihon Kohden,2017-06-24,10,2
PRK342,Physiologic Monitoring System,20,1,1,1,1,1,0.0,0,2,0.0,Netherlands,IntelliVue #628,Koninklijke Philips N.V.,Philips,2018-08-15,,1
PRK342,Physiologic Monitoring System,10,1,0,1,1,1,137.04,1,2,95.74,Japan,Life Scope #112,Nihon Kohden Corp,Nihon Kohden,2009-03-22,16,2
PRK311,Physiologic Monitoring System,19,0,0,1,1,1,0.0,0,2,0.0,Japan,Life Scope #553,Nihon Kohden Corp,Nihon Kohden,1999-01-05,,1
PRK320,Infusion Pump,13,1,0,2,2,1,190.85,0,2,110129.72,USA,Sigma Spectrum #393,Baxter Healthcare Corp,Sigma,2018-01-01,38,2
PRK311,Physiologic Monitoring System,7,1,0,1,1,1,494.98,0,2,10041.67,USA,CARESCAPE #183,GE Healthcare,GE,2002-09-29,38,2
PRK330,Physiologic Monitoring System,10,1,2,1,1,1,25743.0,0,2,3640.82,USA,CARESCAPE #560,GE Healthcare,GE,2017-01-31,10,3
PRK358,Infusion Pump,12,1,0,2,2,1,279.67,0,2,9.37,USA,Sigma Spectrum #564,Baxter Healthcare Corp,Sigma,2005-10-29,32,2
PRK333,Physiologic Monitoring System,1,0,0,1,1,1,0.0,1,2,0.0,Japan,Life Scope #524,Nihon Kohden Corp,Nihon Kohden,2012-10-07,,1
PRK330,Infusion Pump,2,0,1,2,1,1,16.78,1,2,1913.2,USA,Sigma Spectrum #508,Baxter Healthcare Corp,Sigma,2017-05-22,57,2
PRK319,Infusion Pump,23,1,0,2,1,1,273.11,0,2,0.0,Germany,Infusomat Space #344,B. Braun Melsungen AG,Infusomat,2020-03-25,2,2
PRK319,Infusion Pump,12,1,0,2,1,1,911.98,0,2,315.78,USA,Sigma Spectrum #607,Baxter Healthcare Corp,Sigma,2006-10-29,20,2
PRK358,Physiologic Monitoring System,16,1,0,1,1,1,0.0,0,2,0.0,Netherlands,IntelliVue #11,Koninklijke Philips N.V.,Philips,2011-12-06,,1
PRK319,Defibrillator,7,0,0,3,1,1,19.92,0,2,2281.71,USA,Lifepak 20e #489,Physio-Control Inc,Lifepak,2014-02-03,27,2
PRK342,Infusion Pump,20,1,0,2,1,1,0.0,0,2,0.0,Germany,Infusomat Space #503,B. Braun Melsungen AG,Infusomat,2013-08-21,,1
PRK300,Infusion Pump,7,0,0,2,1,1,5.05,1,2,750.34,Germany,Infusomat Space #571,B. Braun Melsungen AG,Infusomat,1998-05-23,12,2
PRK311,Infusion Pump,12,1,0,2,1,1,53.06,0,2,23455.15,Ireland,Alaris GP #927,Medtronic,Alaris,2003-06-10,13,3
PRK319,Infusion Pump,21,1,0,2,1,1,0.0,0,2,0.0,USA,Sigma Spectrum #753,Baxter Healthcare Corp,Sigma,2007-02-23,,1
PRK358,Radiographic System,13,1,0,1,1,1,45.66,0,2,0.0,Japan,Aquilion #769,Canon Inc (Toshiba Medical),Canon,2011-03-12,11,3
PRK319,Infusion Pump,3,1,0,2,1,1,97.1,0,2,0.0,Germany,Infusomat Space #890,B. Braun Melsungen AG,Infusomat,2011-11-06,17,2
PRK342,Infusion Pump,7,0,0,2,1,1,90.82,0,2,2020.42,Ireland,Alaris GP #946,Medtronic,Alaris,2002-03-26,24,2
PRK312,Infusion Pump,10,1,0,2,1,1,22.37,1,2,5.74,Ireland,Alaris GP #519,Medtronic,Alaris,2016-11-25,24,2
PRK341,Sphygmomanometers,12,1,0,1,1,1,0.0,0,2,0.0,USA,DS66 #488,Welch Allyn Inc,Welch Allyn,2017-12-16,,1
PRK341,Infusion Pump,18,1,2,2,1,1,489.66,1,2,689.0,Germany,Infusomat Space #858,B. Braun Melsungen AG,Infusomat,2009-12-20,10,3
PRK341,Physiologic Monitoring System,12,1,0,1,1,1,0.0,1,2,0.0,Japan,Life Scope #833,Nihon Kohden Corp,Nihon Kohden,2012-06-16,,1
PRK319,Infusion Pump,8,1,0,2,1,1,67.46,0,1,54205.56,USA,Sigma Spectrum #598,Baxter Healthcare Corp,Sigma,2015-01-19,18,2
PRK312,Infusion Pump,6,1,0,2,1,1,791.72,0,2,1358.21,Ireland,Alaris GP #773,Medtronic,Alaris,2020-03-20,11,3
PRK358,Physiologic Monitoring System,7,0,0,1,1,1,0.0,0,2,0.0,Japan,Life Scope #354,Nihon Kohden Corp,Nihon Kohden,2011-10-10,,1
PRK340,Infusion Pump,5,1,0,2,1,1,545.41,0,2,91.88,Germany,Infusomat Space #207,B. Braun Melsungen AG,Infusomat,2000-05-08,44,3
PRK319,Physiologic Monitoring System,5,0,0,1,1,1,136.69,0,2,858.34,Japan,Life Scope #367,Nihon Kohden Corp,Nihon Kohden,2003-12-22,17,2
PRK330,Infusion Pump,16,1,0,2,1,1,4.45,0,2,1742.01,Germany,Infusomat Space #673,B. Braun Melsungen AG,Infusomat,2013-06-29,31,3
PRK300,Physiologic Monitoring System,9,1,0,1,1,1,578.68,0,2,14128.49,USA,CARESCAPE #763,GE Healthcare,GE,2016-06-06,2,2
PRK333,Physiologic Monitoring System,5,0,0,1,1,1,18.9,1,2,509.13,Japan,Life Scope #477,Nihon Kohden Corp,Nihon Kohden,2002-05-15,44,2
PRK330,Physiologic Monitoring System,8,1,0,1,1,1,25.24,0,2,29.79,Netherlands,IntelliVue #482,Koninklijke Philips N.V.,Philips,2013-09-22,33,3
PRK311,Infusion Pump,6,1,0,2,2,1,186.97,0,2,554.37,Germany,Infusomat Space #841,B. Braun Melsungen AG,Infusomat,2008-10-26,19,2
PRK330,Physiologic Monitoring System,2,0,0,1,1,1,9.91,0,2,0.0,Netherlands,IntelliVue #777,Koninklijke Philips N.V.,Philips,2014-03-14,47,2
PRK341,Radiographic System,12,1,0,1,1,1,296.44,0,2,0.0,Germany,Somatom #487,Siemens Healthineers,Siemens,2017-11-04,15,2
PRK358,Infusion Pump,17,1,0,2,1,1,116.62,0,2,0.0,USA,Sigma Spectrum #571,Baxter Healthcare Corp,Sigma,2012-09-22,8,2
PRK342,Infusion Pump,15,1,0,2,1,1,1072.85,1,2,1603.96,Ireland,Alaris GP #624,Medtronic,Alaris,2010-01-08,12,3
PRK333,Ventilator,14,1,0,3,1,1,430.61,0,2,0.0,UK,Blease 8200p #44,Blease Medical Equipment Ltd,Blease,2007-12-30,14,2
PRK342,Infusion Pump,3,1,0,2,1,1,37.75,0,2,1497.5,Ireland,Alaris GP #452,Medtronic,Alaris,2016-09-25,5,2
PRK319,Physiologic Monitoring System,20,1,0,1,1,1,25.8,0,2,96.29,USA,CARESCAPE #484,GE Healthcare,GE,2008-05-27,4,3
PRK341,Physiologic Monitoring System,5,0,0,1,2,1,14.63,0,2,0.0,Japan,Life Scope #949,Nihon Kohden Corp,Nihon Kohden,2016-08-05,56,2
PRK300,Infusion Pump,3,0,0,2,3,1,34.81,1,2,4123.11,Ireland,Alaris GP #494,Medtronic,Alaris,1994-06-16,33,2
PRK300,Physiologic Monitoring System,1,1,0,1,2,1,0.0,0,2,0.0,Netherlands,IntelliVue #3,Koninklijke Philips N.V.,Philips,2009-10-25,,1
PRK341,Physiologic Monitoring System,10,1,1,1,1,1,0.0,0,2,0.0,USA,CARESCAPE #709,GE Healthcare,GE,2008-06-14,,1
PRK312,Infusion Pump,20,1,0,2,1,1,5.6,0,2,16316.32,Ireland,Alaris GP #829,Medtronic,Alaris,2009-02-12,13,3
PRK342,Defibrillator,18,0,0,3,2,1,9.45,0,2,9074.95,USA,Lifepak 20e #793,Physio-Control Inc,Lifepak,1999-11-12,28,3
PRK341,Infusion Pump,8,1,0,2,2,1,640.12,0,2,766.12,Ireland,Alaris GP #746,Medtronic,Alaris,2012-10-26,16,2
PRK300,Infusion Pump,16,1,0,2,1,1,4.89,0,2,77.82,Ireland,Alaris GP #119,Medtronic,Alaris,2005-09-13,16,2
PRK326,Ventilator,30,1,2,3,1,1,0.0,1,2,0.0,USA,Carestation 650 #524,Datex-Ohmeda Inc,Carestation,2017-09-28,,1
PRK341,Infusion Pump,6,1,0,2,1,1,0.0,0,2,0.0,Germany,Infusomat Space #618,B. Braun Melsungen AG,Infusomat,2014-07-19,,1
PRK342,Ventilator,11,1,0,3,1,1,0.0,0,2,0.0,USA,Smartvent 7900 #899,Datex-Ohmeda Inc,Smartvent,2013-02-24,,1
PRK358,Infusion Pump,20,1,0,2,1,1,0.0,0,1,0.0,USA,Sigma Spectrum #698,Baxter Healthcare Corp,Sigma,2006-01-22,,1
PRK320,Infusion Pump,3,0,0,2,1,1,0.0,0,1,0.0,Ireland,Alaris GP #580,Medtronic,Alaris,2012-12-26,,1
PRK358,Infusion Pump,3,0,0,2,1,1,0.0,0,2,0.0,Ireland,Alaris GP #837,Medtronic,Alaris,2019-03-04,,1
PRK320,Physiologic Monitoring System,22,0,0,1,1,1,140.58,1,2,27.93,Japan,Life Scope #346,Nihon Kohden Corp,Nihon Kohden,2013-09-26,19,2
PRK300,Ventilator,16,1,0,3,1,1,44.76,1,2,151.28,UK,Blease 8200p #497,Blease Medical Equipment Ltd,Blease,2012-10-30,23,2
PRK341,Ventilator,5,1,0,3,2,1,109.65,1,2,417.39,Germany,Evita V500 #885,Drager Medical AG & Co KGaA,Evita,2018-11-04,26,2
PRK319,Sphygmomanometers,3,0,1,1,1,1,308.55,0,2,3334.81,Japan,HEM-907 #41,Omron Healthcare Co Ltd,Omron,2007-06-20,20,2
PRK311,Physiologic Monitoring System,3,1,0,1,1,1,5.36,0,2,6251.15,Netherlands,IntelliVue #753,Koninklijke Philips N.V.,Philips,2012-05-13,9,2
PRK319,Physiologic Monitoring System,9,1,0,1,1,1,0.0,1,2,0.0,Japan,Life Scope #78,Nihon Kohden Corp,Nihon Kohden,2005-11-30,,1
PRK358,Infusion Pump,5,0,0,2,1,1,12.0,0,2,17.2,USA,Sigma Spectrum #231,Baxter Healthcare Corp,Sigma,2011-09-21,11,2
PRK358,Defibrillator,5,1,0,3,1,1,0.0,0,2,0.0,Netherlands,HeartStart XL #428,Koninklijke Philips N.V.,HeartStart,2009-10-04,,1
PRK360,Physiologic Monitoring System,3,0,0,1,1,1,508.67,1,2,842.78,USA,CARESCAPE #292,GE Healthcare,GE,1996-01-29,15,2
PRK319,Defibrillator,8,0,0,3,1,1,314.24,1,2,2821.34,USA,Lifepak 20e #722,Physio-Control Inc,Lifepak,2013-11-25,39,2
PRK330,Infusion Pump,3,0,0,2,1,1,0.0,1,2,0.0,Germany,Infusomat Space #413,B. Braun Melsungen AG,Infusomat,2015-08-11,,1
PRK350,Infusion Pump,13,0,0,2,1,1,0.0,0,2,0.0,USA,Sigma Spectrum #946,Baxter Healthcare Corp,Sigma,2018-11-10,,1
PRK319,Physiologic Monitoring System,18,1,0,1,1,1,0.0,0,2,0.0,Japan,Life Scope #699,Nihon Kohden Corp,Nihon Kohden,1998-11-14,,1
PRK326,Infusion Pump,10,1,1,2,1,1,0.0,0,2,0.0,Germany,Infusomat Space #374,B. Braun Melsungen AG,Infusomat,2002-08-04,,1
PRK319,Infusion Pump,16,1,0,2,1,1,16.49,1,2,50.61,Ireland,Alaris GP #93,Medtronic,Alaris,2013-03-31,23,3
PRK340,Sphygmomanometers,7,1,0,1,1,1,0.0,0,2,0.0,USA,DS66 #639,Welch Allyn Inc,Welch Allyn,2019-05-05,,1
PRK341,Infusion Pump,4,1,0,2,1,1,107.44,0,2,78.92,Ireland,Alaris GP #22,Medtronic,Alaris,2015-09-01,28,2
PRK319,Infusion Pump,6,1,0,2,1,1,138.11,1,2,70.97,USA,Sigma Spectrum #717,Baxter Healthcare Corp,Sigma,1999-08-13,3,2
PRK300,Infusion Pump,2,1,0,2,1,1,8.07,0,2,80.35,Germany,Infusomat Space #70,B. Braun Melsungen AG,Infusomat,2017-06-07,17,2
PRK342,Infusion Pump,5,1,0,2,1,1,75.33,0,2,386.18,USA,Sigma Spectrum #73,Baxter Healthcare Corp,Sigma,2004-02-22,17,2
PRK341,Physiologic Monitoring System,7,0,0,1,1,1,0.0,1,2,0.0,Netherlands,IntelliVue #681,Koninklijke Philips N.V.,Philips,2017-06-14,,1
PRK319,Defibrillator,8,1,0,3,1,1,0.0,0,2,0.0,USA,Lifepak 20e #521,Physio-Control Inc,Lifepak,1993-07-04,,1
PRK319,Radiographic System,16,1,0,1,2,1,71.53,0,2,76.49,Germany,Somatom #937,Siemens Healthineers,Siemens,2016-03-31,16,2
PRK360,Physiologic Monitoring System,21,0,0,1,1,1,18.08,0,2,83.27,USA,CARESCAPE #79,GE Healthcare,GE,2000-01-19,23,2
PRK341,Physiologic Monitoring System,9,1,0,1,1,1,4.06,0,2,19.57,Japan,Life Scope #309,Nihon Kohden Corp,Nihon Kohden,1992-03-10,31,2
PRK341,Infusion Pump,3,1,0,2,1,1,319.45,0,2,8489.19,USA,Sigma Spectrum #468,Baxter Healthcare Corp,Sigma,2014-04-21,49,2
PRK341,Defibrillator,3,1,0,3,1,1,126.28,0,2,51.63,USA,Lifepak 20e #926,Physio-Control Inc,Lifepak,2007-03-30,20,2
PRK360,Infusion Pump,5,0,0,2,2,1,10.84,0,2,0.0,USA,Sigma Spectrum #875,Baxter Healthcare Corp,Sigma,2014-01-03,47,2
PRK320,Infusion Pump,4,0,0,2,1,1,284.12,0,2,107.5,Germany,Infusomat Space #970,B. Braun Melsungen AG,Infusomat,2012-06-04,11,2
PRK319,Sphygmomanometers,10,0,0,1,1,1,2479.48,0,2,12207.08,USA,DS66 #798,Welch Allyn Inc,Welch Allyn,2009-07-13,15,3
PRK326,Defibrillator,3,1,0,3,1,1,66.06,0,2,94.21,USA,Lifepak 20e #424,Physio-Control Inc,Lifepak,2010-02-19,41,2
PRK350,Infusion Pump,21,1,1,2,1,1,4.53,0,2,79.93,USA,Sigma Spectrum #685,Baxter Healthcare Corp,Sigma,2010-11-01,2,3
PRK311,Physiologic Monitoring System,15,1,1,1,1,1,31.75,1,2,433.56,Japan,Life Scope #687,Nihon Kohden Corp,Nihon Kohden,2006-11-25,31,2
PRK319,Infusion Pump,17,1,0,2,1,1,1.66,0,2,20783.76,USA,Sigma Spectrum #905,Baxter Healthcare Corp,Sigma,2000-11-05,28,2
PRK319,Infusion Pump,5,0,0,2,1,1,43.99,0,1,2044.94,Ireland,Alaris GP #35,Medtronic,Alaris,2001-10-09,32,3
PRK341,Infusion Pump,3,0,0,2,1,1,27.34,0,2,143.04,USA,Sigma Spectrum #301,Baxter Healthcare Corp,Sigma,2007-01-14,27,2
PRK341,Infusion Pump,5,1,0,2,1,1,0.0,0,2,0.0,USA,Sigma Spectrum #325,Baxter Healthcare Corp,Sigma,2019-06-01,,1
PRK320,Physiologic Monitoring System,9,1,0,1,1,1,18.61,0,2,175.43,Netherlands,IntelliVue #454,Koninklijke Philips N.V.,Philips,2015-09-14,10,2
PRK319,Infusion Pump,8,1,0,2,1,1,273.6,0,2,19978.76,USA,Sigma Spectrum #736,Baxter Healthcare Corp,Sigma,2016-06-05,32,2
PRK342,Infusion Pump,20,1,0,2,1,1,12.93,0,2,3947.98,USA,Sigma Spectrum #284,Baxter Healthcare Corp,Sigma,2007-09-05,16,2
PRK300,Infusion Pump,22,1,0,2,1,1,44.06,1,1,604.85,Germany,Infusomat Space #330,B. Braun Melsungen AG,Infusomat,2011-01-15,18,2
PRK342,Sphygmomanometers,9,1,0,1,2,1,0.0,0,1,0.0,USA,DS66 #333,Welch Allyn Inc,Welch Allyn,2004-11-04,,1
PRK319,Physiologic Monitoring System,2,0,0,1,1,1,7.98,0,2,152.75,Japan,Life Scope #508,Nihon Kohden Corp,Nihon Kohden,2005-12-21,39,2
PRK358,Defibrillator,6,0,0,3,1,1,223.77,0,2,662.44,Netherlands,HeartStart XL #659,Koninklijke Philips N.V.,HeartStart,2019-06-20,13,2
PRK330,Infusion Pump,30,1,0,2,1,1,0.0,0,2,0.0,Ireland,Alaris GP #341,Medtronic,Alaris,2008-04-18,,1
PRK341,Physiologic Monitoring System,2,0,0,1,1,1,16.82,0,2,5087.16,Japan,Life Scope #676,Nihon Kohden Corp,Nihon Kohden,2013-09-26,15,2
PRK311,Ventilator,10,1,0,3,1,1,139.0,0,2,246.93,USA,Smartvent 7900 #678,Datex-Ohmeda Inc,Smartvent,1994-06-18,36,2
PRK319,Infusion Pump,5,1,0,2,1,1,222.19,0,2,4.71,Ireland,Alaris GP #124,Medtronic,Alaris,2002-12-09,15,2
PRK342,Infusion Pump,28,1,1,2,1,1,0.0,1,2,0.0,Germany,Infusomat Space #3,B. Braun Melsungen AG,Infusomat,2014-07-13,,1
PRK340,Infusion Pump,11,0,0,2,2,1,0.0,0,2,0.0,Ireland,Alaris GP #854,Medtronic,Alaris,2017-02-12,,1
PRK342,Infusion Pump,5,0,0,2,1,1,55.81,0,2,4588.79,Ireland,Alaris GP #773,Medtronic,Alaris,2009-02-12,51,2
PRK340,Infusion Pump,6,0,0,2,1,1,102.65,0,2,19.88,Germany,Infusomat Space #253,B. Braun Melsungen AG,Infusomat,2014-01-26,12,3
PRK340,Infusion Pump,1,0,0,2,2,1,0.0,0,2,0.0,Ireland,Alaris GP #448,Medtronic,Alaris,2007-02-14,,1
PRK358,Infusion Pump,10,0,0,2,1,1,1.18,0,2,412.79,Ireland,Alaris GP #241,Medtronic,Alaris,2006-02-14,34,3
PRK330,Physiologic Monitoring System,10,1,0,1,1,1,73.77,0,2,236.68,USA,CARESCAPE #2,GE Healthcare,GE,2010-07-08,44,3
PRK358,Infusion Pump,2,1,0,2,1,1,40.5,0,2,18724.72,USA,Sigma Spectrum #354,Baxter Healthcare Corp,Sigma,2012-07-03,31,2
PRK320,Infusion Pump,12,1,0,2,1,1,30.0,0,2,0.0,Ireland,Alaris GP #228,Medtronic,Alaris,2004-08-18,7,3
PRK320,Physiologic Monitoring System,22,1,1,1,1,1,2.84,0,2,15126.7,Netherlands,IntelliVue #384,Koninklijke Philips N.V.,Philips,2017-04-23,20,2
PRK350,Infusion Pump,3,0,0,2,1,1,330.94,0,1,98267.94,Germany,Infusomat Space #997,B. Braun Melsungen AG,Infusomat,2008-07-09,17,2
PRK300,Infusion Pump,12,1,0,2,1,1,58.75,1,2,36.48,Germany,Infusomat Space #655,B. Braun Melsungen AG,Infusomat,2016-11-19,24,2
PRK312,Infusion Pump,13,1,1,2,1,1,0.0,0,2,0.0,Ireland,Alaris GP #518,Medtronic,Alaris,2016-02-22,,1
PRK300,Infusion Pump,9,0,0,2,1,1,632.15,0,2,457.46,Germany,Infusomat Space #689,B. Braun Melsungen AG,Infusomat,2000-02-20,46,3
PRK333,Infusion Pump,10,1,0,2,1,1,0.0,1,2,0.0,Germany,Infusomat Space #499,B. Braun Melsungen AG,Infusomat,2006-12-05,35,3
PRK341,Infusion Pump,5,1,0,2,1,1,286.79,0,2,8435.52,Ireland,Alaris GP #681,Medtronic,Alaris,2012-02-20,10,2
PRK300,Infusion Pump,1,1,0,2,1,1,0.0,1,2,0.0,Germany,Infusomat Space #516,B. Braun Melsungen AG,Infusomat,2004-10-15,,1
PRK312,Radiographic System,10,1,0,1,1,1,0.0,0,1,0.0,Netherlands,DigitalDiagnost #534,Koninklijke Philips N.V.,Philips,2014-05-01,,1
PRK319,Defibrillator,15,1,0,3,1,1,0.0,0,2,0.0,USA,Lifepak 20e #934,Physio-Control Inc,Lifepak,2005-09-17,,1
PRK319,Infusion Pump,4,0,0,2,1,1,0.0,0,2,0.0,USA,Sigma Spectrum #235,Baxter Healthcare Corp,Sigma,2015-08-06,,1
PRK310,Infusion Pump,5,0,0,2,1,1,42.57,1,2,1096.62,USA,Sigma Spectrum #722,Baxter Healthcare Corp,Sigma,2018-04-14,45,3
PRK312,Infusion Pump,4,1,0,2,1,1,0.0,1,2,0.0,USA,Sigma Spectrum #245,Baxter Healthcare Corp,Sigma,2008-08-09,,1
PRK358,Ventilator,11,1,0,3,2,1,0.54,0,2,36.74,USA,Smartvent 7900 #132,Datex-Ohmeda Inc,Smartvent,2006-08-06,11,3
PRK342,Ventilator,10,1,1,3,1,1,282.94,0,2,117.63,USA,Smartvent 7900 #948,Datex-Ohmeda Inc,Smartvent,2008-07-19,35,3
PRK319,Infusion Pump,4,0,0,2,1,1,298.75,0,2,0.0,USA,Sigma Spectrum #741,Baxter Healthcare Corp,Sigma,2011-05-23,37,2
PRK319,Infusion Pump,8,1,0,2,1,1,209.28,1,1,281.51,Germany,Infusomat Space #173,B. Braun Melsungen AG,Infusomat,2011-07-22,18,2
PRK300,Infusion Pump,8,1,0,2,1,1,0.0,1,2,0.0,Germany,Infusomat Space #886,B. Braun Melsungen AG,Infusomat,1999-12-24,,1
PRK320,Defibrillator,11,1,0,3,1,1,10.3,1,2,248.33,Netherlands,HeartStart XL #453,Koninklijke Philips N.V.,HeartStart,2003-02-02,21,2
PRK326,Defibrillator,6,0,0,3,1,1,29.31,0,2,0.0,USA,Lifepak 20e #354,Physio-Control Inc,Lifepak,2018-01-26,13,2
PRK358,Infusion Pump,17,0,0,2,1,1,0.0,1,2,0.0,Ireland,Alaris GP #815,Medtronic,Alaris,1996-08-19,,1
PRK342,Physiologic Monitoring System,11,1,0,1,1,1,1.61,0,2,36.29,Japan,Life Scope #600,Nihon Kohden Corp,Nihon Kohden,2015-10-29,7,3
PRK333,Infusion Pump,17,1,0,2,1,1,18.63,0,2,1400.17,Ireland,Alaris GP #522,Medtronic,Alaris,2012-12-22,11,2
PRK311,Physiologic Monitoring System,10,1,0,1,1,1,74.17,0,2,445.21,Netherlands,IntelliVue #490,Koninklijke Philips N.V.,Philips,2011-03-31,18,2
PRK341,Defibrillator,11,1,0,3,1,1,0.0,0,2,0.0,USA,Lifepak 20e #956,Physio-Control Inc,Lifepak,2016-07-29,,1
PRK358,Infusion Pump,2,0,0,2,1,1,0.0,0,2,0.0,Germany,Infusomat Space #357,B. Braun Melsungen AG,Infusomat,2018-01-20,,1
PRK300,Infusion Pump,10,0,0,2,1,1,17.6,0,2,422.47,USA,Sigma Spectrum #968,Baxter Healthcare Corp,Sigma,1994-12-18,26,2
PRK358,Physiologic Monitoring System,8,1,0,1,1,1,0.0,0,2,0.0,Netherlands,IntelliVue #486,Koninklijke Philips N.V.,Philips,2012-09-18,,1
PRK312,Infusion Pump,18,1,2,2,1,1,94.88,1,2,745.88,Ireland,Alaris GP #840,Medtronic,Alaris,2007-01-29,21,2
PRK342,Ventilator,17,1,0,3,1,1,0.0,0,2,0.0,Germany,Evita V500 #52,Drager Medical AG & Co KGaA,Evita,2014-06-10,,1
PRK312,Infusion Pump,20,1,0,2,1,1,79.66,0,2,367.84,Ireland,Alaris GP #406,Medtronic,Alaris,2006-08-22,15,2
PRK341,Defibrillator,5,1,0,3,1,1,236.98,0,2,205.1,USA,Lifepak 20e #467,Physio-Control Inc,Lifepak,2013-05-13,31,2
PRK319,Infusion Pump,8,1,0,2,1,1,150.8,0,1,289.79,USA,Sigma Spectrum #853,Baxter Healthcare Corp,Sigma,2008-09-10,37,2
PRK340,Infusion Pump,21,1,0,2,1,1,6.97,0,2,230.2,USA,Sigma Spectrum #146,Baxter Healthcare Corp,Sigma,2009-12-14,22,3
PRK341,Infusion Pump,5,0,0,2,1,1,10.61,0,2,281.38,Germany,Infusomat Space #691,B. Braun Melsungen AG,Infusomat,2001-03-01,26,2
PRK341,Infusion Pump,19,1,0,2,1,1,0.0,0,2,0.0,Germany,Infusomat Space #911,B. Braun Melsungen AG,Infusomat,2008-06-19,,1
PRK342,Infusion Pump,17,1,1,2,1,1,11.39,0,2,2359.45,Ireland,Alaris GP #885,Medtronic,Alaris,2007-11-19,58,2
PRK300,Physiologic Monitoring System,8,0,0,1,1,1,64.53,1,2,5433.3,USA,CARESCAPE #470,GE Healthcare,GE,2007-12-28,39,2
PRK342,Infusion Pump,25,1,1,2,1,1,0.0,0,2,155.41,USA,Sigma Spectrum #255,Baxter Healthcare Corp,Sigma,2006-03-09,17,2
PRK311,Infusion Pump,18,1,0,2,1,1,618.31,1,2,25.48,Germany,Infusomat Space #840,B. Braun Melsungen AG,Infusomat,2013-12-12,27,2
PRK342,Infusion Pump,3,0,0,2,1,1,242.34,0,2,3973.16,Germany,Infusomat Space #97,B. Braun Melsungen AG,Infusomat,2003-09-04,47,2
PRK311,Infusion Pump,22,1,2,2,1,1,1309.63,1,2,94250.89,USA,Sigma Spectrum #888,Baxter Healthcare Corp,Sigma,2001-04-25,7,2
PRK333,Defibrillator,8,1,0,3,1,1,8.78,0,2,2208.35,USA,Lifepak 20e #551,Physio-Control Inc,Lifepak,2007-08-22,38,3
PRK326,Sphygmomanometers,11,0,0,1,1,1,0.0,0,2,0.0,Malaysia,MV-BP100 #212,Med-Vantage Sdn Bhd,MedVantage,2012-02-15,,1
PRK360,Infusion Pump,11,1,0,2,1,1,8.98,0,2,1094.43,USA,Sigma Spectrum #463,Baxter Healthcare Corp,Sigma,2006-05-28,33,2
PRK341,Physiologic Monitoring System,13,1,0,1,1,1,951.22,0,2,936.54,USA,CARESCAPE #239,GE Healthcare,GE,2020-04-25,15,3
PRK310,Physiologic Monitoring System,21,0,0,1,1,1,0.76,1,2,600.6,Japan,Life Scope #588,Nihon Kohden Corp,Nihon Kohden,2020-02-21,18,3
PRK342,Radiographic System,11,1,0,1,1,1,0.0,0,2,0.0,Netherlands,DigitalDiagnost #256,Koninklijke Philips N.V.,Philips,2013-01-13,,1
PRK312,Infusion Pump,8,1,0,2,1,1,0.0,0,2,0.0,Ireland,Alaris GP #872,Medtronic,Alaris,2012-04-13,,1
PRK319,Infusion Pump,4,1,0,2,1,1,199.41,1,2,0.0,Germany,Infusomat Space #890,B. Braun Melsungen AG,Infusomat,2019-07-23,20,2
PRK326,Infusion Pump,6,1,0,2,1,1,0.0,1,2,0.0,Germany,Infusomat Space #835,B. Braun Melsungen AG,Infusomat,2017-04-22,,1
PRK342,Defibrillator,17,1,0,3,1,1,133.27,0,2,2271.42,USA,Lifepak 20e #479,Physio-Control Inc,Lifepak,1999-04-26,19,2
PRK358,Physiologic Monitoring System,19,1,0,1,2,1,4661.04,0,2,17070.24,Netherlands,IntelliVue #77,Koninklijke Philips N.V.,Philips,2000-09-09,23,2
PRK358,Infusion Pump,6,0,0,2,1,1,1607.21,1,2,3434.36,Ireland,Alaris GP #77,Medtronic,Alaris,2003-04-29,16,2
PRK312,Infusion Pump,15,0,0,2,1,1,167.57,1,2,3.13,Ireland,Alaris GP #153,Medtronic,Alaris,2020-05-12,15,3
PRK300,Physiologic Monitoring System,5,1,0,1,1,1,0.0,1,2,0.0,Japan,Life Scope #217,Nihon Kohden Corp,Nihon Kohden,2015-08-24,,1
PRK358,Defibrillator,2,0,0,3,1,1,863.17,1,2,761.03,USA,Lifepak 20e #686,Physio-Control Inc,Lifepak,2014-01-01,48,2
PRK319,Infusion Pump,2,1,0,2,1,1,983.43,0,2,30988.72,Germany,Infusomat Space #181,B. Braun Melsungen AG,Infusomat,2019-10-07,31,2
PRK341,Physiologic Monitoring System,18,0,0,1,1,1,73.74,0,2,263.28,USA,CARESCAPE #540,GE Healthcare,GE,2010-08-31,34,3
PRK360,Infusion Pump,2,0,0,2,1,1,67.53,0,1,0.0,USA,Sigma Spectrum #847,Baxter Healthcare Corp,Sigma,2007-06-09,36,2
PRK312,Infusion Pump,14,1,0,2,1,1,0.0,0,2,0.0,Ireland,Alaris GP #174,Medtronic,Alaris,2006-01-20,,1
PRK326,Infusion Pump,10,0,0,2,1,1,106.64,1,2,28093.97,Germany,Infusomat Space #365,B. Braun Melsungen AG,Infusomat,2003-10-27,12,3
PRK358,Ventilator,19,1,0,3,1,1,0.0,0,2,0.0,USA,Carestation 650 #23,Datex-Ohmeda Inc,Carestation,2005-07-27,,1
PRK341,Sphygmomanometers,9,1,0,1,1,1,356.5,0,2,193.33,USA,DS66 #862,Welch Allyn Inc,Welch Allyn,2016-05-31,57,2
PRK358,Infusion Pump,12,1,0,2,1,1,1581.05,0,2,28194.49,USA,Sigma Spectrum #293,Baxter Healthcare Corp,Sigma,2008-08-13,43,2
PRK341,Infusion Pump,10,1,0,2,1,1,561.13,0,2,34.75,USA,Sigma Spectrum #446,Baxter Healthcare Corp,Sigma,1996-02-23,2,2
PRK319,Infusion Pump,11,1,0,2,1,1,405.53,0,2,56.32,Ireland,Alaris GP #253,Medtronic,Alaris,2000-09-03,42,3
PRK350,Infusion Pump,8,1,0,2,1,1,40.39,0,2,54.44,Germany,Infusomat Space #802,B. Braun Melsungen AG,Infusomat,2010-12-20,23,2
PRK342,Infusion Pump,12,1,0,2,1,1,29.23,0,2,965.92,Germany,Infusomat Space #116,B. Braun Melsungen AG,Infusomat,2014-11-10,18,2
PRK358,Infusion Pump,7,0,0,2,1,1,233.56,0,2,341.37,USA,Sigma Spectrum #923,Baxter Healthcare Corp,Sigma,2014-02-02,22,2
PRK333,Infusion Pump,16,1,0,2,1,1,173.01,0,2,164.24,Ireland,Alaris GP #985,Medtronic,Alaris,2011-04-04,23,2
PRK333,Infusion Pump,9,1,0,2,1,1,214.34,0,2,4922.05,Germany,Infusomat Space #993,B. Braun Melsungen AG,Infusomat,2004-01-17,33,2
PRK320,Infusion Pump,15,1,0,2,1,1,0.0,0,2,0.0,Ireland,Alaris GP #928,Medtronic,Alaris,1996-07-19,,1
PRK319,Ventilator,5,1,0,3,1,1,10.24,1,2,18316.84,USA,Carestation 650 #7,Datex-Ohmeda Inc,Carestation,1998-01-20,29,3
PRK360,Infusion Pump,6,0,0,2,1,1,23.82,0,2,751.34,USA,Sigma Spectrum #177,Baxter Healthcare Corp,Sigma,2009-07-19,11,2
PRK360,Physiologic Monitoring System,2,1,0,1,1,1,217.14,1,2,3888.27,Netherlands,IntelliVue #233,Koninklijke Philips N.V.,Philips,2019-12-02,58,2
PRK333,Defibrillator,11,1,0,3,1,1,59.61,0,2,47.32,USA,Lifepak 20e #677,Physio-Control Inc,Lifepak,2012-12-31,14,2
PRK360,Physiologic Monitoring System,11,1,0,1,2,1,938.53,0,2,3449.47,Japan,Life Scope #597,Nihon Kohden Corp,Nihon Kohden,2004-08-16,9,2
PRK320,Infusion Pump,6,1,0,2,1,1,9.49,0,2,0.0,Germany,Infusomat Space #774,B. Braun Melsungen AG,Infusomat,2019-09-03,34,2
PRK358,Infusion Pump,9,0,0,2,1,1,9.72,1,2,106.66,USA,Sigma Spectrum #650,Baxter Healthcare Corp,Sigma,2006-10-10,23,3
PRK341,Physiologic Monitoring System,4,1,0,1,1,1,39.29,1,2,2639.14,Japan,Life Scope #506,Nihon Kohden Corp,Nihon Kohden,2004-11-22,37,3
PRK342,Infusion Pump,17,1,0,2,1,1,21.46,0,2,1152.92,Ireland,Alaris GP #896,Medtronic,Alaris,2001-04-03,28,2
PRK342,Infusion Pump,17,1,1,2,1,1,13.23,0,2,1904.8,Germany,Infusomat Space #508,B. Braun Melsungen AG,Infusomat,2015-07-28,7,2
PRK341,Infusion Pump,8,1,0,2,1,1,65.51,0,2,5837.06,USA,Sigma Spectrum #468,Baxter Healthcare Corp,Sigma,2012-06-17,18,2
PRK358,Infusion Pump,7,1,0,2,2,1,0.0,0,2,0.0,USA,Sigma Spectrum #284,Baxter Healthcare Corp,Sigma,2003-03-10,,1
PRK326,Infusion Pump,2,0,0,2,1,1,0.0,0,2,0.0,Ireland,Alaris GP #882,Medtronic,Alaris,2007-06-29,,1
PRK358,Physiologic Monitoring System,15,1,0,1,1,1,0.0,1,2,0.0,Netherlands,IntelliVue #709,Koninklijke Philips N.V.,Philips,2017-05-16,,1
PRK312,Infusion Pump,4,1,0,2,1,1,0.0,0,2,0.0,USA,Sigma Spectrum #707,Baxter Healthcare Corp,Sigma,2009-02-16,,1
PRK312,Infusion Pump,16,0,0,2,1,1,34.2,1,2,456.24,Ireland,Alaris GP #7,Medtronic,Alaris,2016-12-15,29,2
PRK342,Ventilator,2,1,0,3,2,1,12.66,1,2,112.35,UK,Blease 8200p #9,Blease Medical Equipment Ltd,Blease,2007-11-11,48,2
PRK342,Infusion Pump,4,0,0,2,1,1,0.0,0,2,0.0,USA,Sigma Spectrum #538,Baxter Healthcare Corp,Sigma,2007-11-05,,1
PRK358,Physiologic Monitoring System,3,1,0,1,1,1,6.1,0,2,304.74,USA,CARESCAPE #611,GE Healthcare,GE,2015-09-21,37,2
PRK319,Infusion Pump,4,0,0,2,1,1,1361.44,1,2,333.21,Germany,Infusomat Space #405,B. Braun Melsungen AG,Infusomat,1999-09-16,26,3
PRK300,Infusion Pump,30,0,1,2,1,1,271.33,0,2,311.72,Ireland,Alaris GP #751,Medtronic,Alaris,2015-01-26,8,2
PRK333,Defibrillator,8,1,0,3,1,1,4570.15,0,2,1146.9,Netherlands,HeartStart XL #842,Koninklijke Philips N.V.,HeartStart,2015-06-27,47,2
PRK358,Infusion Pump,13,1,0,2,1,1,65.57,1,2,653.67,Germany,Infusomat Space #478,B. Braun Melsungen AG,Infusomat,2013-01-11,21,2
PRK360,Infusion Pump,3,0,0,2,1,1,29.18,0,2,1541.59,USA,Sigma Spectrum #844,Baxter Healthcare Corp,Sigma,2013-12-05,51,2
PRK358,Defibrillator,5,1,0,3,1,1,11.61,1,2,270.69,Netherlands,HeartStart XL #259,Koninklijke Philips N.V.,HeartStart,2009-11-10,43,2
PRK333,Physiologic Monitoring System,27,1,0,1,1,1,124.62,0,2,9.49,Netherlands,IntelliVue #574,Koninklijke Philips N.V.,Philips,2003-05-11,5,2
PRK358,Physiologic Monitoring System,8,0,0,1,1,1,24.39,0,2,3633.91,USA,CARESCAPE #267,GE Healthcare,GE,2000-10-27,17,3
PRK319,Infusion Pump,10,1,0,2,1,1,9.7,0,2,110.11,USA,Sigma Spectrum #295,Baxter Healthcare Corp,Sigma,2010-11-24,12,2
PRK358,Infusion Pump,12,1,0,2,1,1,591.93,0,2,1263.77,Ireland,Alaris GP #676,Medtronic,Alaris,2008-05-19,12,3
PRK340,Physiologic Monitoring System,24,1,2,1,2,1,58.57,0,2,659.61,USA,CARESCAPE #595,GE Healthcare,GE,2016-12-20,8,2
PRK326,Infusion Pump,1,1,1,2,1,1,0.0,0,2,0.0,Ireland,Alaris GP #484,Medtronic,Alaris,2020-03-17,,1
PRK341,Infusion Pump,18,1,0,2,1,1,81.16,0,2,1.39,Germany,Infusomat Space #585,B. Braun Melsungen AG,Infusomat,1998-02-22,2,3
PRK350,Ventilator,20,0,1,3,1,1,114.8,0,2,0.0,USA,Smartvent 7900 #460,Datex-Ohmeda Inc,Smartvent,2007-06-26,17,3
PRK319,Infusion Pump,13,1,0,2,1,1,0.0,0,2,0.0,Ireland,Alaris GP #562,Medtronic,Alaris,2014-02-05,,1
PRK310,Infusion Pump,7,0,0,2,1,1,0.0,0,2,0.0,Germany,Infusomat Space #651,B. Braun Melsungen AG,Infusomat,2018-11-24,,1
PRK342,Infusion Pump,11,1,0,2,1,1,1504.36,0,2,0.0,USA,Sigma Spectrum #475,Baxter Healthcare Corp,Sigma,2016-12-03,16,2
PRK360,Infusion Pump,3,1,0,2,1,1,50.19,0,1,13.98,Ireland,Alaris GP #729,Medtronic,Alaris,2014-08-19,40,2
PRK341,Physiologic Monitoring System,1,0,0,1,1,1,114.75,0,2,646.74,Netherlands,IntelliVue #152,Koninklijke Philips N.V.,Philips,2004-01-08,9,2
PRK311,Defibrillator,10,0,0,3,1,1,229.24,0,2,719.91,USA,Lifepak 20e #567,Physio-Control Inc,Lifepak,2006-06-26,38,2
PRK341,Infusion Pump,0,0,0,2,1,1,27.8,0,2,3384.53,Germany,Infusomat Space #574,B. Braun Melsungen AG,Infusomat,2010-05-20,58,2
PRK311,Infusion Pump,5,0,0,2,1,1,0.0,0,2,0.0,Ireland,Alaris GP #187,Medtronic,Alaris,2005-09-01,,1
PRK319,Infusion Pump,4,1,0,2,1,1,4.67,0,2,71.07,USA,Sigma Spectrum #366,Baxter Healthcare Corp,Sigma,2010-10-12,9,2
PRK300,Infusion Pump,7,1,0,2,1,1,8.89,0,2,751.52,USA,Sigma Spectrum #950,Baxter Healthcare Corp,Sigma,2018-10-06,26,3
PRK333,Infusion Pump,7,1,0,2,1,1,0.0,0,2,0.0,USA,Sigma Spectrum #499,Baxter Healthcare Corp,Sigma,2018-10-06,,1
PRK319,Defibrillator,3,0,0,3,1,1,0.0,1,2,0.0,Netherlands,HeartStart XL #741,Koninklijke Philips N.V.,HeartStart,2007-06-17,,1
PRK310,Physiologic Monitoring System,12,0,0,1,1,1,5.37,0,2,6169.77,Japan,Life Scope #765,Nihon Kohden Corp,Nihon Kohden,2011-08-02,13,2
PRK319,Infusion Pump,20,1,0,2,1,1,286.36,0,2,2398.55,USA,Sigma Spectrum #264,Baxter Healthcare Corp,Sigma,2014-07-23,25,3
PRK341,Radiographic System,3,0,0,1,1,1,774.73,0,2,15.53,Germany,Somatom #630,Siemens Healthineers,Siemens,2006-02-15,42,2
PRK319,Infusion Pump,3,0,0,2,1,1,10.15,0,2,689.54,USA,Sigma Spectrum #352,Baxter Healthcare Corp,Sigma,2018-04-24,23,2
PRK311,Sphygmomanometers,8,1,0,1,1,1,2.51,0,2,61.23,Malaysia,MV-BP100 #856,Med-Vantage Sdn Bhd,MedVantage,2001-09-17,30,2
PRK340,Infusion Pump,1,1,0,2,1,1,60.77,0,2,6.83,USA,Sigma Spectrum #996,Baxter Healthcare Corp,Sigma,1996-04-29,40,2
PRK342,Infusion Pump,8,1,0,2,1,1,0.0,0,2,0.0,Germany,Infusomat Space #310,B. Braun Melsungen AG,Infusomat,2007-03-04,,1
PRK358,Defibrillator,18,0,0,3,1,1,4.98,0,2,275.17,Netherlands,HeartStart XL #304,Koninklijke Philips N.V.,HeartStart,1998-10-29,16,2
PRK333,Infusion Pump,3,1,0,2,2,1,5.23,0,2,87116.54,USA,Sigma Spectrum #372,Baxter Healthcare Corp,Sigma,2008-07-31,5,2
PRK342,Infusion Pump,23,1,0,2,1,1,0.0,0,2,0.0,Germany,Infusomat Space #705,B. Braun Melsungen AG,Infusomat,1992-06-25,,1
PRK358,Infusion Pump,6,1,0,2,1,1,86.91,0,2,714.26,USA,Sigma Spectrum #377,Baxter Healthcare Corp,Sigma,2011-06-07,10,3
PRK341,Physiologic Monitoring System,7,0,0,1,1,1,9.02,0,2,1311.53,Netherlands,IntelliVue #416,Koninklijke Philips N.V.,Philips,2015-11-24,26,2
PRK333,Physiologic Monitoring System,5,0,0,1,1,1,266.2,0,2,280.84,USA,CARESCAPE #121,GE Healthcare,GE,2020-11-12,24,3
PRK300,Infusion Pump,15,1,0,2,1,1,201.34,0,2,1210.12,Germany,Infusomat Space #448,B. Braun Melsungen AG,Infusomat,2011-11-30,30,2
PRK319,Physiologic Monitoring System,9,1,0,1,2,1,804.87,0,2,124.31,USA,CARESCAPE #135,GE Healthcare,GE,2008-12-02,41,2
PRK319,Physiologic Monitoring System,6,1,0,1,1,1,392.97,0,2,0.0,Japan,Life Scope #680,Nihon Kohden Corp,Nihon Kohden,2015-04-07,41,2
PRK326,Infusion Pump,4,0,0,2,1,1,3.15,1,2,167.32,Ireland,Alaris GP #865,Medtronic,Alaris,2010-02-10,9,3
PRK360,Infusion Pump,10,1,0,2,1,1,33.05,1,1,33.58,USA,Sigma Spectrum #184,Baxter Healthcare Corp,Sigma,2019-09-26,38,2
PRK319,Infusion Pump,21,1,0,2,1,1,424.43,0,1,2528.94,USA,Sigma Spectrum #929,Baxter Healthcare Corp,Sigma,2010-09-17,12,2
PRK340,Infusion Pump,7,1,0,2,1,1,4.65,0,2,533.91,USA,Sigma Spectrum #914,Baxter Healthcare Corp,Sigma,2010-08-28,24,2
PRK360,Infusion Pump,9,0,0,2,1,1,27.65,0,2,0.0,Germany,Infusomat Space #138,B. Braun Melsungen AG,Infusomat,2003-01-18,44,3
PRK341,Infusion Pump,2,1,0,2,1,1,61.88,1,2,2367.65,Germany,Infusomat Space #423,B. Braun Melsungen AG,Infusomat,2016-01-10,52,2
PRK319,Infusion Pump,9,1,0,2,1,1,49.91,0,2,157.21,USA,Sigma Spectrum #76,Baxter Healthcare Corp,Sigma,2007-05-16,9,2
PRK360,Infusion Pump,30,1,0,2,1,1,92.97,0,2,0.63,USA,Sigma Spectrum #244,Baxter Healthcare Corp,Sigma,2015-06-09,5,2
PRK320,Physiologic Monitoring System,3,0,0,1,1,1,0.0,1,2,0.0,Japan,Life Scope #277,Nihon Kohden Corp,Nihon Kohden,2005-09-24,,1
PRK300,Infusion Pump,11,1,0,2,1,1,10.12,0,2,3517.67,Ireland,Alaris GP #96,Medtronic,Alaris,2006-05-21,3,2
PRK330,Radiographic System,5,1,0,1,1,1,0.0,0,2,0.0,Netherlands,DigitalDiagnost #801,Koninklijke Philips N.V.,Philips,2016-03-15,,1
PRK319,Defibrillator,2,1,0,3,1,1,39.57,0,2,36.36,Netherlands,HeartStart XL #806,Koninklijke Philips N.V.,HeartStart,2012-06-26,35,2
PRK358,Physiologic Monitoring System,6,0,0,1,1,1,2452.72,0,2,157.48,Netherlands,IntelliVue #709,Koninklijke Philips N.V.,Philips,2010-05-12,19,3
PRK319,Sphygmomanometers,30,0,0,1,1,1,7.4,1,2,3254.45,Malaysia,MV-BP100 #790,Med-Vantage Sdn Bhd,MedVantage,2018-10-22,7,2
PRK358,Defibrillator,11,0,0,3,1,1,0.0,0,2,0.0,Netherlands,HeartStart XL #983,Koninklijke Philips N.V.,HeartStart,2010-05-28,,1
PRK300,Infusion Pump,10,0,0,2,1,1,5.03,0,1,297.49,Ireland,Alaris GP #52,Medtronic,Alaris,2005-05-12,39,2
PRK358,Physiologic Monitoring System,3,1,0,1,1,1,105.53,1,2,1241.33,Japan,Life Scope #991,Nihon Kohden Corp,Nihon Kohden,2010-12-20,18,2
PRK300,Infusion Pump,17,1,0,2,1,1,37.57,1,2,15202.3,USA,Sigma Spectrum #255,Baxter Healthcare Corp,Sigma,2006-08-13,25,2
PRK358,Physiologic Monitoring System,22,1,0,1,2,1,140.35,0,2,209.01,Japan,Life Scope #313,Nihon Kohden Corp,Nihon Kohden,2000-08-11,17,2
PRK300,Infusion Pump,21,1,1,2,1,1,15.1,1,2,23.7,Ireland,Alaris GP #445,Medtronic,Alaris,2009-01-06,22,3
PRK358,Infusion Pump,16,1,0,2,1,1,0.0,0,2,0.0,USA,Sigma Spectrum #249,Baxter Healthcare Corp,Sigma,2013-10-22,,1
PRK358,Infusion Pump,4,0,1,2,1,1,543.32,0,2,147878.0,USA,Sigma Spectrum #976,Baxter Healthcare Corp,Sigma,2007-11-10,22,3
PRK341,Sphygmomanometers,3,0,0,1,1,1,275.66,1,2,1234.43,USA,DS66 #118,Welch Allyn Inc,Welch Allyn,1999-11-18,18,2
PRK300,Infusion Pump,1,0,0,2,1,1,298.12,0,2,9945.25,USA,Sigma Spectrum #514,Baxter Healthcare Corp,Sigma,2006-03-24,37,2
PRK341,Infusion Pump,3,1,2,2,1,1,270.49,1,2,585.59,USA,Sigma Spectrum #515,Baxter Healthcare Corp,Sigma,2008-08-13,34,2
PRK341,Infusion Pump,10,1,0,2,1,1,65.3,0,2,96.6,USA,Sigma Spectrum #43,Baxter Healthcare Corp,Sigma,2014-10-18,22,2
PRK340,Infusion Pump,3,0,0,2,1,1,164.14,0,2,51.43,Germany,Infusomat Space #822,B. Braun Melsungen AG,Infusomat,2005-05-08,46,2
PRK341,Ventilator,17,0,0,3,1,1,10.68,0,1,0.0,USA,Carestation 650 #507,Datex-Ohmeda Inc,Carestation,2014-07-23,26,2
PRK360,Physiologic Monitoring System,19,1,0,1,2,1,0.0,0,1,0.0,Japan,Life Scope #729,Nihon Kohden Corp,Nihon Kohden,2015-04-20,,1
PRK360,Infusion Pump,19,1,0,2,1,1,421.37,1,2,29.63,Ireland,Alaris GP #808,Medtronic,Alaris,2003-03-22,10,2
PRK333,Infusion Pump,1,1,0,2,1,1,2108.15,0,2,3171.29,Ireland,Alaris GP #214,Medtronic,Alaris,2004-12-02,50,2
PRK310,Infusion Pump,10,1,0,2,1,1,0.0,0,2,0.0,USA,Sigma Spectrum #347,Baxter Healthcare Corp,Sigma,2019-05-05,,1
PRK311,Infusion Pump,9,0,0,2,1,1,0.0,0,2,0.0,Germany,Infusomat Space #403,B. Braun Melsungen AG,Infusomat,2017-05-24,,1
PRK342,Ventilator,18,1,1,3,1,1,0.0,0,2,0.0,USA,Carestation 650 #351,Datex-Ohmeda Inc,Carestation,2018-02-13,,1
PRK360,Physiologic Monitoring System,2,0,0,1,1,1,701.9,0,2,2408.79,USA,CARESCAPE #794,GE Healthcare,GE,2017-04-09,20,2
PRK330,Infusion Pump,9,1,0,2,1,1,31.6,0,2,304.92,Germany,Infusomat Space #209,B. Braun Melsungen AG,Infusomat,2013-08-22,23,2
PRK310,Physiologic Monitoring System,2,1,0,1,1,1,0.0,0,2,0.0,USA,CARESCAPE #346,GE Healthcare,GE,2008-06-28,,1
PRK320,Infusion Pump,16,1,0,2,1,1,307.87,0,2,289.96,USA,Sigma Spectrum #138,Baxter Healthcare Corp,Sigma,2016-07-20,5,2
PRK326,Physiologic Monitoring System,1,0,0,1,1,1,0.0,0,2,0.0,Japan,Life Scope #314,Nihon Kohden Corp,Nihon Kohden,2011-03-30,,1
PRK360,Infusion Pump,30,1,2,2,1,1,28.47,0,2,565.64,USA,Sigma Spectrum #44,Baxter Healthcare Corp,Sigma,2018-06-17,5,2
PRK342,Physiologic Monitoring System,12,1,1,1,1,1,2.7,0,2,934.38,USA,CARESCAPE #775,GE Healthcare,GE,2015-12-04,39,3
PRK311,Infusion Pump,8,0,0,2,1,1,0.0,0,2,0.0,USA,Sigma Spectrum #582,Baxter Healthcare Corp,Sigma,2009-01-30,,1
PRK320,Sphygmomanometers,5,0,0,1,1,1,245.86,0,2,472.12,USA,DS66 #431,Welch Allyn Inc,Welch Allyn,2008-07-08,28,2
PRK300,Infusion Pump,19,0,2,2,1,1,5.9,0,2,8683.51,Germany,Infusomat Space #920,B. Braun Melsungen AG,Infusomat,2001-11-01,21,2
PRK341,Infusion Pump,2,0,0,2,1,1,1317.86,0,2,2331.14,Ireland,Alaris GP #14,Medtronic,Alaris,2015-01-24,28,2
PRK341,Infusion Pump,1,1,0,2,1,1,1977.33,1,2,884.54,Germany,Infusomat Space #480,B. Braun Melsungen AG,Infusomat,2012-02-02,42,2
PRK300,Infusion Pump,12,1,0,2,1,1,8.34,0,2,170.69,Ireland,Alaris GP #857,Medtronic,Alaris,1998-06-15,19,2
PRK320,Infusion Pump,8,1,0,2,1,1,15.76,1,2,155309.19,Germany,Infusomat Space #960,B. Braun Melsungen AG,Infusomat,2006-08-30,37,2
PRK358,Physiologic Monitoring System,10,1,0,1,1,1,194.23,0,2,20583.26,Netherlands,IntelliVue #908,Koninklijke Philips N.V.,Philips,2007-06-02,42,2
PRK358,Physiologic Monitoring System,9,1,0,1,1,1,0.0,0,2,0.0,USA,CARESCAPE #611,GE Healthcare,GE,2018-06-08,,1
PRK340,Infusion Pump,13,1,0,2,1,1,74.0,1,2,2411.45,Ireland,Alaris GP #810,Medtronic,Alaris,2013-04-13,23,2
PRK333,Physiologic Monitoring System,8,1,0,1,1,1,16.91,0,2,10592.84,Netherlands,IntelliVue #893,Koninklijke Philips N.V.,Philips,2020-08-25,11,3
PRK360,Physiologic Monitoring System,6,0,0,1,1,1,27.23,0,2,1885.96,USA,CARESCAPE #502,GE Healthcare,GE,2005-07-28,28,2
PRK342,Infusion Pump,8,1,0,2,1,1,66.81,0,2,595.45,Germany,Infusomat Space #472,B. Braun Melsungen AG,Infusomat,1994-07-18,12,3
PRK360,Infusion Pump,15,0,0,2,2,1,20.74,0,2,147.59,USA,Sigma Spectrum #783,Baxter Healthcare Corp,Sigma,2001-10-19,18,2
PRK300,Infusion Pump,15,1,0,2,1,1,490.46,0,2,1800.22,Germany,Infusomat Space #455,B. Braun Melsungen AG,Infusomat,2014-08-01,6,2
PRK319,Infusion Pump,11,0,0,2,1,1,15.66,1,1,75.61,Ireland,Alaris GP #737,Medtronic,Alaris,2009-04-07,29,2
PRK300,Ventilator,1,1,0,3,1,1,0.0,0,2,0.0,UK,Blease 8200p #144,Blease Medical Equipment Ltd,Blease,2017-03-30,,1
PRK358,Defibrillator,10,0,0,3,1,1,215.16,0,2,182.91,Netherlands,HeartStart XL #450,Koninklijke Philips N.V.,HeartStart,2015-03-18,18,2
PRK342,Physiologic Monitoring System,2,0,0,1,1,1,0.0,0,2,0.0,USA,CARESCAPE #322,GE Healthcare,GE,2016-09-26,,1
PRK312,Infusion Pump,16,1,0,2,1,1,0.0,0,2,0.0,USA,Sigma Spectrum #349,Baxter Healthcare Corp,Sigma,2011-06-13,,1
PRK360,Physiologic Monitoring System,14,1,1,1,1,1,0.0,1,2,0.0,USA,CARESCAPE #795,GE Healthcare,GE,2016-08-16,12,2
PRK360,Physiologic Monitoring System,4,0,0,1,1,1,11.38,0,2,0.0,Netherlands,IntelliVue #951,Koninklijke Philips N.V.,Philips,2011-11-10,8,2
PRK319,Infusion Pump,13,1,0,2,1,1,220.24,1,2,11902.09,USA,Sigma Spectrum #607,Baxter Healthcare Corp,Sigma,1995-12-26,35,2
PRK341,Ventilator,9,1,0,3,1,1,43.15,0,2,0.0,Germany,Evita V500 #439,Drager Medical AG & Co KGaA,Evita,2012-07-05,40,2
PRK341,Infusion Pump,4,0,0,2,1,1,34.71,0,2,0.93,USA,Sigma Spectrum #632,Baxter Healthcare Corp,Sigma,2002-06-13,46,2
PRK300,Infusion Pump,13,1,0,2,1,1,0.0,0,1,0.0,Ireland,Alaris GP #138,Medtronic,Alaris,2010-04-11,,1
PRK342,Infusion Pump,23,0,0,2,1,1,1819.58,1,2,6167.57,Germany,Infusomat Space #757,B. Braun Melsungen AG,Infusomat,2008-07-23,18,2
PRK319,Infusion Pump,6,0,0,2,1,1,255.44,0,2,3875.72,Germany,Infusomat Space #130,B. Braun Melsungen AG,Infusomat,2008-01-05,23,3
PRK358,Defibrillator,11,1,0,3,2,1,3.94,0,2,1441.98,USA,Lifepak 20e #907,Physio-Control Inc,Lifepak,2010-04-21,41,3
PRK358,Infusion Pump,3,0,0,2,1,1,0.0,1,2,507.28,Germany,Infusomat Space #380,B. Braun Melsungen AG,Infusomat,2007-03-29,36,2
PRK358,Infusion Pump,5,0,0,2,1,1,18.23,0,2,8.31,Germany,Infusomat Space #430,B. Braun Melsungen AG,Infusomat,2010-02-28,2,2
PRK342,Infusion Pump,8,1,0,2,1,1,10.64,0,2,369.73,Ireland,Alaris GP #414,Medtronic,Alaris,2018-12-04,12,2
PRK312,Infusion Pump,4,1,0,2,1,1,14.62,1,2,350.62,Ireland,Alaris GP #266,Medtronic,Alaris,2012-10-17,20,2
PRK320,Infusion Pump,4,0,0,2,1,1,138.91,0,2,448.65,USA,Sigma Spectrum #132,Baxter Healthcare Corp,Sigma,2003-03-27,54,2
PRK342,Infusion Pump,3,1,0,2,1,1,0.0,0,2,0.0,Ireland,Alaris GP #634,Medtronic,Alaris,1998-06-22,,1
PRK320,Physiologic Monitoring System,19,1,0,1,1,1,0.0,0,2,0.0,Netherlands,IntelliVue #448,Koninklijke Philips N.V.,Philips,2012-02-20,,1
PRK342,Infusion Pump,15,1,1,2,1,1,90.96,1,2,508.67,Germany,Infusomat Space #697,B. Braun Melsungen AG,Infusomat,2012-05-05,34,2
PRK320,Ventilator,8,0,0,3,1,1,295.92,0,2,377.05,USA,Smartvent 7900 #217,Datex-Ohmeda Inc,Smartvent,2007-10-29,44,2
PRK312,Infusion Pump,16,1,0,2,1,1,0.0,1,2,0.0,Ireland,Alaris GP #907,Medtronic,Alaris,1996-01-11,,1
PRK333,Physiologic Monitoring System,16,1,0,1,2,1,0.0,0,2,0.0,USA,CARESCAPE #910,GE Healthcare,GE,2003-02-08,,1
PRK342,Ventilator,7,0,0,3,1,1,0.0,0,2,0.0,USA,Smartvent 7900 #561,Datex-Ohmeda Inc,Smartvent,2002-05-03,,1
PRK333,Infusion Pump,3,1,0,2,1,1,66.08,0,2,645.84,Germany,Infusomat Space #625,B. Braun Melsungen AG,Infusomat,2018-11-06,41,2
PRK341,Infusion Pump,11,1,1,2,1,1,194.22,0,2,97.64,Germany,Infusomat Space #412,B. Braun Melsungen AG,Infusomat,2009-06-20,40,2
PRK330,Sphygmomanometers,19,0,2,1,1,1,393.46,0,2,276.36,Malaysia,MV-BP100 #421,Med-Vantage Sdn Bhd,MedVantage,2007-10-08,24,2
PRK342,Infusion Pump,14,1,0,2,1,1,0.0,0,2,0.0,Ireland,Alaris GP #191,Medtronic,Alaris,2004-04-07,,1
PRK341,Physiologic Monitoring System,22,1,0,1,1,1,4293.9,0,2,3603.14,Japan,Life Scope #704,Nihon Kohden Corp,Nihon Kohden,2016-12-31,9,2
PRK340,Infusion Pump,16,1,0,2,1,1,6.55,1,2,310.63,Ireland,Alaris GP #983,Medtronic,Alaris,2005-04-26,29,2
PRK330,Infusion Pump,30,1,0,2,1,1,0.0,0,2,0.0,Germany,Infusomat Space #911,B. Braun Melsungen AG,Infusomat,2009-01-24,,1
PRK340,Infusion Pump,11,0,0,2,1,1,211.13,0,2,1797.96,Germany,Infusomat Space #749,B. Braun Melsungen AG,Infusomat,2006-12-25,12,2
PRK300,Defibrillator,7,1,0,3,1,1,4.38,0,2,0.0,USA,Lifepak 20e #40,Physio-Control Inc,Lifepak,2004-04-05,19,3
PRK341,Infusion Pump,15,1,0,2,1,1,88.67,0,2,74.94,Germany,Infusomat Space #175,B. Braun Melsungen AG,Infusomat,2009-03-15,11,3
PRK319,Ventilator,20,1,0,3,2,1,0.0,1,2,0.0,USA,Smartvent 7900 #687,Datex-Ohmeda Inc,Smartvent,2003-10-26,,1
PRK358,Physiologic Monitoring System,10,0,0,1,1,1,12.27,0,2,536.12,Netherlands,IntelliVue #26,Koninklijke Philips N.V.,Philips,2020-10-10,12,2
PRK350,Infusion Pump,16,0,0,2,1,1,48.4,0,2,1022.48,Ireland,Alaris GP #354,Medtronic,Alaris,2009-04-12,2,3
PRK333,Infusion Pump,6,1,0,2,1,1,70.45,1,2,327.85,Germany,Infusomat Space #625,B. Braun Melsungen AG,Infusomat,2013-04-13,16,2
PRK358,Infusion Pump,16,1,0,2,1,1,513.42,0,2,19.15,USA,Sigma Spectrum #616,Baxter Healthcare Corp,Sigma,2003-06-27,8,2
PRK341,Infusion Pump,30,1,0,2,1,1,15.7,1,2,185.16,Germany,Infusomat Space #899,B. Braun Melsungen AG,Infusomat,2015-01-09,6,3
PRK311,Physiologic Monitoring System,6,1,0,1,1,1,105.1,1,2,46.78,USA,CARESCAPE #593,GE Healthcare,GE,2013-08-23,17,2
PRK342,Infusion Pump,10,1,0,2,1,1,289.01,0,2,0.0,Germany,Infusomat Space #345,B. Braun Melsungen AG,Infusomat,2020-03-28,9,2
PRK360,Infusion Pump,13,1,0,2,1,1,0.0,0,2,1584.8,Ireland,Alaris GP #87,Medtronic,Alaris,2008-12-20,38,2
PRK300,Physiologic Monitoring System,8,1,0,1,2,1,0.0,0,2,0.0,USA,CARESCAPE #532,GE Healthcare,GE,2011-02-28,,1
PRK319,Physiologic Monitoring System,6,1,0,1,1,1,3.96,1,2,63.28,USA,CARESCAPE #666,GE Healthcare,GE,2018-10-29,11,2
PRK341,Infusion Pump,9,0,0,2,1,1,2.97,0,2,6.13,Germany,Infusomat Space #864,B. Braun Melsungen AG,Infusomat,2009-04-13,9,2
PRK330,Physiologic Monitoring System,18,1,0,1,1,1,0.0,0,2,0.0,Netherlands,IntelliVue #180,Koninklijke Philips N.V.,Philips,2014-09-18,,1
PRK341,Infusion Pump,2,0,0,2,1,1,0.0,0,1,0.0,USA,Sigma Spectrum #958,Baxter Healthcare Corp,Sigma,2011-01-23,,1
PRK341,Physiologic Monitoring System,4,1,0,1,1,1,673.55,0,2,244.38,Japan,Life Scope #810,Nihon Kohden Corp,Nihon Kohden,2016-10-28,9,3
PRK350,Infusion Pump,8,1,0,2,1,1,516.47,1,2,0.0,Germany,Infusomat Space #612,B. Braun Melsungen AG,Infusomat,2011-04-08,12,3
PRK300,Infusion Pump,17,1,0,2,1,1,0.0,0,2,0.0,Ireland,Alaris GP #201,Medtronic,Alaris,2017-05-06,,1
PRK330,Infusion Pump,9,1,0,2,1,1,139.73,0,2,0.0,Ireland,Alaris GP #212,Medtronic,Alaris,2017-12-18,37,2
PRK358,Physiologic Monitoring System,5,0,0,1,1,1,26.06,0,2,528.57,Netherlands,IntelliVue #355,Koninklijke Philips N.V.,Philips,1995-05-16,9,2
PRK320,Physiologic Monitoring System,23,1,0,1,2,1,27.92,1,2,158.47,Netherlands,IntelliVue #969,Koninklijke Philips N.V.,Philips,2019-08-02,16,2
PRK333,Infusion Pump,10,0,1,2,1,1,0.0,0,2,0.0,Ireland,Alaris GP #818,Medtronic,Alaris,2015-02-28,,1
PRK300,Defibrillator,6,1,0,3,1,1,79.61,1,2,8932.87,Netherlands,HeartStart XL #277,Koninklijke Philips N.V.,HeartStart,2008-12-14,33,3
PRK319,Ventilator,13,0,0,3,2,1,127.5,1,2,6882.06,USA,Smartvent 7900 #246,Datex-Ohmeda Inc,Smartvent,2013-11-29,8,2
PRK330,Infusion Pump,13,1,0,2,1,1,18.0,1,2,358.8,Germany,Infusomat Space #75,B. Braun Melsungen AG,Infusomat,2007-09-19,31,2
PRK326,Physiologic Monitoring System,10,1,0,1,1,1,282.2,0,2,827.04,Japan,Life Scope #607,Nihon Kohden Corp,Nihon Kohden,2017-04-22,8,3
PRK342,Infusion Pump,5,1,0,2,1,1,498.46,0,2,1368803.83,USA,Sigma Spectrum #481,Baxter Healthcare Corp,Sigma,2012-09-30,37,3
PRK341,Radiographic System,17,1,0,1,1,1,0.0,0,2,0.0,Germany,Somatom #20,Siemens Healthineers,Siemens,2005-11-13,,1
PRK358,Infusion Pump,26,1,0,2,1,1,3491.3,1,2,673.13,USA,Sigma Spectrum #702,Baxter Healthcare Corp,Sigma,2017-06-07,7,2
PRK358,Infusion Pump,12,1,0,2,1,1,145.49,0,2,16276.04,Germany,Infusomat Space #78,B. Braun Melsungen AG,Infusomat,2012-08-19,36,2
PRK319,Infusion Pump,2,0,0,2,1,1,890.89,0,2,1469.32,Ireland,Alaris GP #90,Medtronic,Alaris,2018-01-22,24,2
PRK300,Infusion Pump,30,1,2,2,1,1,15.82,0,2,18394.23,USA,Sigma Spectrum #908,Baxter Healthcare Corp,Sigma,2011-04-12,9,3
PRK358,Physiologic Monitoring System,13,1,0,1,1,1,743.66,1,2,117.76,USA,CARESCAPE #946,GE Healthcare,GE,2008-02-24,20,2
PRK320,Infusion Pump,4,1,0,2,1,1,179.73,1,2,3347.08,Germany,Infusomat Space #52,B. Braun Melsungen AG,Infusomat,2005-03-15,33,3
PRK320,Infusion Pump,16,1,0,2,1,1,32.2,0,2,6413.79,USA,Sigma Spectrum #867,Baxter Healthcare Corp,Sigma,2014-06-18,32,2
PRK312,Infusion Pump,19,1,0,2,1,1,7.54,0,2,584.41,USA,Sigma Spectrum #249,Baxter Healthcare Corp,Sigma,2012-07-28,21,2
PRK342,Defibrillator,9,1,0,3,1,1,0.0,0,2,0.0,USA,Lifepak 20e #509,Physio-Control Inc,Lifepak,2001-05-01,,1
PRK319,Ventilator,2,0,0,3,1,1,221.94,1,2,1035.95,USA,Carestation 650 #839,Datex-Ohmeda Inc,Carestation,2005-02-26,29,2
PRK312,Infusion Pump,11,1,0,2,1,1,62.7,0,2,27.27,USA,Sigma Spectrum #600,Baxter Healthcare Corp,Sigma,2004-07-09,22,2
PRK333,Infusion Pump,4,1,0,2,1,1,0.0,0,2,0.0,Ireland,Alaris GP #571,Medtronic,Alaris,2010-08-31,,1
PRK342,Infusion Pump,13,1,0,2,1,1,22.7,0,2,173.98,Ireland,Alaris GP #552,Medtronic,Alaris,2007-05-03,29,2
PRK319,Defibrillator,5,0,0,3,1,1,5.05,1,2,4405.83,Netherlands,HeartStart XL #268,Koninklijke Philips N.V.,HeartStart,2017-01-20,23,2
PRK342,Physiologic Monitoring System,12,1,0,1,1,1,0.0,0,2,0.0,Japan,Life Scope #274,Nihon Kohden Corp,Nihon Kohden,2005-01-17,,1
PRK330,Physiologic Monitoring System,6,1,0,1,1,1,10.24,0,1,2726.55,Japan,Life Scope #243,Nihon Kohden Corp,Nihon Kohden,2007-12-30,15,2
PRK330,Defibrillator,11,1,0,3,1,1,302.45,0,2,9268.46,Netherlands,HeartStart XL #846,Koninklijke Philips N.V.,HeartStart,2004-09-21,23,2
PRK320,Infusion Pump,16,1,0,2,2,1,0.0,1,2,0.0,Germany,Infusomat Space #266,B. Braun Melsungen AG,Infusomat,2010-01-16,,1
PRK311,Physiologic Monitoring System,17,1,0,1,1,1,0.0,0,2,0.0,USA,CARESCAPE #848,GE Healthcare,GE,2010-12-28,,1
PRK320,Infusion Pump,4,0,0,2,1,1,27.68,0,2,5076.39,Ireland,Alaris GP #322,Medtronic,Alaris,2009-04-30,11,2
PRK358,Infusion Pump,7,1,0,2,1,1,50.57,0,2,26.26,USA,Sigma Spectrum #723,Baxter Healthcare Corp,Sigma,2010-12-12,14,2
PRK310,Infusion Pump,7,0,0,2,1,1,3.86,0,2,3705.78,Germany,Infusomat Space #316,B. Braun Melsungen AG,Infusomat,1997-10-09,25,2
PRK360,Infusion Pump,11,1,2,2,1,1,20.11,1,2,2286.88,Germany,Infusomat Space #250,B. Braun Melsungen AG,Infusomat,2016-04-05,35,2
PRK310,Sphygmomanometers,20,1,1,1,1,1,54.04,1,2,1597.47,USA,DS66 #465,Welch Allyn Inc,Welch Allyn,2020-09-04,21,2
PRK320,Infusion Pump,8,1,0,2,2,1,62.84,0,1,73.08,Germany,Infusomat Space #785,B. Braun Melsungen AG,Infusomat,2014-01-31,17,2
PRK341,Ventilator,12,1,1,3,1,1,0.0,1,2,604.99,USA,Smartvent 7900 #396,Datex-Ohmeda Inc,Smartvent,2000-02-15,20,2
PRK358,Physiologic Monitoring System,8,1,0,1,1,1,0.0,0,2,0.0,Netherlands,IntelliVue #991,Koninklijke Philips N.V.,Philips,2020-08-16,,1
PRK311,Physiologic Monitoring System,5,0,0,1,1,1,0.0,1,2,0.0,Japan,Life Scope #781,Nihon Kohden Corp,Nihon Kohden,2008-03-02,,1
PRK311,Defibrillator,2,0,0,3,1,1,31.89,0,1,30.08,Netherlands,HeartStart XL #302,Koninklijke Philips N.V.,HeartStart,2020-10-23,16,2
PRK341,Infusion Pump,6,1,0,2,1,1,577.76,0,2,274.21,Germany,Infusomat Space #836,B. Braun Melsungen AG,Infusomat,2014-04-11,41,2
PRK319,Infusion Pump,3,0,0,2,1,1,0.0,1,2,0.0,Germany,Infusomat Space #688,B. Braun Melsungen AG,Infusomat,2005-07-24,,1
PRK341,Infusion Pump,3,1,0,2,1,1,20.89,1,2,414.26,Germany,Infusomat Space #528,B. Braun Melsungen AG,Infusomat,2015-05-30,20,2
PRK358,Infusion Pump,11,1,0,2,1,1,383.85,1,2,47786.16,Germany,Infusomat Space #377,B. Braun Melsungen AG,Infusomat,2008-12-19,35,3
PRK300,Defibrillator,12,1,0,3,3,1,0.0,0,2,0.0,Netherlands,HeartStart XL #30,Koninklijke Philips N.V.,HeartStart,2019-03-01,,1
PRK358,Infusion Pump,17,1,0,2,1,1,0.0,1,2,3262.77,Ireland,Alaris GP #921,Medtronic,Alaris,2016-08-17,27,3
PRK300,Infusion Pump,1,1,0,2,1,1,8.27,0,2,963.55,USA,Sigma Spectrum #580,Baxter Healthcare Corp,Sigma,2018-05-14,52,2
PRK358,Infusion Pump,15,1,0,2,2,1,34.56,0,2,232.78,Ireland,Alaris GP #900,Medtronic,Alaris,2012-09-10,15,3
PRK360,Infusion Pump,0,0,0,2,1,1,646.58,0,2,31766.72,Germany,Infusomat Space #358,B. Braun Melsungen AG,Infusomat,2018-04-27,58,2
PRK341,Physiologic Monitoring System,5,0,0,1,1,1,76.51,0,1,0.0,Japan,Life Scope #890,Nihon Kohden Corp,Nihon Kohden,2005-02-18,39,3
PRK360,Infusion Pump,8,1,0,2,1,1,2.43,0,2,763.26,Ireland,Alaris GP #206,Medtronic,Alaris,2015-04-27,38,2
PRK358,Physiologic Monitoring System,5,0,0,1,1,1,27.38,1,2,535.17,Japan,Life Scope #706,Nihon Kohden Corp,Nihon Kohden,2013-02-02,47,2
PRK300,Physiologic Monitoring System,9,1,0,1,1,1,88.25,0,2,27.06,Netherlands,IntelliVue #505,Koninklijke Philips N.V.,Philips,2003-05-27,42,2
PRK300,Ventilator,10,1,0,3,1,1,92.12,0,2,1804.87,USA,Carestation 650 #567,Datex-Ohmeda Inc,Carestation,2012-08-07,9,2
PRK300,Infusion Pump,0,0,0,2,1,1,39.89,0,2,6144.67,USA,Sigma Spectrum #997,Baxter Healthcare Corp,Sigma,2017-02-14,54,2
PRK330,Physiologic Monitoring System,13,1,0,1,3,1,0.0,1,2,174.78,Netherlands,IntelliVue #330,Koninklijke Philips N.V.,Philips,2018-05-11,31,2
PRK341,Infusion Pump,6,0,0,2,2,1,156.71,0,2,331.18,Ireland,Alaris GP #302,Medtronic,Alaris,2006-04-25,17,2
PRK333,Infusion Pump,15,1,0,2,1,1,41.55,1,2,99.01,Germany,Infusomat Space #628,B. Braun Melsungen AG,Infusomat,2012-06-20,14,2
PRK342,Physiologic Monitoring System,15,1,2,1,1,1,83.7,0,2,40587.78,USA,CARESCAPE #109,GE Healthcare,GE,2017-10-27,28,2
PRK330,Physiologic Monitoring System,9,1,0,1,1,1,42.39,0,2,1771.45,Netherlands,IntelliVue #763,Koninklijke Philips N.V.,Philips,2017-05-21,15,2
PRK300,Infusion Pump,17,1,0,2,1,1,60.41,1,2,13544.92,Germany,Infusomat Space #112,B. Braun Melsungen AG,Infusomat,2015-04-06,17,3
PRK319,Defibrillator,4,0,0,3,1,1,76.96,0,2,253.97,USA,Lifepak 20e #911,Physio-Control Inc,Lifepak,2005-10-07,41,3
PRK360,Infusion Pump,5,0,0,2,1,1,0.0,1,2,0.0,Germany,Infusomat Space #322,B. Braun Melsungen AG,Infusomat,2003-09-12,,1
PRK320,Physiologic Monitoring System,1,1,0,1,1,1,127.79,0,2,18.0,Netherlands,IntelliVue #639,Koninklijke Philips N.V.,Philips,2010-07-28,6,2
PRK320,Radiographic System,13,1,0,1,1,1,54.92,0,2,165.61,Japan,Aquilion #570,Canon Inc (Toshiba Medical),Canon,2018-02-06,36,3
PRK311,Infusion Pump,9,0,0,2,1,1,26.36,0,1,70578.15,USA,Sigma Spectrum #550,Baxter Healthcare Corp,Sigma,2019-10-28,11,2
PRK360,Ventilator,8,1,0,3,1,1,180.12,1,2,1692.33,UK,Blease 8200p #131,Blease Medical Equipment Ltd,Blease,2002-11-18,19,2
PRK319,Physiologic Monitoring System,7,1,0,1,1,1,96.68,0,2,310.87,Japan,Life Scope #417,Nihon Kohden Corp,Nihon Kohden,2005-08-06,49,2
PRK341,Ventilator,6,0,0,3,1,1,45.93,0,1,9.62,Germany,Evita V500 #753,Drager Medical AG & Co KGaA,Evita,2015-03-11,33,2
PRK300,Physiologic Monitoring System,3,1,0,1,2,1,31.56,0,2,1007.61,Netherlands,IntelliVue #495,Koninklijke Philips N.V.,Philips,2019-05-10,20,2
PRK300,Physiologic Monitoring System,3,0,0,1,1,1,61.44,1,2,252.33,Netherlands,IntelliVue #938,Koninklijke Philips N.V.,Philips,2002-01-25,22,2
PRK342,Infusion Pump,26,1,0,2,1,1,16.42,1,2,4669.71,USA,Sigma Spectrum #649,Baxter Healthcare Corp,Sigma,2008-01-11,6,2
PRK341,Physiologic Monitoring System,12,1,1,1,1,1,0.0,1,2,0.0,Netherlands,IntelliVue #990,Koninklijke Philips N.V.,Philips,2017-11-25,,1
PRK342,Infusion Pump,8,1,0,2,1,1,927.56,0,2,5147.8,Germany,Infusomat Space #727,B. Braun Melsungen AG,Infusomat,2009-03-31,29,3
PRK319,Sphygmomanometers,7,0,0,1,1,1,975.97,0,2,234.28,USA,DS66 #549,Welch Allyn Inc,Welch Allyn,2009-05-20,19,2
PRK360,Infusion Pump,11,1,0,2,1,1,0.0,1,2,61.25,USA,Sigma Spectrum #129,Baxter Healthcare Corp,Sigma,2011-05-16,29,2
PRK340,Infusion Pump,19,1,0,2,1,1,0.0,1,2,0.0,USA,Sigma Spectrum #100,Baxter Healthcare Corp,Sigma,2012-09-16,,1
PRK360,Defibrillator,10,1,0,3,1,1,37.16,1,1,43447.79,USA,Lifepak 20e #212,Physio-Control Inc,Lifepak,2019-02-07,23,2
PRK312,Infusion Pump,30,0,0,2,1,1,140.05,1,2,3501.92,USA,Sigma Spectrum #832,Baxter Healthcare Corp,Sigma,2018-07-16,8,3
PRK330,Infusion Pump,13,0,0,2,1,1,0.0,1,2,0.0,USA,Sigma Spectrum #417,Baxter Healthcare Corp,Sigma,2011-09-25,,1
PRK320,Physiologic Monitoring System,6,0,0,1,2,1,79.85,0,2,193.1,USA,CARESCAPE #869,GE Healthcare,GE,2016-02-18,14,2
PRK342,Infusion Pump,3,0,0,2,1,1,0.0,0,2,0.0,Ireland,Alaris GP #489,Medtronic,Alaris,2006-10-27,,1
PRK342,Infusion Pump,18,1,0,2,1,1,1402.96,1,2,1479.43,Germany,Infusomat Space #288,B. Braun Melsungen AG,Infusomat,2017-12-02,20,2
PRK333,Infusion Pump,4,1,0,2,1,1,7.7,0,2,0.0,Ireland,Alaris GP #818,Medtronic,Alaris,2008-09-14,59,2
PRK300,Infusion Pump,15,1,0,2,1,1,257.88,0,2,3831.51,Ireland,Alaris GP #587,Medtronic,Alaris,2001-06-16,9,3
PRK312,Infusion Pump,11,1,0,2,1,1,13.47,0,2,1153.16,USA,Sigma Spectrum #130,Baxter Healthcare Corp,Sigma,2005-09-11,18,2
PRK300,Infusion Pump,2,0,0,2,2,1,1.64,0,2,501.22,USA,Sigma Spectrum #308,Baxter Healthcare Corp,Sigma,2004-02-22,43,2
PRK358,Infusion Pump,11,1,0,2,1,1,312.18,1,1,11501.37,Germany,Infusomat Space #143,B. Braun Melsungen AG,Infusomat,2003-02-10,28,3
PRK319,Infusion Pump,12,0,0,2,2,1,77.23,1,2,120.88,USA,Sigma Spectrum #686,Baxter Healthcare Corp,Sigma,2017-06-08,29,3
PRK311,Infusion Pump,7,1,0,2,1,1,4.93,0,2,196.01,USA,Sigma Spectrum #722,Baxter Healthcare Corp,Sigma,2015-01-15,31,2
PRK320,Physiologic Monitoring System,6,0,0,1,1,1,0.0,0,2,0.0,Netherlands,IntelliVue #759,Koninklijke Philips N.V.,Philips,2017-02-18,,1
PRK300,Physiologic Monitoring System,7,0,0,1,1,1,30.19,0,2,0.0,Japan,Life Scope #266,Nihon Kohden Corp,Nihon Kohden,2010-12-14,36,2
PRK360,Infusion Pump,18,1,0,2,2,1,1534.54,1,2,0.0,Ireland,Alaris GP #340,Medtronic,Alaris,1995-08-22,19,2
PRK319,Infusion Pump,6,1,0,2,1,1,4.59,0,2,66.37,USA,Sigma Spectrum #422,Baxter Healthcare Corp,Sigma,2010-07-23,11,2
PRK358,Defibrillator,1,1,0,3,1,1,18.59,0,1,409.69,Netherlands,HeartStart XL #21,Koninklijke Philips N.V.,HeartStart,2016-06-22,48,2
PRK342,Physiologic Monitoring System,9,1,0,1,1,1,0.0,0,2,0.0,Japan,Life Scope #899,Nihon Kohden Corp,Nihon Kohden,2011-03-31,,1
PRK340,Infusion Pump,1,1,0,2,1,1,26.93,0,2,28887.51,Germany,Infusomat Space #398,B. Braun Melsungen AG,Infusomat,2001-04-13,32,2
PRK333,Infusion Pump,11,1,0,2,1,1,0.0,0,2,0.0,USA,Sigma Spectrum #199,Baxter Healthcare Corp,Sigma,2004-06-19,7,3
PRK342,Infusion Pump,3,0,1,2,1,1,87.42,0,2,4919.96,Ireland,Alaris GP #218,Medtronic,Alaris,2007-08-21,28,2
PRK342,Ventilator,7,0,0,3,1,1,419.94,0,2,5.83,USA,Carestation 650 #54,Datex-Ohmeda Inc,Carestation,2015-03-14,25,3
PRK300,Defibrillator,3,1,0,3,1,1,0.0,0,2,0.0,USA,Lifepak 20e #419,Physio-Control Inc,Lifepak,2005-06-29,,1
PRK358,Defibrillator,22,1,0,3,1,1,39.51,0,2,52.88,Netherlands,HeartStart XL #979,Koninklijke Philips N.V.,HeartStart,2003-04-25,4,2
PRK320,Infusion Pump,11,1,0,2,1,1,0.0,0,2,0.0,Ireland,Alaris GP #981,Medtronic,Alaris,2018-01-17,,1
PRK320,Infusion Pump,3,0,0,2,1,1,25.75,0,2,13282.73,Ireland,Alaris GP #333,Medtronic,Alaris,2008-12-02,56,2
PRK330,Infusion Pump,10,1,0,2,2,1,0.0,1,2,0.0,USA,Sigma Spectrum #34,Baxter Healthcare Corp,Sigma,2007-06-24,,1
PRK342,Infusion Pump,3,0,0,2,1,1,0.0,0,2,0.0,Germany,Infusomat Space #138,B. Braun Melsungen AG,Infusomat,2006-11-16,,1
PRK326,Infusion Pump,7,1,0,2,1,1,0.0,1,2,0.0,USA,Sigma Spectrum #332,Baxter Healthcare Corp,Sigma,2000-09-08,,1
PRK326,Physiologic Monitoring System,19,1,0,1,1,1,5.7,0,2,109.06,Japan,Life Scope #627,Nihon Kohden Corp,Nihon Kohden,1994-08-04,9,2
PRK300,Infusion Pump,11,1,0,2,1,1,20.7,1,2,219.18,Germany,Infusomat Space #498,B. Braun Melsungen AG,Infusomat,2010-08-16,18,2
PRK330,Defibrillator,4,1,0,3,1,1,222.24,0,2,129.5,Netherlands,HeartStart XL #704,Koninklijke Philips N.V.,HeartStart,2009-10-02,29,2
PRK311,Infusion Pump,2,1,0,2,1,1,186.98,0,1,188.92,USA,Sigma Spectrum #479,Baxter Healthcare Corp,Sigma,2013-10-18,50,2
PRK358,Infusion Pump,13,0,0,2,1,1,48.32,0,2,388.27,Ireland,Alaris GP #556,Medtronic,Alaris,2005-06-13,30,2
PRK320,Defibrillator,25,1,1,3,1,1,36.74,0,2,13497.3,Netherlands,HeartStart XL #209,Koninklijke Philips N.V.,HeartStart,2016-03-13,14,3
PRK360,Physiologic Monitoring System,7,1,0,1,1,1,57.18,0,2,2474.9,Netherlands,IntelliVue #490,Koninklijke Philips N.V.,Philips,1997-07-11,17,2
PRK342,Infusion Pump,18,0,0,2,1,1,25.76,1,2,0.0,Germany,Infusomat Space #771,B. Braun Melsungen AG,Infusomat,2011-10-21,7,2
PRK342,Physiologic Monitoring System,12,1,0,1,1,1,0.0,0,2,0.0,Japan,Life Scope #166,Nihon Kohden Corp,Nihon Kohden,2005-02-19,,1
PRK360,Infusion Pump,12,0,0,2,1,1,0.0,1,2,0.0,Germany,Infusomat Space #293,B. Braun Melsungen AG,Infusomat,2008-10-08,,1
PRK319,Infusion Pump,3,0,0,2,1,1,96.61,0,1,2.06,USA,Sigma Spectrum #636,Baxter Healthcare Corp,Sigma,1996-05-12,48,2
PRK340,Infusion Pump,7,1,0,2,2,1,8.07,0,2,128.48,Germany,Infusomat Space #169,B. Braun Melsungen AG,Infusomat,2016-11-22,26,3
PRK300,Infusion Pump,8,1,0,2,1,1,19.06,1,2,37.03,USA,Sigma Spectrum #488,Baxter Healthcare Corp,Sigma,2019-05-26,29,2
PRK310,Physiologic Monitoring System,1,1,0,1,1,1,18.62,0,2,268.61,Japan,Life Scope #855,Nihon Kohden Corp,Nihon Kohden,2014-11-08,10,2
